Country Code,Country Name,Year,political_stability_score_0_100,coal_rents_pct_gdp,forest_rents_pct_gdp,mineral_rents_pct_gdp,gdp_growth_pct,natural_gas_rents_pct_gdp,gdp_per_capita_growth_pct,oil_rents_pct_gdp,total_resource_rents_pct_gdp,poverty_gap_3usd_pct,gini_index
ALB,Albania,2002,54.7135105,0.000288281866863831,0.0665511639246422,0.0,4.62839587394552,0.0117918086634504,4.94262296313663,0.687177627386246,0.765808881841202,0.7,31.7
ALB,Albania,2005,55.4743215,0.00307121885230359,0.0479782810465882,0.0251232422071704,5.13082193056189,0.00402406818681407,5.67025027957055,1.02095374629243,1.10115055658531,0.4,30.6
ALB,Albania,2008,65.4214943,0.0139175166136866,0.0697141078407692,0.0787066226839956,6.90706230713707,0.00841142402522897,7.73056161381389,1.60465469310703,1.77540436427071,0.1,30.0
ALB,Albania,2012,59.5782307,0.000344303375981144,0.182521793382718,0.16577444361184,0.984129880204108,0.0164608412977661,2.5545386692104,2.86635104305394,3.23145242472225,0.4,29.0
ALB,Albania,2014,70.3506685,0.0,0.169259561262758,0.1053812583674,2.24022695382642,0.0201834576696399,3.83017022939833,3.12207615711342,3.41690043441322,0.6,34.6
ALB,Albania,2015,68.0342241,0.00598268561789345,0.191365197131665,0.0657948465115933,2.2277040745779,0.019112954317569,3.81743447071763,1.45260618469079,1.73486186826951,0.1,32.8
ALB,Albania,2016,68.7294282,0.000391513069921201,0.157023419526358,0.00269413280085731,3.90893551362245,0.0139612587019387,5.52482598081943,0.884410718287188,1.05848104238626,0.1,33.7
ALB,Albania,2017,68.6928685,0.0175811937920141,0.183422579574961,0.0,3.28317593330073,0.0188963304814835,4.88935288088643,1.12614227560188,1.34604237945034,0.2,33.1
ALB,Albania,2018,68.4601043,0.0379024712234031,0.140052548330499,0.04086882669798,3.67141928098908,0.022458616306127,5.28357949627288,1.46983381887842,1.71111628143642,0.1,30.1
ALB,Albania,2019,65.9691253,0.00880735103673773,0.138045383470044,0.0363885551416296,2.06257790176122,0.0273613999739918,3.64975808463876,1.42437109584124,1.63497378546365,0.0,30.1
ALB,Albania,2020,65.8092347,0.010128655381407,0.134209573343306,0.038933811291737,-3.31375636888916,0.0098718761210861,-1.81016536329729,0.582225701330423,0.775369617467959,0.0,29.4
DZA,Algeria,2011,41.3613393,0.0,0.127015928820299,0.155584161415637,2.99999999941909,3.27268025363181,1.00399237129356,25.0260096148481,28.5812899587159,0.0,27.6
AGO,Angola,2000,24.1204769,0.0,1.43272575752332,0.0,3.05462423452938,0.196300643661974,-0.302928309017702,57.5134839616206,59.1425103628059,11.9,51.9
AGO,Angola,2008,57.8430134,0.0,0.402778953529197,0.0,10.7866360496581,0.0566358779076589,6.67888592419779,52.1013581243545,52.5607729557913,6.7,42.7
AGO,Angola,2018,58.96248,0.0,0.569460443966289,0.0,-0.506697543616156,0.74554243174425,-3.88378811597828,30.7304027285905,32.045405604301,16.3,51.3
ARG,Argentina,2000,64.9216269,0.0,0.0400915626044695,0.00202036861517756,-0.78899893905691,0.282821013547511,-1.90684139222867,2.03921231896402,2.36414526373118,3.3,51.0
ARG,Argentina,2001,,0.000105262139048161,0.0391527058715377,0.00111911886452934,-4.40883968258557,0.29987415057312,-5.45263903304014,1.57828961704899,1.91854085449722,5.4,53.3
ARG,Argentina,2002,54.6425142,0.0,0.196348319907021,0.199715933167191,-10.8944848285903,0.646827117703421,-11.8423138177008,4.58801102253871,5.63090239331634,6.9,53.8
ARG,Argentina,2003,61.6145658,1.55229412714307e-08,0.143363238318986,0.189784357636658,8.83704079576924,0.415641192852899,7.71839038006088,3.79526357487009,4.54405237920157,3.0,51.0
ARG,Argentina,2004,60.2836786,0.000589833612996575,0.10675086525158,0.226514483940778,9.02957330068152,0.333214519684995,7.92951713016532,3.62815045579444,4.29522015828479,2.1,48.5
ARG,Argentina,2005,67.3157037,0.00014649815944316,0.0989381386746484,0.208636458798292,8.85165992013437,0.518722288899288,7.73898107569444,4.36083044381745,5.18727382834912,1.5,47.8
ARG,Argentina,2006,67.2858656,0.000493514077944306,0.100092589484241,0.550799857825752,8.04715150043027,0.633332833614627,6.94185160089025,4.49089064691066,5.77560944191323,1.2,46.4
ARG,Argentina,2007,69.3808931,0.00093828300809848,0.0952376049006657,0.431152490862906,9.00765087504757,0.605509596028324,7.93261011269163,3.70577772027876,4.83861569507875,1.0,46.3
ARG,Argentina,2008,66.0866672,0.00178004516890595,0.0869411331555462,0.308451843578567,4.05723310346406,0.513205960913271,3.00856892610517,4.03900096602208,4.94937994883837,0.9,45.0
ARG,Argentina,2009,62.7380535,0.000405148913247297,0.0990673892424989,0.299002837971809,-5.91852507634947,0.5753366974209,-6.9103121153056,2.12453488071178,3.09834695426024,0.8,43.8
ARG,Argentina,2010,64.2279773,0.000565427392479258,0.11906716574484,0.522757302492207,10.1253981561002,0.309484878442217,8.96819672899282,2.30522041977185,3.25709519384359,0.5,43.7
ARG,Argentina,2011,67.9502203,0.000916237380871877,0.085001252971464,0.516427776041125,6.00395169280579,0.538827310390617,4.88127252804149,2.74533146547491,3.88650404225898,0.4,42.7
ARG,Argentina,2012,67.2692554,0.000602582816122011,0.0925680732688514,0.43194166388869,-1.0264204544321,0.544036864497816,-2.0383253093713,2.55649872416885,3.62564790864033,0.4,41.4
ARG,Argentina,2013,66.4491046,0.000403415290181379,0.113735612627551,0.230446181526568,2.40532378079436,0.5571291088583,1.39351266056681,2.25387298647688,3.15558730477948,0.4,41.1
ARG,Argentina,2014,65.6687607,0.000240146435852241,0.0994732733400688,0.237871846918485,-2.51261532081394,0.535325276913858,-3.51326421042003,2.09270565105548,2.96561619466374,0.4,41.8
ARG,Argentina,2016,69.1957678,8.00634259462361e-05,0.115269172803386,0.145541934044561,-2.08032784377811,0.119238339223091,-3.02450095578762,0.549552011638029,0.929681521135013,0.4,42.3
ARG,Argentina,2017,69.9838411,7.90800456830933e-05,0.121719644809335,0.103008865365039,2.81850297775918,0.132192711472979,1.91639608148853,0.663565866238942,1.02056616793198,0.4,41.4
ARG,Argentina,2018,67.9516636,0.000348869953405893,0.141933579237551,0.182567164137328,-2.61739646282038,0.401322114717452,-3.41553683867816,1.31095340723836,2.0371251352841,0.6,41.7
ARG,Argentina,2019,66.8707383,0.000523970165766831,0.164312356166249,0.187297066049264,-2.00086100285785,0.523559339823675,-2.69506723533574,1.29099565501431,2.16668838721926,0.6,43.3
ARG,Argentina,2020,66.8381534,9.62586968364024e-05,0.196741025437941,0.257461778111357,-9.9004848136464,0.298269697229754,-10.3361096878518,0.677055565819106,1.42962432529499,0.7,42.7
ARG,Argentina,2021,67.4693134,0.000157746419195732,0.138885076654013,0.580266654524776,10.4418119882506,0.389397123451652,10.1485599877349,1.54438228879011,2.65308888983975,0.6,42.4
ARM,Armenia,2001,,0.0,0.0189809301890275,0.280957151718485,9.59999999927597,0.0,9.91735475361723,0.0,0.299938081907512,5.8,35.4
ARM,Armenia,2002,61.2990584,0.0,0.0205388804190758,0.570610604200193,13.1999999979356,0.0,13.6245265308361,0.0,0.591149484619269,4.3,34.8
ARM,Armenia,2003,66.8831156,0.0,0.0270693378278766,0.00616525937825295,14.0000000015501,0.0,14.6197014940959,0.0,0.0332345972061296,2.9,33.0
ARM,Armenia,2004,62.1107402,0.0,0.0217229048828517,0.0,10.4999999988202,0.0,11.1144901880771,0.0,0.0217229048828517,2.4,37.5
ARM,Armenia,2005,63.9139423,0.0,0.0102574769913297,0.0,13.8999999991133,0.0,14.5697018806234,0.0,0.0102574769913297,1.3,36.0
ARM,Armenia,2006,62.742575,0.0,0.0158025574327042,0.0,13.1999999994661,0.0,13.8986537041733,0.0,0.0158025574327042,0.8,29.7
ARM,Armenia,2007,68.9086074,0.0,0.00929597821347469,0.0,13.7000000015467,0.0,14.4208244850475,0.0,0.00929597821347469,0.7,31.2
ARM,Armenia,2008,63.4800457,0.0,0.21347522521498,0.0,6.90000000042959,0.0,7.60294775074826,0.0,0.21347522521498,0.4,29.2
ARM,Armenia,2009,68.4554069,0.0,0.341265924113438,0.0329940571447964,-14.1000000006998,0.0,-13.5088421403002,0.0,0.374259981258235,0.5,28.0
ARM,Armenia,2010,66.1868696,0.0,0.298060138765546,2.35660274177231,2.2000000002151,0.0,2.91158696816194,0.0,2.65466288053785,0.5,30.0
ARM,Armenia,2011,63.4595307,0.0,0.453641311083357,2.46981729034823,4.69999999867412,0.0,5.28437530828725,0.0,2.92345860143158,0.5,29.4
ARM,Armenia,2012,66.8552572,0.0,0.352992096680731,1.13714199278089,7.20000000096486,0.0,7.33470454115984,0.0,1.49013408946162,0.4,29.6
ARM,Armenia,2013,65.4130594,0.0,0.232663137616509,0.864490764141563,3.3,0.0,3.37178358702843,0.0,1.09715390175807,0.7,30.6
ARM,Armenia,2014,61.8660138,0.0,0.240876216409776,0.0660727004667361,3.60000000058993,0.0,3.88187670110254,0.0,0.306948916876512,0.6,31.5
ARM,Armenia,2015,63.5155345,0.0,0.264168427424323,0.495863085049133,3.19999999896625,0.0,3.51599547257022,0.0,0.760031512473456,0.5,32.4
ARM,Armenia,2016,59.239383,0.0,0.22181770783942,0.0,0.199999999825991,0.0,0.611877151180408,0.0,0.22181770783942,0.4,32.5
ARM,Armenia,2017,60.7427842,1.46665818859353e-06,0.245814381119762,0.0,7.50000000164144,0.0,7.96544606461424,0.0,0.245815847777951,0.4,33.6
ARM,Armenia,2018,65.8279441,2.43835282054823e-06,0.272305003062721,0.826353694969198,5.19999999965324,0.0,5.56850117850011,0.0,1.09866113638474,0.5,34.4
ARM,Armenia,2019,67.0622606,1.63312356514246e-06,0.253208975877378,1.94779106048196,7.59999999853918,0.0,7.83608438672164,0.0,2.20100166948291,0.4,30.0
ARM,Armenia,2020,60.8795173,1.48770502333102e-06,0.270231800388572,2.15167222262452,-7.19999999920631,0.0,-7.16866452731679,0.0,2.42190551071811,0.2,25.1
ARM,Armenia,2021,57.3211381,2.759777831075e-06,0.267728589079385,6.78656847475307,5.80000000065645,0.0,5.77142760758333,0.0,7.05429982361028,0.3,27.9
AUS,Australia,2001,,0.63498237850381,0.197341434480785,1.14917513979889,2.03145880248898,0.562124106792889,0.729781869182801,0.720452604163645,3.26407566374002,0.6,33.5
AUS,Australia,2003,81.8304827,0.230063115657696,0.2102581861947,0.756897930134733,3.0912800997751,0.5084006809536,1.91232481392237,0.757626170343175,2.4632460832839,0.8,33.5
AUS,Australia,2004,81.3798633,0.933946347350269,0.116855911311814,0.902925008259013,4.21894147547516,0.448804277256907,3.11057041061613,0.73789012235773,3.14042166653573,0.5,33.1
AUS,Australia,2008,84.8222414,2.95865213970117,0.174035554206942,4.12640450969226,3.62398503565633,0.331366192668345,1.56811983624921,0.935960985495543,8.52641938176426,0.4,35.4
AUS,Australia,2010,83.023981,2.01394646953452,0.131511794320502,4.85534836205351,2.21004795300735,0.358939187120881,0.632264496011231,0.706854443143111,8.06660025617252,0.3,34.7
AUS,Australia,2014,83.3110083,0.752873824759254,0.119339115845237,2.91578772030696,2.60118978187332,0.484066275281438,1.08218148890933,0.488872500922202,4.76093943711509,0.4,34.4
AUS,Australia,2016,82.1915809,0.595294475037987,0.136536318126729,2.58843372469939,2.75564065529868,0.587554401448582,1.16312811538609,0.173168975942925,4.08098789525561,0.3,33.7
AUS,Australia,2018,80.9961371,0.79660582885988,0.178301252410937,2.86105597221835,2.87417039499501,1.12681291351523,1.3466306507712,0.264744671813473,5.22752063881788,0.4,34.3
AUS,Australia,2020,81.0276612,0.544915652209042,0.146270882481624,4.08804723201659,-0.133531904304775,1.20573602321749,-1.35774770320791,0.108188865636013,6.09315865556076,0.6,33.8
AUT,Austria,2000,84.218019,0.000464061351706893,0.0651236639747512,0.00670765421289272,3.18952292988787,0.0213333873225911,2.94168464206538,0.0610377226881713,0.154666489550113,0.1,29.0
AUT,Austria,2003,83.2144596,0.000387887474053995,0.0802294236283112,0.0018586610815492,1.14156504542775,0.0301419304528529,0.650068295894712,0.0392050238257237,0.151822926462491,0.3,29.5
AUT,Austria,2004,82.2026191,0.000657103641540715,0.0583246456297459,0.00195331095639147,2.56525534067859,0.0224294750284273,1.93089688878541,0.048536725746942,0.131901261003047,0.1,29.8
AUT,Austria,2005,84.1336035,0.0,0.0573129048511476,0.0134942473857179,2.32036514266782,0.0151465240868567,1.62565909591297,0.060495702750532,0.146449379074254,0.1,28.7
AUT,Austria,2006,84.0574947,0.0,0.070839342104381,0.0140032235645494,3.26933601506059,0.0351944312048777,2.75962370061296,0.0662743642127353,0.186311361086543,0.1,29.6
AUT,Austria,2007,88.4078947,0.0,0.0842451117033144,0.0335893715818356,3.77522468729185,0.0319127148875307,3.43938549159965,0.0586899562102081,0.208437154382889,0.3,30.6
AUT,Austria,2008,89.0714551,0.0,0.0871727827510356,0.0395731955644204,1.45330562142114,0.0429913930065737,1.13621131218787,0.0884445033789297,0.258181874700959,0.3,30.4
AUT,Austria,2009,87.9338889,0.0,0.0676794754169261,0.0109726740699417,-3.58626472551299,0.0355173563880205,-3.83849307623562,0.0534302351399535,0.167599741014842,0.5,31.5
AUT,Austria,2010,87.4201427,0.0,0.0773723681017506,0.0450193099135956,1.80898243043663,0.0339847636937159,1.56453337880819,0.0599149361185314,0.216291377827594,0.4,30.3
AUT,Austria,2011,86.7468885,0.0,0.075243064065297,0.048877479628096,2.92746800169145,0.0467239804320505,2.5811033185299,0.073845969443668,0.244690493569111,0.3,30.8
AUT,Austria,2012,88.1333917,0.0,0.0679891570146919,0.0307473608248429,0.628246239479637,0.055437461757175,0.170488694211613,0.0843342386593595,0.238508218256069,0.5,30.5
AUT,Austria,2013,87.880924,0.0,0.0684712317894555,0.0336027672129773,-0.250726423318454,0.0416512097457698,-0.836906795346636,0.0749501568832041,0.218675365631407,0.2,30.8
AUT,Austria,2014,88.7461087,0.0,0.0701527528524636,0.0184179467949886,0.755798850316665,0.0263618098266118,-0.0285805465757676,0.0769140310885635,0.191846540562628,0.2,30.5
AUT,Austria,2015,85.3497468,0.0,0.0698859054018485,0.00914672765296442,1.30352331826198,0.0216007474240721,0.174259722821304,0.0340776955534437,0.134711076032329,0.5,30.5
AUT,Austria,2016,81.1856062,0.0,0.0643917677163476,0.0117424269050884,2.11721964494312,0.011656370171843,1.01887723192984,0.0232518762283344,0.111042441021613,0.5,30.8
AUT,Austria,2017,81.7238355,0.0,0.0599693477007981,0.0153952766102023,2.27224992038207,0.0164285466528456,1.56430689663536,0.0301638333518207,0.121957004315667,0.2,29.7
AUT,Austria,2018,80.3126544,0.0,0.0782044589524903,0.0,2.48422114080024,0.0198917686011633,1.98626296400239,0.0426588456107289,0.140755073164382,0.5,30.8
AUT,Austria,2019,79.3514625,0.0,0.0605276373347633,0.0,1.75497619649288,0.0126697674134977,1.30350317565873,0.0368255085399603,0.110022913288221,0.5,30.2
AUT,Austria,2020,79.8779243,0.0,0.0483056211040267,0.0,-6.31825509209936,0.00526918629933914,-6.70639361073974,0.0172756920777442,0.07085049948111,0.6,29.8
AUT,Austria,2021,78.7803204,0.0,0.0559934904917667,0.0,4.92309171717903,0.0240584970736946,4.4669658436443,0.0378037868173202,0.117855774382781,0.4,30.7
AZE,Azerbaijan,2001,,0.0,0.00262476058964741,0.0,9.89999986533643,4.20455862951384,9.05182203818752,23.7019953992356,27.9091787893391,2.4,36.5
AZE,Azerbaijan,2002,50.4673082,0.0,0.00951067491768561,0.000284928321572901,9.43891626906561,2.61682450573272,8.62535106573642,23.2537194764338,25.8803395854058,0.0,25.3
AZE,Azerbaijan,2003,49.0056544,0.0,0.0013457461241455,9.80049213706967e-05,10.2082994004776,2.43611048644021,9.37646036430615,23.6510138139512,26.088568051437,0.0,26.8
AZE,Azerbaijan,2004,46.680331,0.0,0.00127211191744937,0.00068230877073383,9.25380179728907,1.90809402810988,8.30153847939059,26.8343888172544,28.7444372660525,0.0,26.6
AZE,Azerbaijan,2005,46.2558618,0.0,0.000834748043422307,0.0011478644770012,27.9615381082131,1.14263840609091,26.6600947700296,37.4466296016638,38.5912506202751,0.0,26.6
BGD,Bangladesh,2000,52.0145168,0.0,0.200996167711684,0.0,5.29329471892532,0.687350827946421,3.38671358983686,0.0353231482134216,0.923670143871526,10.3,33.4
BGD,Bangladesh,2005,35.2991033,0.00691360941835017,0.165837799134415,0.0,6.53594493875502,1.16332572452017,5.20131368672413,0.0854314760057084,1.42150860907864,6.9,33.2
BGD,Bangladesh,2010,41.2324706,0.0375672237551005,0.369496255423481,0.0,5.57178818533122,0.898444843866627,4.65046297355514,0.110401376114165,1.41590969915937,5.1,32.1
BGD,Bangladesh,2016,42.9773902,0.0132346228332281,0.180782183701494,0.0,7.11347821270093,0.490629924530705,6.16181560014782,0.0314940256004778,0.716140756665905,3.8,32.4
BRB,Barbados,2016,80.2380693,0.0,0.0144344491959632,0.0,1.41632446821541,0.00361863502215179,1.19578953850676,0.0786113955245193,0.0966644797426343,0.9,34.1
BLR,Belarus,2000,70.401312,0.0,0.717797499737714,0.0,5.80000327485702,0.03933433969695,6.29963628199231,1.78844487580508,2.54557671523974,7.4,31.2
BLR,Belarus,2001,,0.0,0.710460753890118,0.0,4.72530605111095,0.0861676897416726,5.26389218814623,1.34865249857526,2.14528094220705,3.6,30.6
BLR,Belarus,2002,71.6950759,0.0,0.580866051623182,0.0,5.04526758311702,0.0526260096442433,5.71608251433059,1.17776447049082,1.81125653175824,2.5,30.3
BLR,Belarus,2003,78.2534316,0.0,0.584914959669557,0.0,7.04319246586394,0.0487649039711523,7.79491781867831,1.13171633278447,1.76539619642518,2.0,28.8
BLR,Belarus,2004,66.1808363,0.0,0.584867075560995,0.0,11.4497432088167,0.0319836035451253,12.2126184264071,1.1746798782904,1.79153055739652,0.8,26.5
BLR,Belarus,2005,71.672412,0.0,0.467646518806334,0.0,9.40000151584914,0.0193793483029706,10.1497671646981,1.28297270844558,1.76999857555488,0.5,27.6
BLR,Belarus,2006,68.9513011,0.0,0.433854409375931,0.0,9.99999473022963,0.033388719470755,10.6755867171242,1.21065194701197,1.67789507585865,0.2,28.3
BLR,Belarus,2007,71.421362,0.0,0.437201412913295,0.0,8.60000659811426,0.0249467887705305,9.09946004068696,1.09295340297526,1.55510160465908,0.2,29.6
BLR,Belarus,2008,73.4739606,0.0,0.370721692615958,0.0,10.1999994860937,0.0333050210480071,10.581305038428,1.1998245861583,1.60385129982227,0.1,27.8
BLR,Belarus,2009,71.9312649,0.0,0.382227279696342,0.0,0.199995231733979,0.0285917873832907,0.446705717445226,0.730286719935005,1.14110578701464,0.1,27.7
BLR,Belarus,2010,64.437893,0.0,0.418344087739127,0.0,7.75001707500896,0.0224285467978157,7.98573283435519,0.772806204282758,1.2135788388197,0.0,28.6
BLR,Belarus,2011,64.4963036,0.0,0.448593122441554,0.0,5.54997471638077,0.0346631203472808,5.7975501732946,1.17084554095057,1.6541017837394,0.0,27.2
BLR,Belarus,2012,65.9563004,0.0,0.650407393384968,0.0,1.70785253368828,0.0327663731609392,1.86726973670382,1.04464650090861,1.72782026745452,0.0,26.5
BLR,Belarus,2013,66.1967581,0.0,0.572086723622567,0.0,0.998719299661161,0.0314435283411334,1.03749004802856,0.832270804096301,1.43580105606,0.0,26.6
BLR,Belarus,2014,68.2003666,0.0,0.570814572907229,0.0,1.65112470228097,0.0190292191065204,1.59406202466224,0.734771849347757,1.32461564136151,0.0,27.2
BLR,Belarus,2015,67.8851086,0.0,0.70896089661581,0.0,-3.82957056812593,0.0205835331969136,-3.9572512636508,0.439126030844868,1.16867046065759,0.0,25.6
BLR,Belarus,2016,69.3580687,0.0,0.842239877079599,0.0,-2.5264464460425,0.0138373161215679,-2.61191381567238,0.386692377932086,1.24276957113325,0.0,25.3
BLR,Belarus,2017,66.3479286,0.0,1.04002673922668,0.0,2.53218349471909,0.0149563221222871,2.64480751685403,0.509192771843037,1.56417583319201,0.0,25.4
BLR,Belarus,2018,70.4663947,0.0,1.14402160905757,0.0,3.14919758275296,0.0224386419719246,3.36999150781449,0.81482381135107,1.98128406238056,0.0,25.2
BLR,Belarus,2019,73.1679864,0.0,1.00289755773858,0.0,1.44645548204305,0.0145331848819673,1.6513675093432,0.652174604477283,1.66960534709783,0.0,25.3
BLR,Belarus,2020,51.9165453,0.0,1.14810652957222,0.0,-0.672742918585868,0.00744687391133359,-0.251224685296094,0.36508491305747,1.52063831654103,0.0,24.4
BEL,Belgium,2000,85.9204533,0.0,0.024592181982569,0.0,3.71670510672588,2.36893974858375e-05,3.46547823151502,0.0,0.0246158713800549,0.3,33.1
BEL,Belgium,2003,80.7966086,0.0,0.0216927905709472,0.0,1.03795518162204,0.0,0.615852527269695,0.0,0.0216927905709472,0.2,28.1
BEL,Belgium,2004,77.4790373,0.0,0.0158636559921044,0.0,3.57120671942319,0.0,3.1239312841995,0.0,0.0158636559921044,0.0,30.5
BEL,Belgium,2005,79.8508534,0.0,0.0156710093876189,0.0,2.32173792911834,0.0,1.76045646457337,5.74329868610464e-05,0.0157284423744799,0.1,29.3
BEL,Belgium,2006,80.0320806,0.0,0.0177470443086643,0.0,2.55234087322462,0.0,1.87817418916214,0.00153504351379629,0.0192820878224606,0.1,28.1
BEL,Belgium,2007,80.4768547,0.0,0.0190730940958636,0.0,3.67692462515802,0.0,2.91838151983706,0.0,0.0190730940958636,0.1,29.2
BEL,Belgium,2008,78.0489444,0.0,0.0183626272056819,0.0,0.446905130727231,0.0,-0.343476136908251,0.0,0.0183626272056819,0.1,28.4
BEL,Belgium,2009,82.3636883,0.0,0.0173168270083258,0.0,-1.90644105515335,0.0,-2.69253471722568,0.0,0.0173168270083258,0.1,28.6
BEL,Belgium,2010,81.5488123,0.0,0.0192857936095954,0.0,2.71031150254662,0.0,1.77618341639121,0.0276859283389536,0.046971721948549,0.1,28.4
BEL,Belgium,2011,81.7843778,0.0,0.0192847612851918,0.0,1.93115502411325,0.0,0.613616927857308,0.0465608455427308,0.0658456068279226,0.1,28.1
BEL,Belgium,2012,82.0362545,0.0,0.0186402448918268,0.0,0.215803612089744,0.0,-0.403775116080638,0.0447323666928789,0.0633726115847057,0.1,27.5
BEL,Belgium,2013,82.1028899,0.0,0.019349242778331,0.0,0.305494549070232,0.0,-0.166173060728624,0.0397728832079876,0.0591221259863187,0.1,27.7
BEL,Belgium,2014,79.330541,0.0,0.0199877335135329,0.0,1.76554038149924,0.0,1.31477462306464,0.048118822461714,0.0681065559752469,0.1,28.1
BEL,Belgium,2015,77.1370022,0.0,0.0195238389999511,0.0,1.47416433731927,0.0,0.887876358046185,0.0157279649794816,0.0352518039794327,0.1,27.7
BEL,Belgium,2016,74.2033432,0.0,0.018810184249133,0.0,1.19350273007754,0.0,0.682454832714654,0.0115678220486407,0.0303780062977737,0.1,27.6
BEL,Belgium,2017,72.1250812,0.0,0.0166337659117625,0.0,1.47446761556785,0.0,1.08431151262542,0.0205164347675808,0.0371502006793434,0.1,27.4
BEL,Belgium,2018,73.1489848,0.0,0.0192310052377608,0.0,1.87796847383565,0.0,1.41528937457539,0.029217776231573,0.0484487814693338,0.1,27.2
BEL,Belgium,2019,72.3410456,0.0,0.0150775137305335,0.0,2.4428900448156,3.98584889407065e-05,1.89071932044187,0.0271254076077426,0.0422427798272169,0.1,27.2
BEL,Belgium,2020,72.1913766,0.0,0.0136986053757482,0.0,-4.7929839083518,3.13349862684409e-05,-5.20244011003201,0.0147576977551149,0.0284876381171316,0.0,26.0
BEL,Belgium,2021,73.7846749,0.0,0.0134810818415549,0.0,6.25445686466593,0.000136779184332235,5.8180102265206,0.0312735679835233,0.0448914290094104,0.0,26.6
BLZ,Belize,2018,66.4003212,0.0,0.29146365619265,0.0,0.822068592512508,0.00306198813875167,-1.04044004654376,0.502364606863084,0.796890251194486,0.2,39.9
BEN,Benin,2003,75.7567883,0.0,4.13975521375429,0.000492248080616823,3.44357677591658,0.0,0.336976510869505,,4.14024746183491,29.1,38.6
BEN,Benin,2011,71.7785024,0.0,3.47508303121539,0.00384931312798048,2.96375291904201,0.0,-0.0571230167535077,0.0,3.47893234434337,30.3,43.4
BEN,Benin,2015,67.9015838,0.0,4.24692848396006,0.0,1.77815106030278,0.0,-1.18432043750336,0.0533746520369224,4.30030313599698,31.9,47.6
BEN,Benin,2018,68.7128078,0.0,2.49180486072062,0.0,6.69725362180888,0.0,3.73701554279164,0.116502415263534,2.60830727598415,10.6,37.9
BEN,Benin,2021,58.8795864,0.0,2.30442028320417,0.0,7.1554516457574,0.0,4.41335435119757,0.0,2.30442028320417,7.1,34.4
BTN,Bhutan,2003,79.0498151,0.108200870366884,3.2300457261519,0.0,7.78656040877364,0.0,5.5461872466835,0.0,3.33824659651879,5.1,40.9
BTN,Bhutan,2007,73.7138102,0.28236515513651,4.02106765673692,0.0,16.1047836542012,0.0,14.7631409986349,0.0,4.30343281187343,2.5,38.1
BTN,Bhutan,2012,79.1442935,0.21832837678294,4.01237323015893,0.0221312240981869,5.16482012683895,0.0,4.006257825918,0.0,4.25283283104005,0.7,38.8
BTN,Bhutan,2017,84.987979,0.0,3.30997492484624,0.0540584874730229,2.08684522733067,0.0,1.21137239128886,0.0,3.36403341231926,0.4,37.4
BOL,Bolivia,2000,59.8148877,0.0,0.361398804732755,0.278147845667971,2.50781081484664,0.772562074092428,0.762647496539714,3.20071915897547,4.61282788346862,17.0,61.6
BOL,Bolivia,2001,,0.0,0.40627664317731,0.121156626329288,1.68379914527159,1.10433905071583,-0.0171004400534258,2.70191454521148,4.33368686543391,11.9,57.4
BOL,Bolivia,2002,59.9925808,0.0,0.417839981877555,0.224689917053631,2.48556576601922,1.10088698094808,0.785766518369655,3.20143436722118,4.94485124710044,12.9,59.3
BOL,Bolivia,2004,55.6214078,0.0,0.459734192518509,0.56359830222864,4.1732955905708,1.31796776619707,2.43501168548734,5.08868092656529,7.4299811875095,5.8,55.0
BOL,Bolivia,2005,50.872166,0.0,0.464507522340972,0.913753281667752,4.42143313550196,2.83615706373774,2.67600660486002,7.33080300030145,11.5452208680479,9.6,58.5
BOL,Bolivia,2006,55.2680031,0.0,0.593578443969394,3.57670624063231,4.79700881067477,3.55806070652127,3.02573623361984,6.90511113358437,14.6334565247073,7.8,56.7
BOL,Bolivia,2007,55.0979763,0.0,0.603823920302715,4.52067350442681,4.56438425143126,3.98560882647042,2.79100340272169,4.87482833139779,13.9849345825977,5.8,54.5
BOL,Bolivia,2008,56.7745115,0.0,0.540486914656739,3.46252645043463,6.14849787777658,3.64008440973696,4.37162981176147,5.13358898631882,12.7766867611472,4.8,50.8
BOL,Bolivia,2009,61.6404052,0.0,0.512193886119305,1.63166193147975,3.35699958346049,3.30564306364059,1.65007711976043,1.99901854108232,7.44851742232197,4.8,49.2
BOL,Bolivia,2011,60.843844,0.0,0.569436020067797,5.12663676709338,5.20409245282328,4.72620152059823,3.51064972680194,3.57882129837961,14.001095606139,2.9,46.1
BOL,Bolivia,2012,59.3825729,0.0,0.495336634150012,3.23074692838332,5.12227560125973,5.04123047708524,3.45406363162328,3.58582706729094,12.3531411069095,3.8,46.6
BOL,Bolivia,2013,61.5128261,0.0,0.527771950731095,2.55541456378636,6.79601141268498,5.55829339354152,5.12847091137223,3.31838837807072,11.9598682861297,3.0,47.6
BOL,Bolivia,2014,60.806572,0.0,0.533507062536753,2.18635765248212,5.46056949136766,4.77969194953676,3.84418415353171,3.03332355757079,10.5328802221264,2.5,47.8
BOL,Bolivia,2015,62.8995122,0.0,0.484734185185111,0.154530695755321,4.85718718508603,2.33856535298855,3.27865156316338,1.14024731448316,4.11807754841214,2.7,46.7
BOL,Bolivia,2016,61.4628881,0.0,0.550677417680815,0.707160512505969,4.26392086992173,0.926800497644539,2.72220716291487,0.788114698375915,2.97275312620724,3.3,45.2
BOL,Bolivia,2017,62.1237854,0.0,0.473458902275322,2.42321513255476,4.19520633364647,1.0880253133197,2.6837284349174,1.02986757658124,5.01456692473101,2.8,44.6
BOL,Bolivia,2018,62.6256651,0.0,0.501945655452041,1.16643513443381,2.86808404814794,2.2533911778168,1.40411994190022,1.4498952900262,5.37166725772886,1.8,42.6
BOL,Bolivia,2019,53.0155277,0.0,0.436523344746749,0.562741001877922,1.50672102666863,2.06571007254961,0.0889440250061426,1.0303191682966,4.09529358747088,1.0,41.6
BOL,Bolivia,2020,59.3078973,0.0,0.563622747867575,0.453988608258518,-12.7194690092717,1.20542213557419,-13.7898619967426,0.497346305966912,2.7203797976672,1.4,43.6
BOL,Bolivia,2021,61.0096773,0.0,0.43985726005293,5.91005603334556,10.0290488827886,1.85442902804369,8.91320528866063,1.26335187425347,9.46769419569564,0.9,40.9
BIH,Bosnia and Herzegovina,2001,,0.448961430454632,0.840497625656026,0.0318881569647862,2.42331312996704,0.0,1.94134419076346,0.0,1.32134721307544,0.2,30.0
BIH,Bosnia and Herzegovina,2004,61.0816575,1.02502375676112,0.590959685520341,0.0901895502146079,6.32526794858342,0.0,7.28905393914994,0.0,1.70617299249607,0.1,34.0
BIH,Bosnia and Herzegovina,2007,57.6957734,0.816076787678695,0.517290132579565,0.791281846862712,5.85911689412598,0.0,7.1739207271968,0.0,2.12464876712097,0.2,34.3
BIH,Bosnia and Herzegovina,2011,54.4509441,1.85949087082502,0.580903951562549,1.08585787931275,0.959511709726897,0.0,2.83942425948602,0.0,3.52625270170032,0.2,33.3
BIH,Bosnia and Herzegovina,2015,61.5368736,0.196643861612622,0.566127152849557,0.255856935979025,4.28413016137854,0.0,5.65603511201289,0.0,1.0186279504412,0.3,32.9
BIH,Bosnia and Herzegovina,2021,60.5871127,0.301983937935592,0.471634730600031,0.0397800429056463,7.39164256472846,0.0,9.19342480517756,0.0,0.813398711441269,0.1,30.3
BWA,Botswana,2002,80.4316927,0.170687645060931,0.373204817819404,0.370227785209537,6.06953087648317,0.0,4.09320837350506,0.0,0.914120248089873,13.4,61.5
BWA,Botswana,2009,87.2367751,0.220914121745021,0.460189458124387,1.5646188550371,-14.1442346163423,0.0,-15.8997149078875,0.0,2.2457224349065,7.0,56.9
BWA,Botswana,2015,85.2287134,0.307384412369603,0.451493096896537,0.0458970459055873,-4.85132507409779,0.0,-6.19995412245493,0.0,0.804774555171728,6.5,54.9
BRA,Brazil,2001,,0.00327075169283963,0.509251684618048,0.427934714658352,1.38989640095637,0.0258071276939522,0.0770005174179715,1.27147695936395,2.23774123802714,7.0,58.4
BRA,Brazil,2002,71.6290777,0.000383483940309902,0.681429263465327,0.427572122123379,3.05346185909312,0.0267500574610956,1.78204308366739,1.67933238308169,2.8154673100718,6.2,58.1
BRA,Brazil,2003,67.776362,0.000645916030098932,0.724539472420437,0.216753354731614,1.14082899824888,0.0202189007331639,-0.0458328311687239,1.73818665052402,2.70034429443933,6.7,57.6
BRA,Brazil,2004,62.1394834,0.0122345324556236,0.517651207997797,0.0993366848795947,5.75996463670954,0.0186665999783458,4.57169367299971,1.88707133960992,2.53496036492128,5.8,56.5
BRA,Brazil,2005,62.9208983,0.00780132134832764,0.422735363715426,0.824394034854481,3.20213206130431,0.0264140866308715,2.07730833836257,2.36913016995635,3.65047497650545,5.1,56.3
BRA,Brazil,2006,61.515373,0.00675465218294961,0.458308289543459,0.885931939469878,3.96198871122617,0.0305846758078658,2.86752083975395,2.44556560201409,3.82714515901824,4.3,55.6
BRA,Brazil,2007,62.0935476,0.00855782820001906,0.447859779319575,1.54918209203662,6.06987060678338,0.0293323805781565,5.00147015838483,2.06708286540223,4.10201494553661,4.2,54.9
BRA,Brazil,2008,62.9248544,0.0225501741442782,0.4093925100164,1.86813935454653,5.09419544658736,0.0335296474727113,4.09221626720056,2.44243714676148,4.7760488329414,3.4,54.0
BRA,Brazil,2009,67.878744,0.00722942828769676,0.424208814286566,0.590993460618904,-0.125812002161169,0.0319571904244483,-1.0163236214624,1.33048498208149,2.38487387569911,3.3,53.7
BRA,Brazil,2011,62.953285,0.0104996113695429,0.421846673483131,1.81291052174163,3.97442307944702,0.0453223777417706,3.13169854409105,2.04628720532789,4.33686638966397,2.9,52.9
BRA,Brazil,2012,64.1931786,0.009147101698668,0.459624079131087,1.28444928435221,1.92117598576537,0.0585963181642604,1.09733293821196,2.04370817642662,3.85552495977285,2.3,53.4
BRA,Brazil,2013,59.6486308,0.00935997407166011,0.514116810125036,1.36949504191434,3.00482266944432,0.0705641668851668,2.17333080532316,1.82332429100899,3.78686028400519,1.9,52.7
BRA,Brazil,2014,61.7708061,0.00677966895333873,0.527974362470003,0.819525992656112,0.503955740242247,0.0682078611571187,-0.303163572499983,1.86374490964098,3.28623279487755,1.6,52.1
BRA,Brazil,2015,57.4235354,0.00659466507714716,0.693497347620783,0.570992536585529,-3.54576339269425,0.047972921893605,-4.30639755912077,1.03926987894612,2.35832735012319,1.9,51.9
BRA,Brazil,2016,56.9027106,0.00639411981654579,0.799001693613266,0.771513115023924,-3.27591690782192,0.0209459201154779,-4.01012719354725,0.832280473743435,2.43013532231265,2.4,53.4
BRA,Brazil,2017,55.6089843,0.00543239879503841,0.745436739085668,0.827049853703138,1.32286905404399,0.0274701476531574,0.587668928736335,1.12836853918598,2.73375767842298,2.7,53.3
BRA,Brazil,2018,54.8735087,0.00693386352998793,0.804438384714903,0.839935533119731,1.783666761634,0.0651681042894358,1.09040860447158,1.90111531664903,3.61759120230309,2.7,53.9
BRA,Brazil,2019,53.5594912,0.00577379416810497,0.663749454566288,0.79915174911943,1.22077782360842,0.0723668776342963,0.562970837578547,1.6761311575078,3.21717303299592,2.8,53.5
BRA,Brazil,2020,58.5933483,0.00613690816198321,0.952656139464627,1.14458939921673,-3.2767587964736,0.0477663275367818,-3.83550546659214,1.07872778605369,3.22987656043381,1.0,48.8
BRA,Brazil,2021,59.1936982,0.0143152350634996,0.763404742957637,4.48894018515032,4.76260437908608,0.0699944991767358,4.3179316171849,2.60445733698427,7.94111199933246,2.9,52.9
BGR,Bulgaria,2001,,0.334376008911218,0.327469159583831,0.025760203658008,3.82370222571771,0.00750141222220329,5.9111581316571,0.0192284252329358,0.714335209608195,1.2,32.7
BGR,Bulgaria,2003,69.2294032,0.0827719717576597,0.314150443070292,0.0145644580109714,5.23715282493174,0.00290204563592261,6.07406091995806,0.0161830349966762,0.430571953471522,0.5,28.9
BGR,Bulgaria,2006,71.3715435,0.309202090108577,0.302786392066867,1.09488397380926,6.80259262432862,0.0873541922780936,7.61685289651042,0.0372114671373268,1.83143811540013,3.6,35.7
BGR,Bulgaria,2007,72.001074,0.435744738295089,0.278556028188919,0.8960925418945,6.65438512368812,0.0440111294416164,7.4414860834102,0.032067929991172,1.6864723678113,1.0,36.1
BGR,Bulgaria,2008,72.8453645,1.10494843954048,0.272464039139865,0.515520516734355,6.12955885899744,0.0431769272049978,6.87712697728189,0.0385928436056197,1.97470276622532,0.7,33.6
BGR,Bulgaria,2009,72.4408107,0.321963838214618,0.198003091131571,0.159923949769656,-3.34714308501542,0.0026718472138392,-2.72241640378013,0.0216533526362494,0.704216078965934,0.6,33.8
BGR,Bulgaria,2010,72.2769025,0.676778240205424,0.242161387883682,0.724359680957923,1.55536266288017,0.0111255684572656,2.22608184788542,0.0253291596859351,1.67975403719023,1.0,35.7
BGR,Bulgaria,2011,71.1650355,0.91873863918182,0.281885153962865,0.816225355852268,2.09017598337418,0.08909304721064,2.74691105411546,0.0367278516384984,2.14267004784609,1.4,34.3
BGR,Bulgaria,2012,72.5755043,0.372702923222966,0.260007440611318,0.847075070547068,0.748814556346105,0.087087212755187,1.33406575233641,0.0377761581591458,1.60464880529568,1.2,36.0
BGR,Bulgaria,2013,68.8062834,0.159088406568224,0.242573385786853,0.608878277562414,-0.542753400392826,0.0630866311706594,1.48365880262806,0.0340056163950494,1.1076323174832,1.1,36.6
BGR,Bulgaria,2014,70.0293534,0.139417174798032,0.223629727501349,0.36071035944508,0.949449772002041,0.0300440667016445,2.18296570880787,0.0309655080286577,0.784766836474764,0.9,37.4
BGR,Bulgaria,2015,69.0099166,0.115667271860324,0.254889688688144,0.260084624393388,3.39755351999294,0.0132341573376468,4.72028599415447,0.0148484893305972,0.6587242316101,2.0,38.6
BGR,Bulgaria,2016,69.4354757,0.106692897175964,0.225102566588803,0.177081545142641,3.02662820096305,0.00672704231790746,4.37288142099703,0.0107367793608996,0.526340830586215,1.1,40.6
BGR,Bulgaria,2017,72.8319025,0.144852465138495,0.265773225929047,0.316211256207862,2.74592737750996,0.00735612441515926,4.1152402016823,0.0150539945411986,0.749247066231762,0.7,40.4
BGR,Bulgaria,2018,76.0222279,0.135710834308309,0.24613036929239,0.270432989561586,2.33015054210419,0.00453020891529789,3.74323659397713,0.0215683047004454,0.678372706778028,0.5,41.3
BGR,Bulgaria,2019,75.7815088,0.0885343509010314,0.220943539056,0.248855463356659,3.79331964589196,0.00343786072088081,5.26898074561532,0.0184983412131835,0.580269555247755,0.5,40.3
BGR,Bulgaria,2020,73.0865465,0.0586012880990349,0.199737752823464,0.34845622392036,-3.13323543125917,0.0024673666719186,-2.15683346351801,0.00967333606272928,0.618935967577506,0.2,40.5
BGR,Bulgaria,2021,72.8363232,0.126365577523338,0.171861677306964,0.593627371344038,7.82817310703665,0.00649706344376637,8.54724289833413,0.0193926462885907,0.917744335906696,0.3,39.0
BFA,Burkina Faso,2003,66.9607668,0.0,6.31252598933289,0.0111085881042359,7.80249388870359,0.0,4.49294688106092,0.0,6.32363457743713,31.0,43.3
BFA,Burkina Faso,2009,65.8329422,0.0,8.12049824388966,1.45795503529807,2.96195085866692,0.0,-0.000227773519867469,0.0,9.57845327918773,27.7,39.8
BFA,Burkina Faso,2014,53.9401871,0.0,7.52958346295634,2.78132209742585,4.32684561452976,0.0,1.27047655599692,0.0,10.3109055603822,18.6,35.3
BFA,Burkina Faso,2018,49.4637727,0.0,5.22371448644151,3.65248145757513,6.60456906812341,0.0,3.76772678322459,0.0,8.87619594401664,15.5,43.0
BFA,Burkina Faso,2021,38.9026684,0.0,4.68280095373394,15.4526004842572,6.94252492572348,0.0,4.43100540861892,0.0,20.1354014379911,12.5,37.4
BDI,Burundi,2006,44.1898012,0.0,23.6279344225975,0.321245039212551,5.41380714491444,0.0,1.68473642542624,0.0,23.9491794618101,37.3,33.4
BDI,Burundi,2013,37.2704925,0.0,17.5157633422963,0.217091976573797,4.92392485117456,0.0,1.2220776240641,0.0,17.7328553188701,34.4,38.6
BDI,Burundi,2020,40.3528211,0.0,13.8475521568267,0.0,0.306443811651718,0.0,-2.56910007414477,0.0,13.8475521568267,32.4,37.5
CPV,Cabo Verde,2001,,23.7774303144037,0.485876114583811,0.0,2.23165454528898,0.0,0.682276166499946,0.0,24.2633064289875,13.5,52.5
CPV,Cabo Verde,2007,81.5046239,21.5472166448193,0.505116420949176,0.0,15.1706879735517,0.0,13.9029028555293,0.0,22.0523330657685,7.8,47.2
CPV,Cabo Verde,2015,80.3031075,8.69712510622088,0.800998865280158,0.0,0.936026507808833,0.0,0.922631249857901,0.0,9.49812397150104,3.9,42.4
CMR,Cameroon,2001,,0.0,2.06877215422552,0.0184512221716903,4.32426119221549,0.0,1.61992408023583,3.59717199204675,5.68439536844397,8.7,42.1
CMR,Cameroon,2007,60.0242569,0.0,2.89838869243946,0.0390110756046046,4.32758900972871,0.00493306401080332,1.44056500100977,6.03958891829607,8.98192175035093,11.4,42.8
CMR,Cameroon,2014,50.1503044,0.0,3.19154878025812,0.0436954410837232,5.71981814509198,0.122306805074881,2.56873406379989,3.67835628658685,7.03590731300358,10.0,46.6
CMR,Cameroon,2021,38.9279612,0.0,2.57962248017974,0.0,3.33885747179505,0.584760671391585,0.631351991581198,2.36159953238547,5.52598268395679,8.2,42.2
CAN,Canada,2000,87.1681737,0.0678379849881592,0.198401413322676,0.180010591231763,5.13853918994158,2.69008812026294,4.16394850425988,1.47117947256471,4.60751758237025,0.2,33.4
CAN,Canada,2001,,0.111915500607763,0.156723495979202,0.122183454333239,1.87509813099847,2.24768527470397,0.77451943124467,0.858857509112782,3.49736523473696,0.2,33.6
CAN,Canada,2002,85.8650662,0.0859207575484165,0.164436460869649,0.138256427266278,2.99925533832644,1.52405736696144,1.88796483475868,0.955943439201293,2.86861445184707,0.2,33.6
CAN,Canada,2003,84.3454256,0.0703204719569824,0.13102699318623,0.153175450905851,1.8063851195103,2.64892897467011,0.895018577517163,1.12578576172741,4.12923765244659,0.2,33.8
CAN,Canada,2004,79.1553606,0.141081981512294,0.1510644359308,0.285289345037603,3.09236381038156,2.36322206157322,2.13581556968643,1.49755944499054,4.43821726904446,0.2,33.8
CAN,Canada,2005,81.929392,0.152155931468389,0.128069957618147,0.278767398290625,3.21045441502793,3.22083898396214,2.23757664033788,1.78498681477884,5.56481908611814,0.2,33.6
CAN,Canada,2006,82.8356768,0.153706697524731,0.11198956749045,0.602746949973667,2.63794375302722,1.41752853523662,1.60290147984234,1.79784487204702,4.0838166222725,0.2,34.1
CAN,Canada,2007,83.6977442,0.109096873104644,0.0965128807031694,0.785283814075548,2.04990459443619,1.1136047676712,1.06414483533945,1.79572860434846,3.90022693990303,0.1,33.8
CAN,Canada,2008,84.6064683,0.374150835026828,0.0727446877432663,0.513529436655604,0.995406371264522,1.5731684213923,-0.093342723123186,2.54002352343034,5.07361690424834,0.1,33.9
CAN,Canada,2009,89.459614,0.198211464291355,0.0601804736865079,0.203571172276145,-2.91508627059555,0.129656375469644,-4.02008815189166,1.33142171181656,1.92304119754021,0.2,34.0
CAN,Canada,2010,83.2780066,0.246577674456861,0.0706135095834182,0.449991271187577,3.09080633744851,0.0,1.95144743974238,1.36035981724265,2.12754227247051,0.1,33.6
CAN,Canada,2011,84.2833493,0.312902433338827,0.0734701452624117,0.555035051706879,3.1371944343876,0.0,2.13607718389216,1.65206257737853,2.59347020768665,0.1,32.7
CAN,Canada,2012,84.5696233,0.165451060942996,0.0664169858483286,0.33817353580594,1.75566133205234,0.0,0.658841996943821,0.873035162318975,1.44307674491624,0.1,33.5
CAN,Canada,2013,83.2379093,0.111210926632906,0.0726685221630847,0.280229667910082,2.32581356612762,0.0,1.25359012132115,1.25009355545576,1.71420267216183,0.2,33.8
CAN,Canada,2014,85.7536891,0.0762774146791335,0.0762735444875364,0.252537145628929,2.87346675579731,0.118317835064536,1.84840950153425,1.16512699520053,1.68853293506066,0.1,33.2
CAN,Canada,2015,86.0984726,0.0677434311762043,0.0768660562291727,0.153735192881661,0.64997101491096,0.0,-0.112369151907927,0.0345891578218769,0.332933838108915,0.2,33.7
CAN,Canada,2016,85.7484945,0.0762147109420282,0.0779731636355075,0.160582352644183,1.03855091989323,0.0,-0.0982963673716881,0.471724709301756,0.786494936523475,0.2,32.7
CAN,Canada,2017,83.3042064,0.0890428258212832,0.0863557550922512,0.204739486731936,3.03383491841392,0.0,1.80946447841099,0.816766635206739,1.19690470285221,0.2,33.3
CAN,Canada,2018,81.902439,0.0853870422151225,0.0613771171431524,0.125273089273862,2.74296341402246,0.0205383386190184,1.28092656218273,1.50562872928079,1.79820431653194,0.1,32.5
CAN,Canada,2019,81.3392569,0.053736494242235,0.0705504636032084,0.188938776268746,1.90843193887251,0.0,0.429657594374362,1.6199500962193,1.93317583033348,0.1,31.8
CAN,Canada,2020,82.045178,0.0442539359555517,0.0751574921932715,0.233498836098608,-5.03823342794087,0.0,-6.06240641639141,0.8889084820818,1.24181874632923,0.0,29.9
CAN,Canada,2021,78.8835053,0.0730211132400775,0.0680306464521413,1.18426034810901,5.95052804984759,0.793958417895896,5.36528783461416,2.82978528865474,4.94905581435186,0.1,31.1
CAF,Central African Republic,2008,36.7970588,0.0,11.7251243751801,0.0176030768666518,2.05413096200485,0.0,-0.0996463174017777,0.0,11.7427274520468,33.9,56.2
CAF,Central African Republic,2021,28.8455909,0.0,9.49214772137022,0.76804803651011,0.982919996264229,0.0,-0.705468755505223,0.0,10.2601957578803,34.4,43.0
TCD,Chad,2003,40.4183188,0.0,9.59550342274883,0.0,14.7216670123589,0.0,10.2279881027344,4.74383447804891,14.3393379007977,29.3,39.8
TCD,Chad,2011,46.1936404,0.0,3.75353152364583,0.0169080248308308,4.49542967058827,0.0,0.870883386044198,24.3983730486377,28.1688125971144,18.4,43.3
TCD,Chad,2018,42.657761,0.0,4.32777401006192,0.0,5.74111580758154,0.0,2.24768972082788,16.6121673665612,20.9399413766231,12.8,37.5
CHL,Chile,2000,76.0490682,0.0,0.416011724609717,4.3408550303353,4.9716214882971,0.0492733030540225,3.72361873178446,0.0648093154178196,4.87094937341686,3.1,52.8
CHL,Chile,2003,79.3667318,1.86613613263971e-07,0.5550393113707,4.38038439919149,4.72324526861041,0.0255686799154457,3.63301530196716,0.0506283318232754,5.01162090891452,2.9,51.5
CHL,Chile,2006,80.7497436,0.00396307707123133,0.405534974488473,16.8703851667569,6.04999082563968,0.0384461522535262,5.01952135827457,0.0305200002965691,17.3488493708667,1.0,47.7
CHL,Chile,2009,80.5530728,0.00413931434107068,0.587715134082397,8.12539086996139,-1.11803723642878,0.0505988665683244,-2.11061042692428,0.0241963153528489,8.79204050030603,0.9,47.4
CHL,Chile,2011,76.1380292,0.00946025062745968,0.566021853462164,11.524686737595,6.22389678509138,0.0440500118610045,5.18104033334399,0.0202996901928584,12.1645185437385,0.5,46.9
CHL,Chile,2013,75.7046809,0.0209492686777565,0.573829483564454,7.00031067490142,3.30850824710085,0.0300928851237097,2.32789256098182,0.0371419227856785,7.66232423505302,0.3,46.8
CHL,Chile,2015,77.4767227,0.0152173546318032,0.718286897682067,3.28771652306778,2.15194249981184,0.0163761783716805,1.11370445947465,0.00702175038442219,4.04461870413776,0.2,45.3
CHL,Chile,2017,75.9626148,0.0156030837579444,0.862586901472617,4.40604754508335,1.35769537343957,0.0100470032058539,-0.235110167425177,0.00833339168997084,5.30261792520974,0.2,45.3
CHL,Chile,2020,68.2219116,0.0024227961414755,0.860652964691752,4.60239970949196,-6.1396969411886,0.0143455551337787,-6.97738648556296,0.00734834195127083,5.48716936741024,0.9,47.0
CHN,China,2002,58.0527003,0.263542850237849,0.20640257959759,0.127806840215127,9.23604870383861,0.114450402325318,8.50661398311242,1.24409369454799,1.95629636692387,18.2,42.0
CHN,China,2005,56.3452765,1.84458902608905,0.143362505187732,0.719382293325194,11.4535130030645,0.164824325904146,10.7999508064974,2.23061473485701,5.10277288536313,10.3,40.9
CHN,China,2008,56.4442797,4.95292742699964,0.225378563420553,2.36221058764274,9.66877608164454,0.117610932160963,9.10828477328671,1.9902860340032,9.6484135442271,8.2,43.0
CHN,China,2010,55.3445851,2.74101073299239,0.188631846924808,2.02001128407646,10.5916903885704,0.114498931303681,10.0588648070302,1.22257362123247,6.2867264165298,6.1,43.7
CHN,China,2011,55.0877666,3.531173681463,0.164685773754062,2.33286209782444,9.46205248298186,0.111272165477375,8.86552016620182,1.54520918045373,7.68520289897261,4.3,42.4
CHN,China,2012,55.3418691,1.77837319641686,0.141421178461122,0.783715365961303,7.8578201481217,0.101496660091287,7.12864747408331,1.28348679227813,4.0884931932087,3.5,42.2
CHN,China,2013,56.2820438,1.08227721470867,0.126224407607297,0.604283761994796,7.77842954757257,0.0941454766793496,7.06293206554041,1.07614082250695,2.98307168349706,1.1,39.7
CHN,China,2014,56.9460927,0.795129720884853,0.142383969781314,0.358822126128755,7.46100735778161,0.125698597465449,6.78578256558413,0.888100390466572,2.31013480472694,0.7,39.2
CHN,China,2015,56.5636835,0.404630230720423,0.0967515179176365,0.203345375101355,6.98162255562367,0.134795850990954,6.36137631292877,0.335243616051991,1.17476659078236,0.4,38.6
CHN,China,2016,57.3289648,0.413140466173888,0.103468084376343,0.185155152566946,6.7736886867727,0.104843531709252,6.16357090866066,0.245866848453772,1.0524740832802,0.2,38.5
CHN,China,2017,62.4219089,0.53771676055273,0.120213781350851,0.235890375798972,6.89123916636191,0.106612708521095,6.24623915563534,0.313804041024999,1.31423766724865,0.1,39.1
CHN,China,2018,61.8459925,0.582602393231466,0.0973259924176176,0.178921788137024,6.757806142324,0.153295372359551,6.25969538838069,0.413038667779282,1.42518421392494,0.0,38.5
CHN,China,2019,63.5270765,0.448117054740137,0.0873021038880976,0.272313304955158,6.06737806333672,0.160723457303557,5.69178029552671,0.298457754882779,1.26691367576973,0.0,38.2
CHN,China,2020,60.7244539,0.359558405712834,0.0860228439754596,0.168349189697692,2.33950385203023,0.135539849767672,2.09618372204399,0.114304451775114,0.863774740928771,0.0,37.1
CHN,China,2021,61.4673891,0.607568894164746,0.0708433815950244,0.510049245324858,8.57038414981781,0.210524604380993,8.47352592384939,0.308578757061099,1.70756488252672,0.0,35.7
COL,Colombia,2000,29.8839848,0.00594743270414655,0.148326811166219,0.389708655622565,2.92486148176778,0.111515277869386,1.25270223212341,5.13691457442314,5.79241275178545,12.8,58.4
COL,Colombia,2001,,0.0917148556563016,0.145577434723163,0.152327976739115,1.67789830787579,0.119128827948719,0.0920725777672828,3.3895291211657,3.898278216233,13.8,57.3
COL,Colombia,2002,25.3197419,0.0189143133586352,0.139516276969955,0.224937813829373,2.50398046659659,0.0943543415243117,0.939608606713477,3.4723491449574,3.95007189063968,8.0,56.0
COL,Colombia,2003,26.0280015,0.012881055924233,0.155687458830806,0.620164530768051,3.91827190322513,0.0735630238143874,2.36282939630979,3.70073313323441,4.56302920257189,7.6,53.6
COL,Colombia,2004,31.939793,1.06821593565836,0.109424467464506,0.841593768194265,5.33302206759905,0.0624997059439029,3.79715867736165,3.84640284854431,5.92813672580534,6.6,55.0
COL,Colombia,2005,31.7315837,0.596433944424005,0.0965998792342974,0.80580348647962,4.82876110773741,0.100445843787992,3.37111077766936,4.6618753019502,6.26115845587611,6.0,53.9
COL,Colombia,2008,37.8071024,2.52115179783189,0.095402921197433,0.483899310883528,3.28344618616541,0.153846594070654,2.04799051810861,5.53392629328463,8.78822691726813,6.4,55.0
COL,Colombia,2009,39.1755145,0.693707471444523,0.129557535076959,0.558259226379061,1.13964864548062,0.205016544784415,-0.0317051022677077,3.27049268265203,4.85703346033699,5.7,54.1
COL,Colombia,2010,43.1639794,1.27474708918259,0.172103286971127,0.735935017297204,4.49465897070922,0.126227349398466,3.31434936742798,4.39207978728564,6.70109253013503,5.0,54.4
COL,Colombia,2011,45.9787128,1.77817848904041,0.134342784008874,0.779801054641043,6.94789198173555,0.235528552582625,5.80823503363762,6.932640671944,9.86049155221695,4.0,53.3
COL,Colombia,2012,43.151392,1.03216023590783,0.127700993861575,0.686447911012174,3.91263576716115,0.245199962236551,2.87569627540904,6.20532168790636,8.29683079092449,4.9,53.6
COL,Colombia,2013,43.7037921,0.731247317458531,0.150722492023095,0.349514038217319,5.13399351995672,0.27873333434137,4.14129387844136,5.87412217837008,7.3843393604104,4.5,53.5
COL,Colombia,2014,48.8925418,0.592321749950267,0.160052347346257,0.264573877688045,4.49903000110972,0.249868141338717,3.5703066542077,5.26376178203189,6.53057789835517,4.2,53.6
COL,Colombia,2015,49.5727208,0.570764338950047,0.178719664637305,0.174415252189526,2.95590137527523,0.154268801916413,2.06923227113727,2.62770808784162,3.70587614553491,3.9,52.0
COL,Colombia,2016,50.9727937,0.708360151216034,0.184468318968829,0.28236548926945,2.08738250162794,0.0625158675282947,1.08114925712198,1.86176731845908,3.09947714544169,3.9,51.7
COL,Colombia,2017,52.5716247,0.859687671858285,0.151403746105176,0.217285980775992,1.35936086788746,0.0740134626050438,-0.101221554133033,2.42584234973897,3.72823321108347,3.6,50.9
COL,Colombia,2018,54.5255309,0.870600652866166,0.108675201327311,0.146434355249825,2.56432428277704,0.174481375671232,0.695264947238812,3.64006660382347,4.940258188938,3.9,51.6
COL,Colombia,2019,50.4304751,0.666127039502179,0.101012799765967,0.19876158397522,3.18685539245533,0.19571942392748,1.36014067984289,3.14271008185612,4.30433092902696,4.5,52.5
COL,Colombia,2020,54.2459136,0.389999760965154,0.138644809443495,0.334771272385278,-7.18591413760859,0.124980430688447,-8.50949477621059,1.56279790261714,2.55119417609951,7.3,54.4
COL,Colombia,2021,48.5602739,0.725814104210245,0.0879916865767101,0.910145514972726,10.8011981904878,0.175988272187925,9.5929782838861,3.42402487593374,5.32396445388134,4.4,55.1
COM,Comoros,2004,56.9844717,0.0,1.23259320703783,0.0,3.10041210399676,0.0,1.16411909687749,0.0,1.23259320703783,7.6,55.9
COM,Comoros,2014,65.6326741,0.0,1.97695678379704,0.0,2.10665760321017,0.0,-0.0905995194762568,0.0,1.97695678379704,12.0,45.3
COM,Comoros,2020,58.1003511,0.0,1.59920965443734,0.0,-0.195556841918759,0.0,-2.13462938280972,0.0,1.59920965443734,1.7,34.2
COD,"Congo, Dem. Rep.",2004,28.0440471,0.0,21.5433464070402,0.405551757964498,6.73837393320788,0.0,3.64120168825156,2.13752329731202,24.0864214623167,65.3,41.6
COD,"Congo, Dem. Rep.",2012,28.0279579,0.0,17.4413649126141,7.62424604775848,8.66859360586926,,5.10047276903202,2.05735950238427,27.1229704627568,41.0,42.1
COD,"Congo, Dem. Rep.",2020,35.0400198,0.0,9.93475683809697,5.63458993212314,0.775427992354622,0.0,-2.41880983949436,0.358850561150071,15.9281973313702,48.7,44.7
COG,"Congo, Rep.",2005,44.2385009,0.0,3.11241330810725,0.00352047916312986,7.75575897806648,0.0373602563649983,3.9415931821321,44.9456173814714,48.0989114251068,22.7,47.3
COG,"Congo, Rep.",2011,55.2150468,0.0,2.40874917403059,0.0197193859186748,2.20591936286718,0.749128501169339,-1.06295910259951,48.6661331517592,51.8437302128778,16.0,48.9
CRI,Costa Rica,2000,77.3356885,0.0,1.0137692631934,0.000646314517951147,3.80207210664838,0.0,1.80819157520567,0.0,1.01441557771135,4.3,47.4
CRI,Costa Rica,2001,,0.0,1.050720686109,0.000497762772491522,3.49117013515725,0.0,1.65293200355205,0.0,1.05121844888149,3.1,51.5
CRI,Costa Rica,2002,81.7856914,0.0,0.951776248802268,0.00095180489289832,3.41687615891895,0.0,1.72295969081905,0.0283908073416018,0.981118861036768,2.9,51.8
CRI,Costa Rica,2003,76.1467767,0.0,0.98097937519238,0.00200982825469008,4.31718000096654,0.0,2.72728707655179,0.0374595979479728,1.02044880139504,2.8,49.3
CRI,Costa Rica,2004,77.7265223,0.0,0.93482741118721,0.00490037392806359,4.42459978667458,0.0,2.90067536924128,0.0613781507663448,1.00110593588162,2.6,48.4
CRI,Costa Rica,2005,80.0237175,0.0,0.973833720845623,0.0149614957385484,3.97666631433462,0.0,2.48427891885412,0.13263457054308,1.12142978712725,1.8,47.5
CRI,Costa Rica,2006,80.6908838,0.0,1.28793534130059,0.0583936415535772,7.3266951372695,0.0,5.83402518356301,0.145655110180747,1.49198409303492,1.9,49.3
CRI,Costa Rica,2007,79.7853711,0.0,1.37239862824046,0.0883425044126957,8.21513209207497,0.0,6.7597950880332,0.177661149458376,1.63840228211153,1.1,49.3
CRI,Costa Rica,2008,75.7933293,0.0,1.3017194957062,0.00701556216592066,4.73817511214847,0.0,3.32734138007224,0.177814056910713,1.48654911478283,1.4,48.6
CRI,Costa Rica,2009,78.1993684,0.0,1.17795012999201,0.00794854259965576,-0.87345608994562,0.0,-2.18936700680091,0.0442489217587359,1.2301475943504,1.5,50.6
CRI,Costa Rica,2010,79.4541674,0.0,1.60982054344363,0.0173466150644474,5.36034347722267,0.0,4.06134321043838,0.0,1.62716715850808,0.9,48.0
CRI,Costa Rica,2011,76.6845977,0.0,1.23059605246014,0.033253848839724,4.40315921836142,0.0,3.18309276687559,0.0,1.26384990129987,1.0,48.8
CRI,Costa Rica,2012,77.0920998,0.0,1.15330585162739,0.0242863788778182,4.88259252932575,0.0,3.66596872237885,0.0649850267861909,1.2425772572914,0.9,48.4
CRI,Costa Rica,2013,77.153462,0.0,1.28004345278562,0.00342713896408193,2.49476596233289,0.0,1.36003474738322,0.0577584252152377,1.34122901696494,0.9,49.2
CRI,Costa Rica,2014,77.5166561,0.0,1.3335436844848,0.00229688333739257,3.54210997703849,0.0,2.43499508652508,0.0518301508258059,1.387670718648,0.9,48.6
CRI,Costa Rica,2015,78.6355453,0.0,1.11246057199442,0.00141785290308843,3.65208093006359,0.0,2.55664326251552,0.0200960578384208,1.13397448273593,0.9,48.4
CRI,Costa Rica,2016,78.4171178,0.0,1.2152189312892,0.00213415610925803,4.20432320775184,0.0,3.15607053449173,0.0158677459016205,1.23322083330008,0.8,48.7
CRI,Costa Rica,2017,78.5448694,0.0,1.12598376993451,0.00200025050881263,4.15769914676933,0.0,3.17871988571305,0.00585553483434446,1.13383955527767,0.6,48.3
CRI,Costa Rica,2018,76.735494,0.0,0.936530070716898,0.0,2.85285959760458,0.0,1.9267557137394,0.00900722494170017,0.945537295658598,0.9,48.0
CRI,Costa Rica,2019,76.5896171,0.0,0.752703492939289,0.0,2.70813912948329,0.0,1.85075764226454,0.00698634796129753,0.759689840900586,0.6,48.2
CRI,Costa Rica,2020,81.6952443,0.0,0.901332331520209,0.0,-4.14159340574358,0.0,-4.803591296633,0.00341590826010993,0.904748239780319,1.3,49.2
CRI,Costa Rica,2021,83.2688714,0.0,0.754441580498447,0.0,8.21817953969082,0.0,7.6692169270473,0.00896579369125843,0.763407374189705,0.7,48.7
CIV,Cote d'Ivoire,2002,26.8912475,0.0,1.81782276899122,0.0,-2.73052647441901,0.191211922520124,-5.21173930372343,0.449871788392484,2.45890647990383,14.3,41.3
CIV,Cote d'Ivoire,2008,34.6103971,0.0,1.90768602761435,0.110068813260895,4.7826659787672,0.307395693178292,2.42600024388695,3.23685198449427,5.56200251854781,18.2,43.2
CIV,Cote d'Ivoire,2015,52.5049057,0.0,2.08311829430822,0.361552777361383,7.19494942728191,0.261322774444977,4.14232947521536,0.366602851194199,3.07259669730878,17.0,41.5
CIV,Cote d'Ivoire,2018,50.2088875,0.0,1.47066903768452,0.455348393491403,4.84314605889178,0.253454611297185,2.05334874793748,0.930497052970617,3.10996909544373,5.2,37.2
CIV,Cote d'Ivoire,2021,50.5963204,0.0,1.2244190059936,2.50107699952363,7.06253713446816,0.309353155239366,4.4463193708041,0.70017290136454,4.73502206212113,4.7,35.3
HRV,Croatia,2000,71.7843973,0.0,0.27396066444897,0.0,2.94765913375998,0.176674487364417,3.96819591961956,0.630971359439616,1.081606511253,0.0,31.3
HRV,Croatia,2001,,0.0,0.20393112714838,0.0,3.11089328552634,0.396410593313288,7.15557497333592,0.407483342326942,1.00782506278861,0.0,31.1
HRV,Croatia,2004,75.9652881,0.0,0.170636624417313,0.0,4.17049297825163,0.159234241412183,4.14142900899388,0.332637436119168,0.662508301948664,0.0,29.7
HRV,Croatia,2008,78.5547545,0.0,0.209750893951263,0.0,1.97176786914632,0.449762185799552,1.98388228188433,0.441053907428522,1.10056698717934,0.0,33.7
HRV,Croatia,2009,78.593405,0.0,0.184334765817354,1.1239374783111e-05,-6.81168973851901,0.337104007943048,-6.71376495542094,0.257276727386522,0.778726740521708,0.7,32.6
HRV,Croatia,2010,77.8383505,0.0,0.210971233267681,5.91090700556906e-05,-1.33616285467264,0.423248920946002,-1.11211829111342,0.283128862746704,0.917408126030443,0.9,32.4
HRV,Croatia,2011,77.5649424,0.0,0.281541972016793,0.000143807176916117,-0.111527124990047,0.590019896003995,0.233948098216914,0.422234790549554,1.29394046574726,0.4,32.3
HRV,Croatia,2012,77.2554101,0.0,0.309752067878693,0.000148656652477393,-2.23702049605232,0.559782333488413,-1.77225046048896,0.424759009341811,1.2944420673614,0.6,32.5
HRV,Croatia,2013,77.8226012,0.0,0.292198540311346,0.000177669439351041,-0.132561080066893,0.435741263753703,0.491232719081154,0.380362350794203,1.1084798242986,0.5,32.0
HRV,Croatia,2014,76.7087681,0.0,0.244827909549667,0.000183009036417709,-0.559537666687092,0.289997413757728,0.20548399994118,0.332340412986531,0.867348745330344,0.6,32.1
HRV,Croatia,2015,76.3380325,0.0,0.24181425915839,0.000260731871048492,2.32056679330526,0.267533069090353,3.54970254475377,0.188549002176531,0.698157062296322,0.4,31.1
HRV,Croatia,2016,76.7489407,0.0,0.225492879866506,0.00021564799047202,3.46613146011039,0.133193976413268,4.59625905495034,0.152408109394096,0.511310613664342,0.4,30.9
HRV,Croatia,2017,76.5731112,0.0,0.278932187391255,0.000352999675433414,3.2840626939789,0.156560711183931,4.95698866850903,0.222493492276796,0.658339390527416,0.4,30.4
HRV,Croatia,2018,79.0287809,0.0,0.254506149251206,0.000304050965583092,2.91107146210912,0.197945973157546,4.26898598804596,0.320303857626588,0.773060031000923,0.3,29.7
HRV,Croatia,2019,78.6648898,0.0,0.241443273100307,0.0,3.10247285336254,0.101877299594189,4.13065464683689,0.276145552955415,0.619466125649912,0.2,28.9
HRV,Croatia,2020,76.9588991,0.0,0.252537598880259,0.0,-8.31046995309319,0.0454518090024755,-7.48629145426857,0.141105225031332,0.439094632914067,0.2,29.5
HRV,Croatia,2021,76.7657831,0.0,0.2176446256734,0.0,12.6312741312741,0.183195535140786,13.6540779633306,0.280358036189526,0.681198197003712,0.2,28.9
CYP,Cyprus,2004,71.3261492,0.0,0.00078318114541277,0.00798728378322582,5.02627226665527,0.0,3.63073785684536,0.0,0.00877046492863859,0.1,30.1
CYP,Cyprus,2005,75.5263593,0.0,0.000730238018891157,0.0,4.85298762175586,0.0,3.35375226035941,0.00120177163901405,0.00193200965790521,0.0,30.3
CYP,Cyprus,2006,76.8705497,0.0,0.000588866032790885,0.0,4.71378358593959,0.0,2.98125084368819,0.00127433498559614,0.00186320101838702,0.0,31.1
CYP,Cyprus,2007,77.7333994,0.0,0.00152167347209913,0.00494683036744994,5.09822614854798,0.0,2.88426389868701,0.00117988658125929,0.00764839042080836,0.0,31.1
CYP,Cyprus,2008,79.572056,0.0,0.00154223780939191,0.00300667236227514,3.64698922103939,0.0,1.07674041142521,0.0150445662460913,0.0195934764177584,0.0,31.7
CYP,Cyprus,2009,79.3931468,0.0,0.000780140687077133,0.0178052349957399,-2.01508203683694,0.0,-4.61048255739776,0.00868111599731847,0.0272664916801355,0.1,32.1
CYP,Cyprus,2010,78.9884444,0.0,0.000659111606401295,0.0384173210170689,2.28267100119788,0.0,-0.357614019094044,0.00549581724887354,0.0445722498723438,0.0,31.5
CYP,Cyprus,2011,79.287685,0.0,0.000688548591265619,0.0610565826464798,0.416711868408683,0.0,-2.1129375771815,0.0100066330418738,0.0717517642796192,0.0,32.6
CYP,Cyprus,2012,79.4455839,0.0,0.000879226538418237,0.0612559497233609,-3.44738151374587,0.0,-4.90738549673117,0.0105936802654269,0.072728856527206,0.0,34.3
CYP,Cyprus,2013,78.1310078,0.0,0.000756568371340934,0.0409904332747014,-6.58747751118347,0.0,-6.48031760121023,0.00316216169680669,0.0449091633428491,0.0,37.0
CYP,Cyprus,2014,77.9047176,0.0,0.000773795567203845,0.0318131656258371,-1.77605867728616,0.0,-1.48883694697456,0.00228489772489687,0.0348718589179378,0.1,35.6
CYP,Cyprus,2015,77.5634733,0.0,0.000997368384577925,0.0188605287867583,3.41892038889013,0.0,3.19512275980128,0.0,0.0198578971713362,0.0,34.0
CYP,Cyprus,2016,78.9998839,0.0,0.00119501651457679,0.0,6.57359080924678,0.0,6.01835711404337,0.000276297291237262,0.00147131380581406,0.0,32.9
CYP,Cyprus,2017,77.4041516,0.0,0.00129440300345047,0.00409708338237163,5.75083236554525,0.0,4.85340888107815,0.0,0.0053914863858221,0.0,31.4
CYP,Cyprus,2018,77.1017013,0.0,0.000958143995037843,0.00373416802406763,6.27166360056404,0.0,5.05105337795295,0.0,0.00469231201910547,0.0,32.7
CYP,Cyprus,2019,78.5331873,0.0,0.00081055766746727,0.00280269409965182,5.87559583386607,0.0,4.46826562163456,0.0,0.00361325176711909,0.1,31.2
CYP,Cyprus,2020,73.6462217,0.0,0.000806848746242535,0.00712423748271897,-3.22063018637567,0.0,-4.51403585865228,0.0,0.0079310862289615,0.0,31.7
CYP,Cyprus,2021,74.0794418,0.0,0.000839544041055134,0.0119250208694213,11.3975590801512,0.0,9.74651161533515,0.0,0.0127645649104764,0.0,31.3
CZE,Czechia,2002,82.5917533,0.224411134093946,0.20904483893221,0.0,1.51345949139996,0.00612076571062581,1.7094695893478,0.0304619403231985,0.47003867905998,0.0,26.6
CZE,Czechia,2004,77.9667238,0.654724081984303,0.189418239408118,0.0,4.73633969683438,0.0057278736002702,4.70446820099657,0.0383298465371606,0.888200041529852,0.0,27.5
CZE,Czechia,2005,83.7156252,0.540246052284705,0.172756140439348,0.0,6.37502886086791,0.00404299364304145,6.22798628216121,0.0508088454131561,0.76785403178025,0.0,26.9
CZE,Czechia,2006,84.2332968,0.528275970815551,0.185449124771748,0.0,6.62317299177447,0.00757328297226435,6.33483268224242,0.0436075630517138,0.764905941611277,0.0,26.7
CZE,Czechia,2007,84.635097,0.456650977636518,0.195393350953533,0.0,5.48882595164517,0.00715433190801212,4.87504670244317,0.0367473553909014,0.695946015888964,0.1,26.0
CZE,Czechia,2008,85.1185815,1.3243839026066,0.156178640168879,0.0,2.61226807205139,0.0101994932672347,1.76470872925512,0.0429704222612688,1.53373245830398,0.0,26.3
CZE,Czechia,2009,84.1953432,0.523809142646871,0.143567880021802,0.0,-4.79832416684926,0.00930088435824045,-5.33917399896316,0.0244055189347667,0.70108342596168,0.0,26.2
CZE,Czechia,2010,84.6716739,0.768828148333853,0.165929686910492,0.0,2.71466509907701,0.00920461377488738,2.41582948883936,0.0217719950834572,0.965734444102689,0.0,26.6
CZE,Czechia,2011,85.1925072,0.873763828516135,0.153618114791696,0.0,1.77238085338473,0.0120883197213644,1.56218619113156,0.0306168472969245,1.07008711032612,0.0,26.4
CZE,Czechia,2012,85.0744443,0.4337699262957,0.160563939979121,0.0,-0.770668190622743,0.0157107832668183,-0.909418387644408,0.0305352758913579,0.640579925432997,0.0,26.1
CZE,Czechia,2013,85.005901,0.178348044959311,0.162362033313272,0.0,-0.0418124160447491,0.0146450305832525,-0.0749629946207335,0.0274970082447114,0.382852117100547,0.0,26.5
CZE,Czechia,2014,85.0958818,0.146547348893172,0.162727778588859,0.0,2.24521219862635,0.0108856455416215,2.13762755318902,0.0252681890510458,0.345428962074698,0.0,25.9
CZE,Czechia,2015,84.6939927,0.12546374892164,0.169642722697322,0.0,4.95875848915604,0.00866395440407604,4.75262406436026,0.0102914811209634,0.314061907144002,0.0,25.9
CZE,Czechia,2016,84.0305673,0.126840441052511,0.172163254640676,0.0,2.58087013921376,0.00434768843866165,2.3840542545404,0.00692491287997829,0.310276297011828,0.0,25.4
CZE,Czechia,2017,83.3175368,0.143846138961089,0.213964042740389,0.0,5.17356529967881,0.00566647010243837,4.8945501951199,0.00881622275858796,0.372292874562504,0.0,24.9
CZE,Czechia,2018,83.7215235,0.133105028971712,0.23615605754452,0.0,2.83030588267866,0.00759912966037681,2.48698770067625,0.0125584051035841,0.389418621280193,0.0,25.0
CZE,Czechia,2019,83.5971951,0.0910332301509012,0.29543666693327,0.0,3.56577658128261,0.00499837538789554,3.15874802851988,0.0083220468689857,0.399790319341053,0.0,25.3
CZE,Czechia,2020,81.4082597,0.0544222892525117,0.35468020378351,0.0,-5.30487955463876,0.00239675481758074,-5.53491969820153,0.00507207922757448,0.416571327081177,0.0,26.2
CZE,Czechia,2021,82.9227315,0.0939363572598997,0.27927082252104,0.0,4.02901832055149,0.0121354470762149,5.93106968937249,0.00965696429550218,0.394999591152656,0.0,26.2
DNK,Denmark,2000,90.2941407,0.0,0.0292464023669401,0.0,3.72400899471576,0.122725555837185,3.37790720232864,1.36695481609054,1.51892677429467,0.1,23.8
DNK,Denmark,2003,86.5752081,0.0,0.0114596432525401,0.0,0.441091006625101,0.15791182172375,0.168251992521974,0.93307700460479,1.10244846958108,0.2,25.6
DNK,Denmark,2004,83.1183398,0.0,0.00888425988836269,0.0,2.77635180744053,0.142752210617765,2.51108744805822,1.15749023574584,1.30912670625197,0.2,24.9
DNK,Denmark,2005,85.295002,0.0,0.0145758693094045,0.00298278138657987,2.35960882992528,0.127641278622012,2.07801485327876,1.57548312247966,1.72068305179766,0.2,25.2
DNK,Denmark,2006,84.544568,0.0,0.0122869895742902,0.00279857476941565,3.81648769908172,0.26476481017211,3.47585987311464,1.5417001087756,1.82155048329142,0.1,25.9
DNK,Denmark,2007,87.4742691,0.0,0.0147962281888116,0.00480264927966494,0.987173815945127,0.214718019127171,0.540321532272571,1.37515571112353,1.60947260771918,0.0,26.2
DNK,Denmark,2008,86.9263153,0.0,0.0141731217887413,0.00603744624773316,-0.417178439991005,0.383971968799415,-1.00055940971312,1.70355050889399,2.10773304572988,0.1,25.2
DNK,Denmark,2009,86.5085779,0.0,0.0146752899821252,0.00561807105668662,-4.97447905669058,0.24866631252569,-5.48158280998165,0.914832469823829,1.18379214338833,0.2,26.7
DNK,Denmark,2010,85.8853352,0.0,0.0171826041558455,0.0,1.58289703108802,0.217594784657197,1.13266938250023,0.983292205895114,1.21806959470816,0.0,27.2
DNK,Denmark,2011,85.6252474,0.0,0.015240764101815,0.000892637102572135,1.3108037609606,0.250851104600287,0.894526404293345,1.3683944127568,1.63537891856148,0.0,27.3
DNK,Denmark,2012,83.7172224,0.0,0.0164860101368364,0.00281871358647831,-0.00543230161670749,0.241906401833698,-0.380977125445526,1.2608873326792,1.52209845823621,0.0,27.8
DNK,Denmark,2013,83.3239817,0.0,0.0202087914713673,0.000595737548355968,1.39267343161971,0.187630867262796,0.970845909690212,0.967648067154255,1.17608346343677,0.3,28.5
DNK,Denmark,2014,85.2102567,0.0,0.0224742397792256,0.0,1.27799983192831,0.126066308813821,0.765766155124069,0.834668694474792,0.983209243067839,0.1,28.4
DNK,Denmark,2015,83.3159021,0.0,0.0226080111124951,0.0,2.10441456445301,0.108895890420425,1.38566632188861,0.389980667105512,0.521484568638432,0.1,28.2
DNK,Denmark,2016,81.8158814,0.0,0.0194152178787944,0.0,3.07304549209093,0.0613042603242628,2.27180151789635,0.261758496429453,0.342477974632511,0.2,28.2
DNK,Denmark,2017,81.5224092,0.0,0.0170505833767376,0.0,3.05647723922718,0.0860977642930863,2.39559065097636,0.367052364111918,0.470200711781742,0.1,28.7
DNK,Denmark,2018,83.0073538,0.0,0.019414192788715,0.0,1.8600074900921,0.109349577406559,1.35619600199787,0.459098841781269,0.587862611976543,0.1,28.2
DNK,Denmark,2019,81.242189,0.0,0.0154071082620836,0.0,1.71140093932736,0.0583699793281617,1.34779245340653,0.372447675054216,0.446224762644461,0.2,27.7
DNK,Denmark,2020,80.7263059,0.0,0.0131424205812259,0.0,-1.78010601831291,0.0121535304658443,-2.06613837683189,0.137036781200766,0.162332732247836,0.1,27.5
DNK,Denmark,2021,80.2591122,0.0,0.0132691377186323,0.0,6.50025445756295,0.0551051312906266,6.03966577353796,0.270290117190291,0.33866438619955,0.1,28.3
DJI,Djibouti,2002,59.6821364,0.0,0.454277724249501,0.0,,0.0,,0.0,0.454277724249501,10.5,40.0
DJI,Djibouti,2012,67.8992675,0.0,0.945907199473507,0.0,,0.0,,0.0,0.945907199473507,10.9,45.1
DJI,Djibouti,2013,60.8463858,0.0,0.526727088783967,0.0,,0.0,,0.0,0.526727088783967,11.8,44.1
DJI,Djibouti,2017,52.993998,0.0,0.571398008790601,0.0,5.458091517212,0.0,3.73971530980459,0.0,0.571398008790601,9.1,41.6
DOM,Dominican Republic,2000,63.6298001,0.0,0.0239684281764079,0.317058364257036,4.65172550299128,0.0,2.96955695961634,0.0,0.341026792433444,2.9,51.5
DOM,Dominican Republic,2001,,0.0,0.0227890061773118,0.0,2.46937023763239,0.0,0.870183146599885,0.0,0.0227890061773118,2.0,50.0
DOM,Dominican Republic,2002,63.162825,0.0,0.0194646715603647,0.00818310706534512,4.48650367045651,0.0,2.9290209406912,0.0,0.0276477786257098,3.1,49.7
DOM,Dominican Republic,2003,55.718872,0.0,0.0263908367122386,0.515241558007629,-1.34935744782766,0.0,-2.75964568450404,0.0,0.541632394719868,3.6,52.1
DOM,Dominican Republic,2004,58.1533844,0.0,0.0261963564342343,1.18793379308578,2.58556667449577,0.0,1.18538383413113,0.0,1.21413014952002,4.6,52.1
DOM,Dominican Republic,2005,59.2115536,0.0,0.0164827820724517,0.704552608290341,9.43178931977285,0.0,8.00660714348427,0.0,0.721035390362793,2.9,50.0
DOM,Dominican Republic,2006,63.2623629,0.0,0.0347563601497664,1.57147795106193,9.17120650955299,0.0,7.81376318948548,0.0,1.6062343112117,2.3,52.0
DOM,Dominican Republic,2007,64.527305,0.0,0.0317119433923239,2.49633606037311,7.41840577774235,0.0,6.11794398001162,0.0,2.52804800376544,2.3,48.9
DOM,Dominican Republic,2008,65.4106236,0.0,0.0303136988066284,0.203833346821756,3.26808671288212,0.0,2.00088270726057,0.0,0.234147045628384,2.0,48.1
DOM,Dominican Republic,2009,64.886063,0.0,0.0277916316515481,0.0957122813826542,1.00345293018719,0.0,-0.268926599782176,0.0,0.123503913034202,1.7,48.9
DOM,Dominican Republic,2010,64.9199956,0.0,0.0561269389469561,0.116273238164466,8.40114541209596,0.0,7.02231182986095,0.0,0.172400177111422,1.3,47.3
DOM,Dominican Republic,2011,64.873245,0.0,0.0448568712636011,0.295353946361018,3.19196227475523,0.0,1.89038252427819,0.0,0.340210817624619,1.4,47.7
DOM,Dominican Republic,2012,66.4306599,0.0,0.0421673349725936,0.404673373832009,2.77567100848816,0.0,1.50210074555162,0.0,0.446840708804603,1.3,46.1
DOM,Dominican Republic,2013,65.7284045,0.0,0.0553201134359215,0.974400856614988,4.93473300709881,0.0,3.66423400861591,0.0,1.02972097005091,1.1,47.7
DOM,Dominican Republic,2014,66.8331451,0.0,0.0641599203946252,0.9733496247505,7.11122629673892,0.0,5.84760695663518,0.0,1.03750954514513,1.1,44.3
DOM,Dominican Republic,2015,67.8938356,0.0,0.0475531591552256,0.487794699076486,6.98771131236387,0.0,5.76452490966611,0.0,0.535347858231712,0.9,45.2
DOM,Dominican Republic,2016,68.5519931,0.0,0.0608896219981325,1.22105831015897,6.71974078681295,0.0,5.54040978660888,0.0,1.2819479321571,0.8,45.7
DOM,Dominican Republic,2017,67.4637175,0.0,0.0512601701837899,0.98408437077863,3.93386176401576,0.0,2.80931921775627,0.0,1.03534454096242,0.4,42.2
DOM,Dominican Republic,2018,65.9469346,0.0,0.036540576935264,0.83234888656992,7.09751640210159,0.0,5.95314205477773,0.0,0.868889463505184,0.3,43.7
DOM,Dominican Republic,2019,66.7744903,0.0,0.0336235048170234,1.0218209372648,4.8940301149584,0.0,3.81572682273033,0.0,1.05544444208182,0.3,41.9
DOM,Dominican Republic,2020,69.9277076,0.0,0.0439117686281755,1.19539932542519,-7.92905234231061,0.0,-8.88467221699831,0.0,1.23931109405337,0.4,39.6
DOM,Dominican Republic,2021,71.8780557,0.0,0.032322990953766,2.0447901942435,14.0124289062207,0.0,12.8319080410071,0.0,2.07711318519727,0.3,38.5
ECU,Ecuador,2000,53.0023646,0.0,0.353764628808119,0.0312504676242629,1.09180164720277,0.0149274346317537,-0.648225387551591,16.3324950885101,16.7324376195742,14.5,56.3
ECU,Ecuador,2003,47.5674417,0.0,0.238845200527549,0.104498850632412,2.88450036512064,0.00528724428841997,1.08541692667872,8.39147653417875,8.74010782962713,7.4,53.5
ECU,Ecuador,2004,50.2157047,0.0,0.230239324591933,0.0862266175887913,6.83239736646514,0.00534534839599283,4.9766254911447,12.2508252521177,12.5726365426945,7.8,53.9
ECU,Ecuador,2005,51.2783186,0.0,0.209052304128494,0.0904096131303906,5.39862243994342,0.0137364930608804,3.59103374682795,16.5366396462506,16.8498380565704,5.9,53.1
ECU,Ecuador,2006,52.7744977,0.0,0.263955071486812,0.120095801469637,4.34113198577639,0.01848153963096,2.56360111087805,17.9868791091883,18.3894115217757,3.9,52.3
ECU,Ecuador,2007,54.3935977,0.0,0.294768768075374,0.0715927422537484,1.90242859700484,0.0200087462005954,0.176823126136227,16.5138217754915,16.9001920320212,4.2,53.4
ECU,Ecuador,2008,56.3343682,0.0,0.267515886301042,0.0223541929369212,6.56492068224719,0.0174278432820981,4.76318326284088,18.654574856841,18.9618727793611,3.8,49.8
ECU,Ecuador,2009,56.9752237,0.0,0.277257223757117,0.140750723222177,1.0910129698311,0.0215040580227175,-0.618743696364604,8.82457083402611,9.26408283902812,3.4,48.5
ECU,Ecuador,2010,54.6041353,0.0,0.43634400590223,0.144998503952396,4.02913787986621,0.0152411813949828,2.2990259381485,11.1941478463167,11.7907315375663,2.6,48.8
ECU,Ecuador,2011,53.2044433,0.0,0.350545906433361,0.193071406393461,8.48147656332823,0.0219014648757271,6.71524931054121,16.0118572281981,16.5773760059007,2.3,45.9
ECU,Ecuador,2012,54.6078078,0.0,0.334498838726345,0.183332769961552,5.783212336172,0.0448272573078322,4.11233799510666,13.9638597674194,14.5265186334151,2.1,46.1
ECU,Ecuador,2013,61.395906,0.0,0.373993054876864,0.164424799645526,7.21123653679159,0.0450469705695697,5.61780573490684,12.2978605117168,12.8813253368088,1.4,46.9
ECU,Ecuador,2014,65.6082987,0.0,0.375842676044914,0.0892047794978054,4.22606520388456,0.0426715913878213,2.74412306472649,11.0826381316277,11.5903571785583,1.2,45.0
ECU,Ecuador,2015,62.7810581,0.0,0.353777217138995,0.0643810131639396,0.119692109287612,0.0190291431700831,-1.30274985042635,4.19483660505841,4.63202397853143,1.7,46.0
ECU,Ecuador,2016,63.0368482,0.0,0.404653909314901,0.0828958421781742,-0.687954245877947,0.00893255255772126,-2.12550882201938,3.26158550456448,3.75806780861528,1.7,45.0
ECU,Ecuador,2017,63.7182247,0.0,0.375864582422932,0.0849569513997177,5.97039880954841,0.00999933513610049,4.36195467405905,4.51289936555742,4.98372023451617,1.5,44.7
ECU,Ecuador,2018,64.7456762,0.0,0.318999357333842,0.0,1.04429460679607,0.0183213291864609,-0.674558960176682,6.75910009874679,7.0964207852671,1.5,45.4
ECU,Ecuador,2019,62.3101269,0.0,0.276947616236113,0.0,0.1654044646003,0.0174551929671252,-1.51253154807527,5.52629823993135,5.82070104913459,1.5,45.7
ECU,Ecuador,2020,63.3085413,0.0,0.352870526886709,0.0,-9.24509619165865,0.00867627170111582,-10.3108339169142,2.56275988674609,2.92430668533391,2.9,47.3
ECU,Ecuador,2021,62.5069701,0.0,0.282583696370884,0.0,9.42189269033631,0.0136026725030243,8.57789544186942,6.40325083301788,6.69943720189179,1.5,45.8
EGY,"Egypt, Arab Rep.",2004,50.8490751,0.00129422341845415,0.263656333252003,0.0153400376478508,4.09207161019908,1.60233568193565,1.96524683769799,9.49448631419397,11.3771125904479,0.6,31.8
EGY,"Egypt, Arab Rep.",2008,58.5218891,0.0,0.254204416912174,0.693023407802065,7.15628356711522,2.18068996423443,5.17381069982021,12.4545677729971,15.5824855619458,0.6,31.1
EGY,"Egypt, Arab Rep.",2010,48.8002345,0.0,0.221850956824007,0.214767137416821,5.14723485746742,1.5962103417445,3.14977851159885,7.41778712942652,9.45061556541184,0.2,30.2
EGY,"Egypt, Arab Rep.",2012,38.7439308,0.0,0.227571178906447,0.501480973530533,2.22619979818487,1.63298671232615,-0.042967018335915,8.38345897037217,10.7454978351353,0.2,28.3
EGY,"Egypt, Arab Rep.",2015,39.967655,0.0,0.230230249005605,0.125986889944651,4.37201907781687,0.717587471392014,2.2041585800734,3.05526433674059,4.12906894708286,0.1,31.8
EGY,"Egypt, Arab Rep.",2017,40.7648362,0.0,0.309903964144662,0.213844527771503,4.18122099961562,1.04828310066825,2.12015477140174,4.12683269397819,5.69886428656261,0.5,31.5
EGY,"Egypt, Arab Rep.",2019,45.4490688,0.0,0.170234765776553,0.0,5.55209307084222,1.67276468331077,3.71584088502073,3.8819618632175,5.72496131230483,0.3,31.9
EGY,"Egypt, Arab Rep.",2021,47.6720665,0.0,0.107579624880014,0.0,3.29064601193245,2.04572586744071,1.76220484274864,2.98581458250197,5.1391200748227,0.2,28.5
SLV,El Salvador,2000,65.5818393,0.0,0.497077305664038,0.0,1.12790697674419,0.0,0.626535379070958,0.0,0.497077305664038,7.7,51.5
SLV,El Salvador,2001,,0.0,0.485786941180763,0.0,0.879613659882722,0.0,0.462204790046101,0.0,0.485786941180763,8.6,51.3
SLV,El Salvador,2002,65.4443922,0.0,0.456800582996543,0.0,1.57291844759789,0.0,1.25783126943534,0.0139375107962022,0.470738093792746,8.8,51.9
SLV,El Salvador,2003,60.5493385,0.0,0.445015903949503,0.0,1.56539303147618,0.0,1.36275661190544,0.0195408780039438,0.464556781953447,10.1,50.4
SLV,El Salvador,2004,63.3848636,0.0,0.430648837938149,0.0,0.889404485692197,0.0,0.787383831431995,0.0217385679327602,0.452387405870909,7.0,47.8
SLV,El Salvador,2005,64.70213,0.0,0.41142655457742,0.0,2.68083009363194,0.0,2.66532259162382,0.135195934882048,0.546622489459469,6.4,48.5
SLV,El Salvador,2006,62.3107418,0.0,0.543464353950394,0.0,4.3369986028604,0.0,4.39364908718933,0.56647035112419,1.10993470507458,3.9,45.7
SLV,El Salvador,2007,65.7302391,0.0,0.565857134335423,0.0,1.84760220587859,0.0,1.72041607620905,0.458911583353226,1.02476871768865,2.6,45.2
SLV,El Salvador,2008,66.8570269,0.0,0.591889847865169,0.0,2.15440298282768,0.0,1.82447186659891,0.577913009476031,1.1698028573412,3.8,46.9
SLV,El Salvador,2009,63.2527135,0.0,0.576957617783252,0.0,-2.10876837627522,0.0,-2.41599153160278,0.138481519538933,0.715439137322185,3.7,45.8
SLV,El Salvador,2010,66.532444,0.0,1.02874215933074,0.0,2.15419536693635,0.0,1.81801613607789,0.0,1.02874215933074,3.2,43.5
SLV,El Salvador,2011,66.2860095,0.0,0.831986551878755,0.0,3.80688113429295,0.0,3.43396823026714,0.000375231029418766,0.832361782908174,2.7,42.3
SLV,El Salvador,2012,69.2463755,0.0,0.770673649472211,0.0,2.82262371802327,0.0,2.42155666583095,0.000341986807496248,0.771015636279707,2.3,41.8
SLV,El Salvador,2013,63.8876178,0.0,0.938615461501715,0.0,2.23562439198375,0.0,1.82154176742195,0.000303211604748274,0.938918673106463,1.9,43.4
SLV,El Salvador,2014,64.1791153,0.0,1.05479036830975,0.0,1.70870628357073,0.0,1.31071422282479,0.000268957154654745,1.0550593254644,1.7,41.6
SLV,El Salvador,2015,63.4839557,0.0,0.850742982932215,0.0,2.40000008852115,0.0,2.05686593954016,0.0,0.850742982932215,1.2,40.6
SLV,El Salvador,2016,61.6051676,0.0,1.0221138126124,0.0,2.53906241135864,0.0,2.25589267443243,0.0,1.0221138126124,1.4,40.0
SLV,El Salvador,2017,60.1543384,0.0,0.888054016614555,0.0,2.24761908134138,0.0,2.0380895055328,0.000106394703334763,0.88816041131789,1.1,38.0
SLV,El Salvador,2018,58.7190176,0.0,0.663487637976865,0.0,2.4124442237792,0.0,2.30913946286621,0.00016205248904761,0.663649690465912,0.9,38.6
SLV,El Salvador,2019,62.2422412,0.0,0.562223559900046,0.0,2.43747159065784,0.0,2.39613321946494,0.0001255650591976,0.562349124959244,0.7,38.8
SLV,El Salvador,2021,62.1021567,0.0,0.535114528890792,0.0,11.9047617015957,0.0,11.5271594106656,0.000150418698822045,0.535264947589614,2.0,39.0
EST,Estonia,2000,81.430406,0.0,2.17877291677121,0.0,10.0876385800462,0.0,9.55642258870186,1.53035528821004,3.70912820498125,0.7,35.8
EST,Estonia,2001,,0.0,2.13407208988511,0.0,5.88074589534277,0.0,6.55731967784041,0.940432350616132,3.07450444050124,0.7,36.0
EST,Estonia,2002,80.6163294,0.0,1.68758080445156,0.0,6.93300082616575,0.0,7.61250041092767,0.769330159854059,2.45691096430562,0.7,35.8
EST,Estonia,2003,81.4138506,0.0,1.52384573650587,0.0,7.59630181032645,0.0,8.27372395680648,0.628213867743043,2.15205960424891,1.6,37.2
EST,Estonia,2004,76.4539927,0.0,0.879145224122585,0.0,6.80070110758655,0.0,7.44108988454812,0.718607971781233,1.59775319590382,0.7,33.6
EST,Estonia,2005,77.6396385,0.0,0.633299740536681,0.0,9.52305386462066,0.0,10.1516023275001,1.00907540024629,1.64237514078297,0.5,33.4
EST,Estonia,2006,78.2744693,0.0,0.588267404138868,0.0,9.76257131206653,0.0,10.4117043601584,1.05803169914904,1.6462991032879,0.5,33.7
EST,Estonia,2007,78.5057491,0.0,0.45467226854709,0.0,7.57091879311882,0.0,8.06276601408268,1.12130367695077,1.57597594549786,0.3,31.2
EST,Estonia,2008,77.2952717,0.0,0.512364258866361,0.0,-5.12531154308803,0.0,-4.87057915292706,1.58302746810645,2.09539172697282,0.3,31.9
EST,Estonia,2009,77.2812392,0.0,0.622147069474355,0.0,-14.6302225427906,0.0,-14.4654981470721,0.956769785029067,1.57891685450342,0.3,31.4
EST,Estonia,2010,79.1020251,0.0,0.838785843997608,0.0,2.4497502063999,0.0,2.68366165094633,0.720826423519741,1.55961226751735,0.5,32.0
EST,Estonia,2011,78.1653452,0.0,0.889538427492448,0.0,7.60697458913162,0.0,7.93414724975237,0.895652000201936,1.78519042769438,0.7,32.5
EST,Estonia,2012,77.9251865,0.0,0.957377443523965,0.0,3.67201872506541,0.0,4.04377186018716,1.01314866161022,1.97052610513419,0.5,32.9
EST,Estonia,2013,80.63728,0.0,0.890836698741817,0.0,1.75649379621869,0.0,2.1192820000981,0.908405977818845,1.79924267656066,0.7,35.1
EST,Estonia,2014,83.3984558,0.0,0.797797875496218,0.0,3.32278988182702,0.0,3.59411590769302,0.967779937618074,1.76557781311429,0.6,34.6
EST,Estonia,2015,81.1286169,0.0,0.868049728469609,0.0,1.83815262882932,0.0,1.77141701957223,0.577870298883675,1.44592002735328,0.4,32.7
EST,Estonia,2016,80.809179,0.0,0.851635065133593,0.0,3.09301920751959,0.0,3.06301090349199,0.395237695104046,1.24687276023764,0.3,31.2
EST,Estonia,2017,80.2859166,0.0,1.08446674179545,0.0,5.63467248963991,0.0,5.50685731354206,0.648969670439222,1.73343641223467,0.2,30.4
EST,Estonia,2018,79.5395993,0.0,1.02239313872309,0.0,3.69969756161726,0.0,3.33940936378892,0.995460170965617,2.01785330968871,0.2,30.3
EST,Estonia,2019,79.9625636,0.0,0.883141945947517,0.0,3.72664943466884,0.0,3.3419636171697,0.924587689843327,1.80772963579084,0.4,30.8
EST,Estonia,2020,81.5734269,0.0,0.949269749168634,0.0,-2.88380751483778,0.0,-3.07548007766944,0.480973513029608,1.43024326219824,0.2,30.7
EST,Estonia,2021,81.0612214,0.0,0.758996770060817,0.0,8.25488044580031,0.0,8.14019436008853,0.962229214145247,1.72122598420606,0.2,31.8
SWZ,Eswatini,2000,60.9437799,0.189353306502732,2.77538791933973,0.0,1.76017328388222,0.0,0.721283694963475,0.0,2.96474122584246,29.4,53.1
SWZ,Eswatini,2009,66.7646308,0.253220270716695,2.41855159240126,0.0,1.43311134247756,0.0,0.784947122409747,0.0,2.67177186311795,26.8,51.4
SWZ,Eswatini,2016,58.2348978,0.110834094905383,4.37776737674853,0.0,2.94916821059911,0.0,2.34965752297238,0.116108859833854,4.60471033148777,17.7,54.6
ETH,Ethiopia,2004,44.8066469,0.0,27.7679687860224,0.0430245623456206,13.5726031401471,0.0,10.221815108184,0.0,27.810993348368,10.3,29.8
ETH,Ethiopia,2010,38.9726552,0.00724499256922988,15.5250945121129,0.281800575724129,12.5505383347633,0.0,9.4043448666486,0.00585567747283122,15.8199957578791,10.4,33.2
ETH,Ethiopia,2015,44.3110499,0.0,12.0781975873925,0.112168490610375,10.3924630141307,0.0,7.4680767605293,0.00285682989554231,12.1932229078984,9.6,35.0
ETH,Ethiopia,2021,31.4927932,0.000163832810177573,5.60232241207702,0.264587228725472,5.64153069324176,0.0,2.85565763143852,0.0,5.86707347361267,10.8,31.1
FJI,Fiji,2002,72.2189754,0.0,0.47292628897727,0.516580758343709,3.19999861722759,0.0,2.18333221669403,0.0,0.989507047320979,1.0,38.1
FJI,Fiji,2008,64.139609,0.0,0.621167064034149,0.259287172970978,1.03279368777636,0.0,0.410201054333271,0.0,0.880454237005127,0.7,40.4
FJI,Fiji,2013,63.7756872,0.0,0.840218948184971,0.515173924299496,4.7342203729816,0.0,4.57032170520452,0.0,1.35539287248447,0.2,36.7
FJI,Fiji,2019,77.6492708,0.0,0.841751499554254,0.312629925115531,-0.581946590349759,0.0,-0.334080345193271,0.0,1.15438142466978,0.8,30.7
FIN,Finland,2000,94.2699652,0.0,0.404788604483289,0.0229423943544132,5.75373770498848,0.0,5.53441379935349,0.0,0.427730998837703,0.0,27.2
FIN,Finland,2003,93.703799,0.0,0.358144925912867,0.0158081124150463,2.01179992738312,0.0,1.76883520334854,0.0,0.373953038327913,0.0,27.7
FIN,Finland,2004,89.292737,0.0,0.266054980681857,0.0344008520434289,4.00537952277651,0.0,3.70383750334673,0.000189469423886904,0.300645302149173,0.0,27.9
FIN,Finland,2005,91.6383192,0.0,0.250573023435169,0.0462401384674904,2.77730918518017,0.0,2.42615653951086,0.00118934851858091,0.29800251042124,0.0,27.6
FIN,Finland,2006,90.9859917,0.0,0.265475019738743,0.105546886019445,4.01957326515895,0.0,3.62113497225309,0.00235658390019934,0.373378489658387,0.1,28.0
FIN,Finland,2007,91.5464492,0.0,0.311218578156343,0.103473990479585,5.31280176694145,0.0,4.86572137220107,0.0,0.414692568635928,0.0,28.3
FIN,Finland,2008,90.7912785,0.0,0.289909318388013,0.0973000473486769,0.784431235717051,0.0,0.316320525705208,0.0,0.387209365736691,0.0,27.8
FIN,Finland,2009,91.5155435,0.0,0.252549086848801,0.0806358905411379,-8.07603116552393,0.0,-8.51460466433139,0.0,0.333184977389939,0.0,27.5
FIN,Finland,2010,90.847851,0.0,0.322424091666797,0.14674086949288,3.1682879121621,0.0,2.69737665062684,0.0351012330705767,0.504266194230253,0.0,27.7
FIN,Finland,2011,89.8981465,0.0,0.304594696627744,0.191800290602006,2.39039455396828,0.0,1.91685338301681,0.0362541272728247,0.532649114502575,0.0,27.6
FIN,Finland,2012,89.342781,0.0,0.290627931189504,0.23932516251574,-1.52284013040689,0.0,-1.99029082999297,0.0475826843159529,0.577535778021198,0.0,27.1
FIN,Finland,2013,88.6681551,0.0,0.317034420176452,0.129280420521769,-0.979741024949618,0.0,-1.43490157636175,0.0522484933642708,0.498563334062492,0.1,27.2
FIN,Finland,2014,88.4108482,0.0,0.332903819730429,0.0965710485835301,-0.4780684247837,0.0,-0.888801631577977,0.0536121904628334,0.483087058776792,0.0,26.8
FIN,Finland,2015,85.2782928,0.0,0.34675542069703,0.0669563371318421,0.466503766322674,0.0,0.136127693741741,0.0321566445749805,0.445868402403852,0.1,27.1
FIN,Finland,2016,84.0178329,0.0,0.346732972201017,0.0583982051447675,2.57193414898754,0.0,2.27754373131673,0.00498747892590695,0.410118656271692,0.0,27.1
FIN,Finland,2017,85.3471794,0.0,0.313318709928274,0.119924227964149,3.30337003591039,0.0,3.06123169296772,0.0205287132946789,0.453771651187102,0.1,27.4
FIN,Finland,2018,83.6849655,0.0,0.416563866954643,0.110866113285585,1.19297759742292,0.0,1.05884315705418,0.0359430063476326,0.563372986587861,0.0,27.3
FIN,Finland,2019,82.9390103,0.0,0.308689061808585,0.0169941990633999,1.34973845741737,0.0,1.23812097519217,0.0395237238079271,0.365206984679912,0.0,27.7
FIN,Finland,2020,85.6622581,0.0,0.254136694513124,0.0143024115186818,-2.49103605535707,0.0,-2.63099855258851,0.0208151367431629,0.289254242774969,0.0,27.1
FIN,Finland,2021,85.1751318,0.0,0.293602465459058,0.109078885852519,2.67634641498897,0.0,2.46373050011893,0.0456314892036643,0.448312840515242,0.0,27.7
FRA,France,2000,79.9556558,0.000426768443912514,0.0530922401445337,0.000414116623984834,4.14099996402915,0.00299506579058074,3.42869029655284,0.0128162153938784,0.0697444063968902,0.1,32.6
FRA,France,2001,,0.000965349093102791,0.0460691923044872,0.000396138286589849,1.89946701186636,0.00635783621055011,1.1593271284506,0.00936012963415914,0.0631486455288891,0.1,32.5
FRA,France,2002,79.5826125,0.000259166856295448,0.0435455251990532,0.00049109279852457,1.06775027069419,0.00423334274640622,0.335619014023663,0.00830876294635966,0.0568378905466392,0.0,31.8
FRA,France,2003,71.761361,0.000253270748053223,0.0399172142812354,0.00037699915829033,0.967827182558352,0.00332236455310995,0.257866805308325,0.00737910136174695,0.0512489501024358,0.1,31.4
FRA,France,2004,72.5577633,0.000156053218409265,0.0299514916484651,0.000206076199611025,2.86825052501032,0.00220834809870801,2.11736543407739,0.00810398257408497,0.0406259517392784,0.0,30.6
FRA,France,2005,73.7902828,0.0,0.0287994431339762,0.000298559427163688,1.88856584109286,0.00148807022362251,1.1253537135494,0.0111412257646513,0.0417272985494137,0.0,29.8
FRA,France,2006,76.0952107,0.0,0.0320438360219227,0.000581288296468117,2.71406448755236,0.0036644600177254,2.00131130247657,0.011867928639494,0.0481575129756102,0.0,29.7
FRA,France,2007,77.0188812,0.0,0.0344135585686767,0.000624905015499963,2.53048188351066,0.00285427992345928,1.89856745333175,0.0105907897754201,0.0484835332830561,0.0,32.4
FRA,France,2008,76.8067448,0.0,0.0345297583376973,0.00103942259758142,0.380171435849121,0.00416381388602014,-0.178410661195599,0.014247070185208,0.0539800650065068,0.0,33.0
FRA,France,2009,74.5791042,0.0,0.0375039989316507,0.00127715152883219,-2.82455153714783,0.00300131454498394,-3.32212444604225,0.00767614972487918,0.049458614730346,0.0,32.7
FRA,France,2010,78.5370904,0.0,0.042045913628346,0.00136395896236241,2.00032476039051,0.00232971591807025,1.49872466177408,0.00891753895773517,0.0546571274665138,0.1,33.7
FRA,France,2011,75.9398587,0.0,0.0350226342702836,0.000264007930001232,2.43757653729007,0.00258651823404283,1.94433505424516,0.0108192692036986,0.0486924296380263,0.0,33.3
FRA,France,2012,76.4037232,0.0,0.0327941766549346,0.000290143238489028,0.183835264973013,0.00258288830322511,-0.299598729272304,0.0126937537821637,0.0483609619788124,0.0,33.1
FRA,France,2013,74.2924203,0.0,0.03552052897528,0.000168557450175002,0.781756446231,0.0015493248242741,0.26214454973659,0.0109314252317,0.0481698364814291,0.1,32.5
FRA,France,2014,72.5184039,0.0,0.0365872482900058,0.000119124398037033,0.997832947295251,4.71876516832952e-05,0.519383764691739,0.0094716180532004,0.0462251783929265,0.0,32.3
FRA,France,2015,68.8591869,0.0,0.0357855841051411,1.87555793173613e-05,1.06675474783462,6.2380326009974e-05,0.708030590350688,0.00512462065631857,0.040991340666787,0.1,32.7
FRA,France,2016,65.1849449,0.0,0.0362836072783595,2.04491850940137e-05,0.860031075424033,3.44487325405203e-05,0.594243752389232,0.00385165418531265,0.0401901593813067,0.0,31.9
FRA,France,2017,69.8226831,0.0,0.0309691466833577,3.34505241784338e-05,2.08361485997399,3.58235354425169e-05,1.78779549384231,0.00518662364090017,0.0362250443838789,0.0,31.6
FRA,France,2018,67.6768856,0.0,0.0344542385478408,3.04938579184141e-05,1.64590872395887,2.92489749702571e-05,1.28216603702126,0.00839113039243978,0.0429051117731693,0.0,32.4
FRA,France,2019,69.3801876,0.0,0.0269667464323604,0.0,2.02744646419237,3.84726110560525e-05,1.68870844116209,0.00678260032752886,0.0337878193709454,0.0,31.2
FRA,France,2020,68.0652717,0.0,0.023313365090433,0.0,-7.44064589948231,2.13920330256276e-05,-7.74056751254994,0.00329710789889294,0.0266318650223516,0.1,30.7
FRA,France,2021,68.0151167,0.0,0.0252966547056052,0.0,6.88233783360239,0.000137795686740901,6.50155219757207,0.0071021867060762,0.0325366370984223,0.0,31.5
GAB,Gabon,2005,66.7630524,0.0,2.8911970826085,0.00610761767490351,2.67620333310926,0.03261862995654,-0.262443845603784,34.837420996188,37.767344326428,2.2,42.2
GAB,Gabon,2017,58.1655772,0.0,3.06748536685608,0.0557899576814961,0.472642030911146,0.183250931989039,-2.16361774149249,14.3932577694784,17.699784026005,1.0,38.0
GMB,"Gambia, The",2003,66.1955094,0.0,6.12286065692919,0.0,6.86999962173842,0.0,4.0302689250437,0.0,6.12286065692919,23.2,47.3
GMB,"Gambia, The",2010,67.1511157,0.0,3.03032430579774,0.0,5.90833580968288,0.0,2.87350950500529,0.0,3.03032430579774,11.2,43.6
GMB,"Gambia, The",2015,62.2986891,0.0,5.55888177634649,0.0,4.0580738039996,0.0,1.25137248146628,0.0,5.55888177634649,4.1,35.9
GMB,"Gambia, The",2020,68.2241135,0.0,3.03439304457224,0.0,0.591487287873974,0.0,-1.7631871131438,0.0,3.03439304457224,5.9,38.8
GEO,Georgia,2000,37.97366,0.000301396969052128,0.129637994918041,0.214207470912808,1.84038117927339,0.0385298028858873,3.84018024327052,0.4032554633902,0.785932129075988,13.0,40.5
GEO,Georgia,2001,,0.000137796117665673,0.0808388703293695,0.148781045368224,4.80729867243699,0.0779174527885292,6.44578529290918,0.240596285001512,0.5482714496053,12.9,39.6
GEO,Georgia,2002,37.5157108,0.000264013390262402,0.103982829445877,0.243703085307777,5.47402488700408,0.0123022588031075,6.42465284351501,0.205552828360089,0.565805015307112,6.9,37.2
GEO,Georgia,2003,38.3588347,0.00031723883310585,0.131685745316655,0.245497425537907,11.0570310020104,0.0172691487585388,11.8096106867876,0.388733097796932,0.783502656243139,7.1,36.6
GEO,Georgia,2004,50.4009103,0.00236289246976374,0.136247235111899,0.366572655706966,5.79268292682926,0.0118766934189795,6.44984993877193,0.292409031788746,0.809468508496354,6.7,36.2
GEO,Georgia,2005,52.6085739,0.000766385609960404,0.131198852941536,0.292049856367066,9.59113832853026,0.00604947779088453,10.2895785214873,0.345173611414446,0.775238184123894,7.1,37.4
GEO,Georgia,2006,52.0166486,0.00120556900440972,0.131659976337795,0.621147145232205,9.42148081189909,0.00759003365059613,10.0452966712851,0.193175812294926,0.954778536519933,7.0,36.9
GEO,Georgia,2007,57.4591283,0.00236057680863553,0.147838422308499,0.601460731616502,12.5755698246405,0.0132568469096932,13.1643509520424,0.155450439934669,0.920367017577998,7.6,38.1
GEO,Georgia,2008,51.9447846,0.00451781449416897,0.132015745245165,0.443477423012904,2.42161440960641,0.0202837342135218,2.7332346709434,0.182671461157239,0.782966178122998,6.7,38.5
GEO,Georgia,2009,53.1998057,0.0217972318342895,0.160796612671345,0.480214838495944,-3.65075229596822,0.0131980726611481,-2.79118104819281,0.116317204104687,0.792323959767413,6.7,38.2
GEO,Georgia,2010,56.3118153,0.0250953563047041,0.120570149289604,1.07783217178515,6.24640865303363,0.00577977936232572,7.02428366897674,0.108975029413952,1.33825248615574,7.8,39.5
GEO,Georgia,2011,55.2598467,0.0332575482589091,0.132340650859169,1.58515953234722,7.9343365253078,0.0043344189232363,8.8036288733672,0.143424766442677,1.89851691683121,7.4,39.6
GEO,Georgia,2012,57.3428778,0.0233677184272699,0.0510300640342511,0.875136343661946,6.57883101954195,0.00465045700091088,7.36675215463949,0.130105358248411,1.08428994137279,5.7,39.0
GEO,Georgia,2013,62.0340473,0.0181311355264407,0.0701412136770824,0.594507804114897,5.13288531209382,0.00390374824798235,5.44978265548417,0.110437873003737,0.797121774570139,4.2,38.6
GEO,Georgia,2014,65.4707201,0.0107347388003137,0.0652287988440773,0.345380979995329,4.09049059581743,0.00116103156662281,4.04162752314514,0.099561569009553,0.522067118215896,3.3,37.6
GEO,Georgia,2015,64.3468344,0.0083686068293395,0.0815361076606178,0.402231830069847,3.35102350265353,0.0009795273753292,3.18839294862944,0.0409780341464866,0.53409410608162,2.7,36.5
GEO,Georgia,2016,64.8444146,0.00902249927328646,0.065710444696658,0.476818037845258,3.45021517996871,0.000419645174209565,3.38835328316745,0.0204652117157031,0.572435838705115,2.7,36.6
GEO,Georgia,2017,63.9717105,0.0101367407777307,0.0812818873740519,0.352658665208266,5.15990261658827,0.000457111098952564,5.14582677562736,0.0277796234542378,0.472314027913239,3.3,37.9
GEO,Georgia,2018,64.2740856,0.00566788595592728,0.0764768160368761,0.333807032193093,6.062036412677,0.000551322820805318,6.10344745087359,0.0347328226740541,0.451235879680756,3.1,36.4
GEO,Georgia,2019,63.5922889,0.000463779925947917,0.0806332038954042,0.491837981993135,5.38071926589951,0.000359932677767289,5.56167165873158,0.0303108940592379,0.603605792551493,2.5,35.9
GEO,Georgia,2020,63.7217145,0.00280760210444329,0.0849921545273847,0.821875756437716,-6.2904717853839,0.000228184554611074,-6.35478715206467,0.0156199754640174,0.925523673088172,3.1,34.5
GEO,Georgia,2021,62.4478661,0.00790127231235254,0.0650330099876407,1.27778979307602,10.6442336580969,0.00944731283149515,11.0650780067831,0.0292949219912809,1.38946631019879,2.9,34.2
DEU,Germany,2000,88.9546238,0.0156124005348027,0.0361071553468372,0.000222783857547795,2.8765231247659,0.0220483201424161,2.73729010710275,0.0201562303638046,0.0941468902454084,0.0,28.7
DEU,Germany,2001,,0.0363504237141466,0.0322047840564129,0.000135057831713304,1.63614170690956,0.0475097973402925,1.46530767364665,0.0153289209077331,0.131528983850298,0.1,29.9
DEU,Germany,2002,83.190255,0.0212106403442727,0.0337166894062137,0.000117724703520263,-0.228255715793637,0.033724476268888,-0.395859338643859,0.016056222546191,0.104825753269086,0.0,29.9
DEU,Germany,2003,78.3383511,0.0155847293701629,0.0337940507624758,6.14627294705321e-05,-0.529801394291297,0.0304352574071414,-0.584856140854797,0.0165037382126426,0.0963792384818933,0.1,29.9
DEU,Germany,2004,77.9405873,0.0694685561161683,0.0284557735823657,9.51458181304022e-05,1.16208684507278,0.0218423665324729,1.18405124273107,0.0185417711460884,0.138403613195226,0.0,30.1
DEU,Germany,2005,82.8622644,0.0608344592567013,0.0323736190900773,0.000264918426255141,0.885485292551564,0.0181131670399714,0.942782582208039,0.027268431145628,0.138854594958633,0.1,31.6
DEU,Germany,2006,83.5989357,0.0574116818103335,0.0369980100045055,0.000312536126871344,3.86668241523209,0.0400152093967188,3.98390753495501,0.0291731982459974,0.163910635584427,0.0,31.0
DEU,Germany,2007,84.0101428,0.0592990895293438,0.0468561535568035,0.000747533916287596,2.8891174138025,0.0359840365971986,3.0267913002332,0.028013355499561,0.170900169099195,0.0,31.2
DEU,Germany,2008,83.1176684,0.178039130275431,0.0399352345667399,0.00102210231944589,0.887902330743628,0.0529173919215807,1.07991595041742,0.034054769495246,0.305968628578443,0.1,30.6
DEU,Germany,2009,83.4916974,0.0645513988300187,0.0351831124542128,0.000234753701460163,-5.54455451920674,0.0405139498565575,-5.30491661723096,0.0184514937131976,0.158934708555447,0.0,30.4
DEU,Germany,2010,81.781807,0.100605224103438,0.0437125230189255,0.000979580824080147,4.13463778522758,0.0311922394814401,4.29429269623485,0.0190328024560215,0.195522369883906,0.1,30.2
DEU,Germany,2011,81.1970475,0.114695303797205,0.0399447746279453,0.00124543609878311,3.75796884489337,0.0425672292934665,5.69928311502757,0.0301021983000363,0.228554942117436,0.1,30.4
DEU,Germany,2012,82.4089443,0.0548288593405806,0.0373398188083959,0.00074976914783629,0.463512036709204,0.0416156923735439,0.275091009850499,0.030322053441343,0.1648561931117,0.0,30.9
DEU,Germany,2013,82.236509,0.0237162586929113,0.0378998491723045,0.000688312398977174,0.396995583779145,0.0357489487062639,0.12338547838786,0.0270022581641135,0.12505562713457,0.0,31.4
DEU,Germany,2014,84.1249875,0.0188044851044902,0.0368206012515162,0.000392191974926981,2.18018602168017,0.0189794489646318,1.75510660613023,0.0223645319543507,0.0973612592499159,0.1,30.8
DEU,Germany,2015,80.0916647,0.0146564038255549,0.0353909046073329,0.0,1.66300602334775,0.0150061510096634,0.786705244581157,0.0109585492863493,0.0760120087289006,0.1,31.4
DEU,Germany,2016,79.4663004,0.0142241784029931,0.0331026344118898,0.0,2.22222216259371,0.00893916182229922,1.40038690062336,0.00795427640685235,0.0642202510440344,0.1,31.3
DEU,Germany,2017,77.8895081,0.0179704886289538,0.0287237586419939,0.0,2.797906720551,0.0107367287094385,2.4144426920242,0.0108326903342219,0.0682636663146081,0.1,31.3
DEU,Germany,2018,79.967946,0.0181826118494321,0.0390078720598987,0.0,1.13569604599849,0.0124974991112772,0.832212527052548,0.0150774778092678,0.0847654608298758,0.1,31.9
DEU,Germany,2019,78.3156599,0.00953310321583949,0.0317055151606088,0.0303655728087302,0.977734697038784,0.00822954807304527,0.750266426253219,0.0127922924108005,0.0926260316690242,0.1,32.2
DEU,Germany,2020,77.5791167,0.00663105708293283,0.0279043537379829,0.0317233744566275,-4.13191443239947,0.00375658099524997,-4.21020011825779,0.00673003142464202,0.0767453976974352,0.2,32.5
DEU,Germany,2021,77.1734509,0.014480866265137,0.0308696938217838,0.0,3.90999994204108,0.0176994358454919,3.86602720371127,0.0140349033815617,0.0770848993139744,0.5,33.6
GHA,Ghana,2005,66.7777067,0.0,9.36380408433484,1.6684537886074,5.90000381855104,0.000143120735300706,3.15861099530474,0.699403468222941,11.7318044619005,26.4,42.8
GHA,Ghana,2012,66.4648829,0.0,6.22274709142471,4.81836140282927,9.2927894063005,1.1657271689343e-05,6.67974740594653,4.78155703124787,15.8226771827735,15.7,42.4
GHA,Ghana,2016,63.7043955,0.0,6.37927612801164,1.22418164413868,3.37346574966936,0.0451266748124126,1.04704406736222,1.00121845985195,8.64980290681468,15.8,43.5
GRC,Greece,2000,79.961221,0.0197360988211045,0.0133546527821898,0.0153684132685933,4.13782699405849,0.000881466557518289,3.71272971778744,0.0232566956333818,0.0725973270627876,0.1,34.4
GRC,Greece,2002,79.8470595,0.0197361742314575,0.00980990510892056,0.00726575635109939,4.68313727063017,0.00120308424726531,4.30010645802261,0.0121627100438154,0.0501776299825581,0.1,35.5
GRC,Greece,2003,76.241518,0.0152116173513339,0.0105022680666136,0.004016950285825,5.79682274294369,0.000732413030283095,5.54464686570202,0.0079429315668772,0.0384061803009328,0.4,32.8
GRC,Greece,2004,73.9641718,0.127732962376609,0.00714801086298945,0.0176382215188187,5.37786634595851,0.000504020419079048,5.11746949484984,0.00599755587217245,0.159020771049669,0.5,33.6
GRC,Greece,2005,75.4730391,0.0805162493684375,0.00708735530947634,0.033665220168605,1.18350635493289,0.000265494258703677,0.887221298370648,0.0104685935888285,0.132002912694051,0.2,34.6
GRC,Greece,2006,74.6438093,0.073717516404432,0.00742397824982804,0.0994725052701644,6.44339762487436,0.000763233512187261,6.12419382696766,0.00941380520220799,0.19079103863882,0.4,35.1
GRC,Greece,2007,74.8786831,0.107339355782328,0.00892740548076249,0.200596462916846,3.50686976639459,0.000573729336406396,3.24351376995932,0.00553584299678535,0.322972796513128,0.4,34.0
GRC,Greece,2008,70.8779126,0.285542528941994,0.00895179248423663,0.0452836856349123,0.0574740238200775,0.00061886331448716,-0.2077841521306,0.00680414005081318,0.347201010426443,0.3,33.6
GRC,Greece,2009,65.8758136,0.0906402164911169,0.00617879736524479,0.018547926997769,-4.11927606715011,0.000375454974547942,-4.37113631022572,0.00447852445632241,0.120220920285001,0.5,33.6
GRC,Greece,2010,65.7110513,0.171387580541614,0.00698266907153845,0.0815059111967258,-5.6937412158003,0.000244380112904776,-5.81520524166056,0.011192934454184,0.271313475376967,0.7,34.1
GRC,Greece,2011,64.5680207,0.226405662397006,0.00794899095274833,0.107676421477661,-9.87677875300243,0.000332761523759976,-9.74334160929287,0.015063918086912,0.357427754438088,0.9,34.8
GRC,Greece,2012,63.1118416,0.119942051656813,0.0107543767658334,0.0843699789694371,-8.33113421099992,0.000437339513417393,-7.83408943355501,0.018570397878743,0.234074144784244,0.9,36.3
GRC,Greece,2013,63.2919773,0.0522774115456617,0.0126266019019379,0.0819322955473692,-2.27211699888024,0.000365759061744577,-1.56089629701783,0.0141521711708186,0.161354239227532,0.5,36.1
GRC,Greece,2014,64.6982098,0.0422593092366313,0.0128224400200245,0.0550189275666598,0.792225060962835,0.000248381610195361,1.46585655106406,0.0144293246870193,0.12477838312053,1.0,35.8
GRC,Greece,2015,63.8422013,0.0292114264080917,0.0123464179841816,0.0239434658567758,-0.228301892172851,0.000191334316860886,0.431225575747547,0.00565847532925373,0.0713511198951637,1.0,36.0
GRC,Greece,2016,63.2676633,0.0233002303477616,0.0124685392830574,0.043955699592721,-0.0317947678412054,0.000235022779438803,0.384851865059588,0.0106382707042441,0.0905977627072228,0.7,35.0
GRC,Greece,2017,66.0129396,0.0345671488209172,0.0140801305465245,0.0462379501553224,1.47312472702352,0.000298132044822254,1.67402014860588,0.0125578547961713,0.107741216363758,0.5,34.4
GRC,Greece,2018,71.8955182,0.0359092293054869,0.0130537021585132,0.0307808828288998,2.06467207892409,0.000629431983903693,2.27195132202993,0.0275504477019287,0.107923693978732,0.1,32.9
GRC,Greece,2019,70.6590444,0.019618445201312,0.00955674982509031,0.0201177905783866,2.27718065334808,0.000340760437508138,2.38497557963629,0.0208423218441195,0.0704760678864166,0.5,33.1
GRC,Greece,2020,71.0124183,0.0095167351676795,0.00906454219303769,0.0136128575524908,-9.19623149726978,0.000128253821992861,-9.00116455331775,0.00652358198539234,0.0388459707205932,0.6,33.6
GRC,Greece,2021,69.7722104,0.0146481346149569,0.00857648449460072,0.0522192932667737,8.65449786002131,0.000385174877812254,9.9750809262257,0.0116928580271195,0.0875219452812631,0.4,32.9
GRD,Grenada,2018,81.5431104,0.0,0.0,0.0,4.36144039364797,0.0,4.13321655238465,0.0,0.0,0.2,43.8
GTM,Guatemala,2000,50.2131715,0.0,0.805690223228915,0.0458793875654051,3.6088687174876,0.0,1.17641998878537,0.803745468310096,1.65531507910442,3.1,54.2
GTM,Guatemala,2006,50.9033246,0.0,0.832078830336439,0.250265337461358,5.35139778711536,0.0,3.14600619827499,0.851581475418594,1.93392564321639,3.5,54.5
GTM,Guatemala,2014,53.4202728,0.0,1.58356683665284,1.03378404595208,4.44397825774911,0.0,2.48328491110885,0.36376572238644,2.98111660499136,2.3,48.3
GIN,Guinea,2002,34.8282865,0.0,8.79806736713139,3.31338441080475,5.16460946696631,0.0,3.5387047162788,0.0,12.1114517779361,18.8,43.0
GIN,Guinea,2007,27.5993789,0.0,8.77638692629152,7.51691822703553,6.81747111070281,0.0,4.37307821452357,0.0,16.2933051533271,14.7,39.4
GIN,Guinea,2012,40.4892929,0.0,10.1176585849258,6.51400477548396,5.91528626133322,0.0,3.34759058991902,0.0,16.6316633604097,5.6,33.7
GIN,Guinea,2018,49.9997455,0.0,5.49425199794497,8.20812399586866,6.35849192736715,0.0,3.68700873912611,0.0,13.7023759938136,2.5,29.6
GNB,Guinea-Bissau,2002,56.0219525,0.0,12.5778661904573,0.0,3.65393603642713,0.0,1.40014043705072,0.0,12.5778661904573,27.1,35.6
GNB,Guinea-Bissau,2010,56.2390819,0.0,14.9307329026999,0.0,5.60536311358261,0.0,2.91052833964689,0.0,14.9307329026999,38.7,50.6
GNB,Guinea-Bissau,2018,54.8021913,0.0,9.88886799180997,0.0,3.76145359637003,0.0,1.32710524004433,0.0,9.88886799180997,9.8,34.8
GNB,Guinea-Bissau,2021,60.766724,0.0,10.4285037712862,0.0,5.0173096003907,0.0,2.69206006657852,0.0,10.4285037712862,11.5,33.4
HTI,Haiti,2001,,0.0,0.383295015006936,0.0,-0.342747883252144,0.0,-2.14318391327505,0.0,0.383295015006936,43.8,59.0
HTI,Haiti,2012,46.7528476,0.0,0.493447395435744,0.0,0.502424403581585,0.0,-1.04324222181728,0.0,0.493447395435744,14.9,41.1
HND,Honduras,2001,,0.0,1.31600285802932,0.122281324946655,2.72319327321379,0.0,-0.0161960531288656,0.0,1.43828418297597,11.5,55.4
HND,Honduras,2002,60.1190581,0.0,1.33123796911296,0.0393012069447893,3.75433786119939,0.0,1.0499116620788,0.0,1.37053917605775,12.9,55.7
HND,Honduras,2003,55.9184893,0.0,1.21682443039075,0.0,4.54703805165397,0.0,1.89850421782039,0.0,1.21682443039075,15.8,58.1
HND,Honduras,2004,55.3012132,0.0,1.14334492137147,0.0273073731996834,6.23230296069102,0.0,3.61570269241076,0.0,1.17065229457115,15.2,58.1
HND,Honduras,2005,54.9385161,0.0,1.04843925527013,0.1475913596888,6.05059922215973,0.0,3.50707975469855,0.000132246235034757,1.19616286119396,15.8,59.5
HND,Honduras,2006,54.7563767,0.0,1.25809014511116,0.677902472286333,6.56724355177587,0.0,4.08321335137572,0.00287259146590747,1.9388652088634,13.1,57.5
HND,Honduras,2007,58.0674366,0.0,1.15158384206009,0.507112945978807,6.18832716678008,0.0,3.77627878562679,0.00266481464163262,1.66136160268053,8.8,55.8
HND,Honduras,2008,56.661228,0.0,1.07686374055148,0.126638687227696,4.23160011009342,0.0,1.9188349629601,0.00328789149827597,1.20679031927745,8.7,55.5
HND,Honduras,2009,57.0346967,0.0,0.908210979788668,0.254646126193676,-2.43162787988011,0.0,-4.54399131651867,0.00155437298676852,1.16441147896911,6.7,51.3
HND,Honduras,2010,55.1222766,0.0,1.83675935400602,0.525851263898386,3.73114034433009,0.0,1.5491216313325,0.00202226357199669,2.36463288147641,7.4,53.1
HND,Honduras,2011,56.9223322,0.0,1.4138229586041,0.287792760238462,3.83569066207505,0.0,1.71164194817371,0.00286503605284088,1.7044807548954,8.2,52.6
HND,Honduras,2012,57.1544917,0.0,1.2945886876331,0.333385271330321,4.12868774866939,0.0,2.04382616957031,0.00263152834451521,1.63060548730794,9.8,53.4
HND,Honduras,2013,56.7397402,0.0,1.70517520894673,0.074510080655601,2.79155975746801,0.0,0.777167217053545,0.00240288964006385,1.78208817924239,8.0,50.0
HND,Honduras,2014,54.1154324,0.0,2.00016004509279,0.263917349180621,3.0580805621437,0.0,1.0812751128465,0.00205052417069276,2.2661279184441,7.1,49.9
HND,Honduras,2015,54.6121397,0.0,1.45135837747734,0.117103934760925,3.84007997093951,0.0,1.88202222037501,0.0,1.56846231223826,7.0,49.2
HND,Honduras,2016,53.8554146,0.0,1.85421965002139,0.161443706654027,3.89297219726413,0.0,1.96051068302054,0.0,2.01566335667541,8.1,49.8
HND,Honduras,2017,50.4087337,0.0,1.59236944284216,0.135931983418249,4.84291391050387,0.0,2.92107278326836,0.000765798419038962,1.72906722467945,7.6,49.4
HND,Honduras,2018,51.1298505,0.0,1.07049474400365,0.000178346864611042,3.84499476966735,0.0,1.96196872528638,0.00116801901211893,1.07184110988038,7.8,48.9
HND,Honduras,2019,51.7655593,0.0,0.915405073757307,0.000553274404353355,2.55963434592314,0.0,0.71936151617345,0.000896860644806353,0.916855208806467,6.9,48.2
HUN,Hungary,2000,83.0470873,0.0191863099342225,0.176419903952845,0.00165012313788559,4.40937501806403,0.142487534392444,4.68094650632939,0.373626435642133,0.71337030705953,0.0,27.2
HUN,Hungary,2001,,0.0522983948198923,0.130866206981173,0.0,4.06202617226026,0.267388003452291,4.30099676765016,0.234436692691698,0.684989297945054,0.0,26.9
HUN,Hungary,2002,87.0055466,0.0141056706557935,0.0996514816799081,0.0,4.73006530805553,0.152761215429543,5.02871060786862,0.187700537212006,0.45421890497725,0.0,26.8
HUN,Hungary,2003,84.45223,0.0119578490167246,0.09828998677027,0.0,3.93877761242727,0.128149226812928,4.23691963512549,0.17971724484931,0.418114307449232,0.0,30.9
HUN,Hungary,2004,79.7547762,0.0754748708415126,0.0870438979957617,0.00207257276632903,4.96312536156307,0.0960545268105603,5.19581258967388,0.188780374253933,0.449426242668097,0.1,29.9
HUN,Hungary,2005,83.985067,0.0360951692021791,0.0819343546534802,0.00311485971285504,4.30028318461673,0.0740605991548407,4.50792078649896,0.214107473091597,0.409312455814952,0.5,34.7
HUN,Hungary,2006,82.40952,0.0374665109799343,0.0956360876682393,0.00648296424099173,3.93393162712054,0.165374759201741,4.09589996478341,0.238336091702377,0.543296413793284,0.1,28.3
HUN,Hungary,2007,79.2674142,0.0516011540209868,0.0946588147218809,0.00715908321329908,0.332354337878925,0.118621852638408,0.487904817715162,0.194767249769338,0.466808154363912,0.1,27.9
HUN,Hungary,2008,78.9813043,0.133720721436878,0.0914322921520988,0.003015561402601,0.993437085479655,0.19062178582944,1.17042884387347,0.240895210564367,0.659685571385385,0.0,27.5
HUN,Hungary,2009,78.5197628,0.0436050495743189,0.0947874228465941,0.00185520448494024,-6.7401660845502,0.185291348587861,-6.59558642753552,0.148972460616952,0.474511486110666,0.0,27.0
HUN,Hungary,2010,79.1674083,0.0839110518810435,0.101650565628247,0.00263469386517703,1.06795068152046,0.161341756883863,1.2966366075499,0.152616225507853,0.502154293766183,0.0,29.4
HUN,Hungary,2011,78.1309702,0.0989679723481183,0.129566452385554,0.00162691599029336,1.91670916599742,0.218340509701528,2.2059103447462,0.227052369950292,0.675554220375786,0.1,29.2
HUN,Hungary,2012,78.0597041,0.0450027231696823,0.124392834742611,0.00113372294243201,-1.33948446518181,0.210554293296234,-0.828646515876528,0.237336346667221,0.61841992081818,0.2,30.8
HUN,Hungary,2013,79.7770421,0.0220496152287439,0.11957308211487,0.000516468180540356,2.03216990678146,0.171355533980433,2.52439305270235,0.194311507285997,0.507806206790584,0.1,31.5
HUN,Hungary,2014,79.6595668,0.0175487828267021,0.107616152758387,5.93708878299346e-05,4.33435364113967,0.109591060858095,4.75555169835647,0.168537005640249,0.403352372971262,0.5,30.9
HUN,Hungary,2015,80.3034406,0.0122168490026972,0.102111161599345,2.99051954811002e-05,3.65981615406955,0.0869853116424986,4.03310873929586,0.0838041826706206,0.285147410110642,0.4,30.4
HUN,Hungary,2016,76.6176771,0.0128823695198267,0.091134689448651,7.17432846628698e-05,2.43864141309342,0.0526022251623318,2.83749039789862,0.0703386643669383,0.227029691782411,0.9,30.3
HUN,Hungary,2017,78.4050394,0.013561343875921,0.111355382946451,0.000150830786578017,4.12418389451805,0.0647926312972239,4.47743568209606,0.0926984004070823,0.282558589313256,0.5,30.6
ISL,Iceland,2003,90.3812569,0.0,0.0,0.0,2.28136971847135,0.0,1.57552048232783,0.0,0.0,0.0,26.8
ISL,Iceland,2004,86.3989294,0.0,0.0,0.0,7.62260520494142,0.0,6.68188295274432,0.0,0.0,0.1,28.0
ISL,Iceland,2005,89.2439212,0.0,0.0,0.0,7.02934061160924,0.0,5.34851964990581,0.0,0.0,0.0,29.0
ISL,Iceland,2006,89.4505881,0.0,0.0,0.0,5.67161248703039,0.0,3.21994147028617,0.0,0.0,0.1,30.2
ISL,Iceland,2007,91.2258088,0.0,0.0,0.0,8.74132941862472,0.0,6.0245936124245,0.0,0.0,0.0,29.5
ISL,Iceland,2008,89.0641528,0.0,0.0,0.0,1.69961072411662,0.0,-0.174091518111624,0.0,0.0,0.1,31.8
ISL,Iceland,2009,88.7884796,0.0,0.0,0.0,-8.32146414938261,0.0,-8.63377662571038,0.0,0.0,0.1,28.7
ISL,Iceland,2010,84.4570606,0.0,0.0,0.0,-2.22181843777449,0.0,-2.0810114124051,0.0,0.0,0.1,26.2
ISL,Iceland,2011,86.9272685,0.0,0.000381433858879967,0.0,1.37999669197329,0.0,1.07078538218349,0.0,0.000381433858879967,0.1,26.8
ISL,Iceland,2012,86.9333837,0.0,0.000359195529289947,0.0,1.16931174934061,0.0,0.632418770513922,0.0,0.000359195529289947,0.0,26.8
ISL,Iceland,2013,87.3115669,0.0,0.000366094154813878,0.0,3.59695697128252,0.0,2.6216677950663,0.0,0.000366094154813878,0.0,25.4
ISL,Iceland,2014,87.6339138,0.0,0.000347132787240568,0.0,1.91381613095174,0.0,0.786303524956651,0.0,0.000347132787240568,0.0,27.8
ISL,Iceland,2015,87.4562907,0.0,0.000299591985536916,0.0,3.76859020213645,0.0,2.69299660510147,0.0,0.000299591985536916,0.0,26.8
ISL,Iceland,2016,86.744111,0.0,0.000252335387007271,0.0,6.21808764670307,0.0,4.7538797362384,0.0,0.000252335387007271,0.0,27.2
ISL,Iceland,2017,87.2524987,0.0,0.000217386585292874,0.0,3.48506704155555,0.0,1.08598544948268,0.0,0.000217386585292874,0.0,26.1
ISL,Iceland,2018,88.0295612,0.0,0.000196537396162221,0.0,4.66077036232377,0.0,1.89500637167048,0.0,0.000196537396162221,0.2,26.6
ISL,Iceland,2019,92.4804694,0.0,0.000108843842062041,0.0,1.13821227336888,0.0,-1.06147505075413,0.0,0.000108843842062041,0.1,26.8
IND,India,2004,48.2325224,1.35785293463509,0.242799599374048,0.304343548351911,7.92293661307978,0.203889436106983,6.09996522556324,1.06043123794654,3.16931675641458,11.0,27.7
IND,India,2009,50.2825809,1.38813218734613,0.259203474370353,0.936378160326233,7.8618888330338,0.139884600408234,6.31340985810947,0.638793187629364,3.36239161008031,7.3,27.8
IND,India,2011,45.9788905,2.00973994959679,0.351612910709262,1.42378541419491,5.24131620024293,0.171410338885456,3.76074153231241,1.34852705756453,5.30507567095095,5.3,28.8
IDN,Indonesia,2000,33.3504821,0.145482052623159,0.810785022440402,0.990349937041244,4.9200677470169,2.6651584403675,3.4278636272189,6.51396124227823,11.1257366947505,21.4,30.3
IDN,Indonesia,2001,,0.548841674832294,0.847823364426653,0.968409758353021,3.64346644721492,2.42410664166284,2.21481343921472,4.50279039188872,9.29197183116353,19.7,31.2
IDN,Indonesia,2002,34.390837,0.208241061983986,0.816662021127957,0.856603744414542,4.49947539085764,1.90319344354046,3.09230929876641,3.50125448115221,7.28595475221916,11.7,30.2
IDN,Indonesia,2003,29.5633171,0.175528949032094,0.893334947286473,0.918755262552855,4.78036912167654,2.09426406086845,3.40244595178829,3.06092866032223,7.1428118800621,11.5,29.3
IDN,Indonesia,2004,37.5932613,1.44210635007159,0.613864721157131,1.01171111673856,5.03087394501685,2.11069450964371,3.7043674512371,3.94237539539958,9.12075209301056,12.0,30.4
IDN,Indonesia,2005,41.9188469,1.04941966899745,0.558825492212828,1.58686660914769,5.69257130383384,1.92387174642882,4.3443558422024,5.20636964649797,10.3253531632848,10.2,29.9
IDN,Indonesia,2006,46.7110352,1.2053764582613,0.550897114610431,1.77357767480631,5.50095178520348,1.32448590617292,4.11201890218061,4.55289184316296,9.40722899701392,13.1,31.5
IDN,Indonesia,2007,51.1438591,1.75211269953824,0.630347831250839,2.65498357606547,6.34502222667214,1.03226061871438,4.94958392275811,3.6879578095142,9.75766253508312,10.8,33.2
IDN,Indonesia,2008,53.7444901,3.71627865194879,0.761639031067053,1.02468839771291,6.01370360009123,0.995657110106886,4.64721758277069,4.60202331049434,11.10028650133,9.6,32.6
IDN,Indonesia,2009,55.0119704,1.3782379938357,0.56787989411307,1.41195377994442,4.62887118256153,0.945944802344101,3.31160021271401,2.12191492904716,6.42593139928445,9.6,33.4
IDN,Indonesia,2010,52.5971412,2.0169329921964,0.461892591342216,1.51452958965276,6.22385418062366,0.826445929259323,4.89326246908787,2.31580791993823,7.13560902238893,8.3,34.6
IDN,Indonesia,2011,53.0645723,3.04471491349847,0.441679564322813,1.37848884835229,6.16978420771008,0.73781080558996,4.82294276512758,2.96041980198707,8.5631139337506,7.3,37.9
IDN,Indonesia,2012,55.6578565,1.7625357897008,0.434247629983757,0.577088878511745,6.03005065305615,0.652294226994824,4.67540374198676,2.51944833801451,5.94561486320563,5.6,37.1
IDN,Indonesia,2013,55.3369189,1.3065358403565,0.484377902702338,0.720021093755813,5.5572636889101,0.636686032705509,4.25603923226443,2.24228816443479,5.38990903395495,5.8,38.9
IDN,Indonesia,2014,59.3178371,1.07149977395183,0.603499545998423,0.291031667870561,5.006668425755,0.850564550857553,3.77968595157438,1.97502549820142,4.79162103687978,5.3,38.8
IDN,Indonesia,2015,56.6870383,0.617867776842894,0.473955930536083,0.23191256139581,4.87632230022123,0.960955966326089,3.70583428895539,0.796675128718901,3.08136736381978,4.6,38.2
IDN,Indonesia,2016,57.9790701,0.656229604029038,0.424739208675108,0.325598442301629,5.03306918280177,0.63934334627299,3.91054275495577,0.62227933803086,2.66818993930963,3.7,36.9
IDN,Indonesia,2017,55.9594851,0.8515455771592,0.49902796405053,0.338696264430664,5.06978590134916,0.591523999755219,4.00109865179923,0.799367966127144,3.08016177152276,3.0,36.4
IDN,Indonesia,2018,56.6224801,1.07176983707974,0.487970158620755,0.664931025171148,5.17429153955024,0.859660703628191,4.15930013909383,1.13230201999671,4.21663374449654,2.5,36.3
IDN,Indonesia,2019,55.9824787,0.800234541340992,0.429369566307973,0.527633581615829,5.01928768046282,0.738467377908887,4.0413041818536,0.740134609514678,3.23583967668836,2.0,35.4
IDN,Indonesia,2020,56.6712515,0.671878728243518,0.460602702306499,0.472187315251355,-2.06551182934165,0.546809531246824,-2.89423403981894,0.287189045702826,2.43866732275102,1.7,35.3
IDN,Indonesia,2021,54.7968926,1.22270966877205,0.41753137709282,1.90957956113463,3.70288562827751,0.841191137887917,2.97476192227879,0.766028339629635,5.15704008451705,1.5,35.5
IRN,"Iran, Islamic Rep.",2005,54.9187425,0.0214272817010313,0.00761245714169671,0.399231467997184,3.18980408728824,2.44636854647738,0.931246313659614,31.6076762648214,34.4823160181386,1.0,43.6
IRN,"Iran, Islamic Rep.",2006,52.4371498,0.0222124920623487,0.00874409374566752,0.733376016232142,4.99979526181222,2.45659210122043,2.76183106993244,31.5582038058527,34.7791285091133,1.0,44.8
IRN,"Iran, Islamic Rep.",2009,44.1835682,0.019462552224609,0.0122326996998762,0.472460550405355,1.00738545790475,2.28085971648197,-0.239219321569081,17.5512587993854,20.3362743181973,1.3,42.1
IRN,"Iran, Islamic Rep.",2011,42.7240462,0.0223657016252693,0.00802825733251548,1.04689385094231,2.6457179180628,1.91739971657899,1.38495950276369,22.3514589221281,25.3461464486072,0.5,34.7
IRN,"Iran, Islamic Rep.",2012,44.3202176,0.00931819065710996,0.00967818977753255,0.668779628211241,-3.74717139864109,2.01887057952724,-4.94408603979183,18.4120723402826,21.1187189284557,0.3,34.4
IRN,"Iran, Islamic Rep.",2013,45.7232421,0.00681591549931996,0.0131930010768849,0.95144936458257,-1.52197920494184,2.7187141958893,-2.80061992960059,21.2565665523955,24.9467390294435,0.4,34.0
IRN,"Iran, Islamic Rep.",2014,53.4829674,0.00469138231406816,0.0145731544822778,0.632030591810473,4.98477506709476,2.97411018568107,3.58412137758084,21.2353758265799,24.8607811408678,0.7,34.8
IRN,"Iran, Islamic Rep.",2015,52.4051184,0.00314663086804457,0.00813360755191975,0.323113318442047,-1.42488493937503,2.62955318037995,-2.75798228082138,12.2663527393474,15.2302994765894,0.6,35.3
IRN,"Iran, Islamic Rep.",2016,54.8787562,0.00372925001610146,0.00389787061932528,0.3203618349802,8.8150866425182,1.91831819745209,7.26636493161325,10.8895031509112,13.1358103039789,0.6,35.9
IRN,"Iran, Islamic Rep.",2017,53.9467875,0.00630070612047797,0.00624742951953212,0.498537165708424,3.02685468694025,2.33627116072101,1.55521443456146,14.6204399688795,17.4677964309489,0.5,36.7
IRN,"Iran, Islamic Rep.",2018,49.3491312,0.0108792652293042,0.0114754674012298,0.743592034577805,-3.74796015711334,5.80900087982186,-4.96761764341849,27.6646471563106,34.2395948033408,0.7,37.4
IRN,"Iran, Islamic Rep.",2019,44.4465189,0.00989698080163411,0.0154943053759284,0.875208744950145,-2.36143538770575,6.82201707137804,-3.40863263146464,20.0780490508657,27.8006661533715,0.9,36.5
IRN,"Iran, Islamic Rep.",2020,45.0322128,0.00843627707892616,0.012322956374773,1.44882935675929,4.44180865358672,8.49623367431377,3.64198271829557,13.2733495355914,23.2391718001181,1.0,35.8
IRN,"Iran, Islamic Rep.",2021,46.1177041,0.00939526245305688,0.00800076329996801,3.355880410138,4.13089685034471,8.80888556489953,3.26912440288719,18.2658980929233,30.4480600937139,0.8,35.5
IRQ,Iraq,2006,20.3137757,0.0,0.00537288142721544,0.0,5.63829915220637,0.16643949845663,4.86652515076509,63.5551402676835,63.7269526475673,0.1,28.6
IRQ,Iraq,2012,32.1338725,0.0,0.00413074883652446,0.0134283036554794,13.9364301737537,0.222359214768549,8.88055394419878,49.6110993818029,49.8510176490635,0.1,29.5
IRL,Ireland,2000,91.8338096,0.0,0.0263586287032027,0.0239798475453334,9.40352476399653,0.0259955943827088,7.95480656981979,0.0,0.0763340706312449,0.1,33.0
IRL,Ireland,2002,90.4017821,0.0,0.0244803343117295,0.0,5.89936506079005,0.0231005716218551,4.12975527664135,0.0,0.0475809059335846,0.1,32.3
IRL,Ireland,2003,89.1949602,0.0,0.0198485688790312,0.0,3.01383869396012,0.0157877797428726,1.34938713225839,0.0,0.0356363486219039,0.1,32.9
IRL,Ireland,2004,83.9944943,0.0,0.0138830290847123,0.0260653918662168,6.78813990621356,0.0149647349404642,4.85345751357542,0.0,0.0549131558913933,0.0,33.6
IRL,Ireland,2005,87.770816,0.0,0.0131855692668152,0.0420519559660556,5.73978202625278,0.00826253481639906,3.46094094006261,0.000104554774481391,0.0636046148237513,0.0,33.8
IRL,Ireland,2006,88.1150529,0.0,0.0137565311843079,0.280174684326165,4.98785364537615,0.014972766197026,2.19518952781192,0.000220340993296497,0.309124322700795,0.2,32.7
IRL,Ireland,2007,89.1535801,0.0,0.0144544876598828,0.260729177786261,5.31011830898613,0.00988304055043219,2.30923113199,0.0,0.285066705996576,0.1,31.9
IRL,Ireland,2008,88.0639618,0.0,0.0130218787588503,0.00650678978560513,-4.48407081043062,0.0201072486080353,-6.41164613131696,0.0,0.0396359171524907,0.1,30.9
IRL,Ireland,2009,84.8685239,0.0,0.0146412898671474,0.0188187699584014,-5.09578277913846,0.0113752250890897,-6.05481156494983,0.0,0.0448352849146384,0.4,32.7
IRL,Ireland,2010,84.3643554,0.0,0.0182385851282773,0.0718400315222618,1.68297175486512,0.0100749846678646,1.13042386118924,0.0084342457466574,0.108587847065061,0.4,32.3
IRL,Ireland,2011,80.8200548,0.0,0.0179375057531472,0.0610901916177201,1.60886648916944,0.0120338455814485,1.166742916706,0.00518125344429736,0.0962427963966132,0.4,32.9
IRL,Ireland,2012,82.0433844,0.0,0.0165797187330951,0.0239662720459509,-0.40502941658977,0.0122032013631626,-0.826164036751607,0.00580802788099242,0.058557220023201,0.2,33.2
IRL,Ireland,2013,81.1790503,0.0,0.0180737699465293,0.00433097966380148,2.1929375750029,0.0104244823517415,1.65624859275668,0.00425988559637562,0.0370891175584479,0.5,33.5
IRL,Ireland,2014,85.8453899,0.0,0.017581079973652,0.00839518763698245,9.38579335130922,0.00548798967243366,8.58909717383906,0.00393161333522517,0.0353958706182933,0.3,31.9
IRL,Ireland,2015,82.1508669,0.0,0.0138740611546306,0.000547335007321291,24.6239856364006,0.00307385221390157,23.4520270725761,0.00127546010473342,0.0187707084805869,0.3,31.8
IRL,Ireland,2016,81.0232285,0.0,0.0142887835052026,0.0105176701404183,1.22271661130947,0.0393859966960348,-0.0687294094505688,0.00103242097431613,0.0652248713159719,0.1,32.8
IRL,Ireland,2017,81.9818889,0.0,0.0142275300536967,0.0415780081021837,10.1088576065965,0.0556548017143667,8.63259519638329,0.00137273248762722,0.112833072357874,0.2,31.4
IRL,Ireland,2018,82.7292175,0.0,0.0179594813091044,0.0308572920472918,7.68865937437435,0.075032558976219,6.13694267880518,0.00222636273443113,0.126075695067046,0.0,30.6
IRL,Ireland,2019,81.9665496,0.0,0.0141042059529149,0.011872052090784,4.97288003766816,0.0392733650290757,3.31840085150145,0.00192075459732704,0.0671703776701016,0.0,30.3
IRL,Ireland,2020,80.9019235,0.0,0.0116072087265736,0.0101375129035784,7.15369505735335,0.0140574923991153,5.80801946810749,0.00096047242789138,0.0367626864571587,0.1,29.2
IRL,Ireland,2021,78.4715124,0.0,0.0117159689556259,0.0362496707797038,16.2581881158197,0.0510779344974277,14.6467292457005,0.00194465680647297,0.10098823103923,0.1,29.4
ISR,Israel,2001,,0.0,0.000359110262852424,0.0,0.270471415054473,0.000338032974265271,-2.06538364198205,0.00044300918148921,0.0011401524186069,0.1,38.9
ISR,Israel,2002,45.809675,0.0,0.000319499398335871,0.0,-0.152880392675172,0.000286459252574505,-2.14374381254724,0.000607272154816841,0.00121323080572722,0.4,39.6
ISR,Israel,2003,45.6945416,0.0,0.000280304584560241,0.0,1.43455918035305,0.000263213576971853,-0.380427550574865,0.000405868612191096,0.00094938677372319,0.3,40.7
ISR,Israel,2004,49.7469498,0.0,0.000230109842474998,0.0,4.64944459908543,0.0349354284996114,2.81588919584401,0.00033623760064506,0.0355017759427314,0.4,41.5
ISR,Israel,2005,50.1202698,0.0,0.000200716026499564,0.0,4.35256427740218,0.0589531000944453,2.52905588156467,0.000472182859671348,0.0596259989806162,0.4,42.3
ISR,Israel,2006,49.0738493,0.0,0.000227134091006846,0.0165966786205587,5.59106550120008,0.0871372208920479,3.74082297657495,0.00183148014420474,0.105792513747818,0.2,41.6
ISR,Israel,2007,51.7714012,0.0,0.000207758817477013,0.0342156196028174,6.31307137087018,0.0931813605943948,4.44151356230513,0.000982659663842538,0.128587398678532,0.3,41.1
ISR,Israel,2008,51.7514311,0.0,0.000236692677513691,0.281737480720263,3.2158134842205,0.102676351582405,1.39829553388404,0.00167170995232637,0.386322234932509,0.3,41.6
ISR,Israel,2009,48.0003834,0.0,0.000222126079998543,0.223473116088676,1.22017480850096,0.084927621419111,-1.17051223143478,0.00103859148443182,0.309661455072217,0.3,42.6
ISR,Israel,2010,52.9762946,0.0,0.00019341309070246,0.0871568516301515,5.54470607068944,0.0857921824744703,3.63416912780745,0.000829577584663044,0.173972024779987,0.2,42.6
ISR,Israel,2011,52.0620635,0.0,0.000173701414167584,0.146517470239984,5.51341969081251,0.128582797004934,3.58135753623301,0.00535645069325495,0.280630419352341,0.2,41.5
ISR,Israel,2012,52.6229464,0.0,0.000178926623069897,0.187887769940001,2.40993765217618,0.0787009145372555,0.536640391791892,0.00329138463969431,0.270058995740021,0.4,41.3
ISR,Israel,2013,50.7683953,0.0,0.00015840501907979,0.0932339250177094,4.09013743330735,0.157385100412775,2.16577109822916,0.0118850270586983,0.262662457508262,0.3,39.9
ISR,Israel,2014,55.7743479,0.0,0.000182947311629381,0.0619925007019844,3.718144149431,0.166664593681174,1.74621551083156,0.0117966062119145,0.240636647906702,0.3,39.8
ISR,Israel,2015,55.45086,0.0,0.000224932761426383,0.0788494291706891,2.23599889603805,0.140168999644038,0.230342851538737,0.00644720440273846,0.225690565978892,0.3,39.7
ISR,Israel,2016,59.8364088,0.0,0.000142740543405773,0.066432896904465,4.53601939236572,0.110801914968535,2.50670443598923,0.00738204032323747,0.184759592739644,0.1,39.0
ISR,Israel,2017,58.2051536,0.0,0.000342181524959691,0.0422359233764264,4.34394518932547,0.127388100686779,2.34048587653075,0.00582932455005827,0.175795530138224,0.3,38.2
ISR,Israel,2018,60.0064425,0.0,0.000235872080935992,0.0347299572280426,4.05349952888294,0.199534286961076,2.06796927151525,0.00878768893694255,0.243287805206997,0.3,38.6
ISR,Israel,2019,58.4448733,0.0,0.000204136091445515,0.0,3.57898762923605,0.181189344161981,1.62043641627767,0.00826237494176303,0.189655855195189,0.4,38.3
ISR,Israel,2020,56.1947534,0.0,0.000236753520482687,0.0,-1.80206927953466,0.264595241567274,-3.51878278661184,0.00760868223036897,0.272440677318125,0.4,37.8
ISR,Israel,2021,53.9389948,0.0,0.000174075408224396,0.0,9.33534690236249,0.429728212550477,7.51180775977554,0.0115224616168168,0.441424749575518,0.2,37.9
ITA,Italy,2000,84.3107465,9.55690660531109e-07,0.0101437714413657,0.000138489874672659,3.88209885062652,0.0319380983477865,3.83504714661416,0.0491103009051332,0.0913316162596186,1.1,35.2
ITA,Italy,2002,80.0121481,3.23734497505581e-05,0.0080201135865195,0.000111914917798999,0.26992966378873,0.0406753020713446,0.0717374312631875,0.0407901667424972,0.0896298707679109,1.2,34.7
ITA,Italy,2003,74.2364422,4.36295055277936e-05,0.00830381943683594,9.0730557573966e-05,0.0665538088732092,0.0340885965309502,-0.472767256846353,0.0400847934902141,0.0826115695211021,0.6,34.9
ITA,Italy,2004,72.1439718,0.00011467987855159,0.00666155150619845,3.62817529711905e-05,1.4740217064723,0.0245576717192482,0.721242547682493,0.0463733545125626,0.077743539369532,0.5,34.3
ITA,Italy,2005,76.0925255,7.49835019329792e-05,0.00784843269779761,3.86168726856572e-05,0.762410677306491,0.0189293064983278,0.176020373979568,0.0747436239867356,0.10163496355748,0.5,33.8
ITA,Italy,2006,75.8240079,1.64753472770459e-05,0.00814373244676197,9.83591242189987e-05,1.79947992234244,0.0366454074969274,1.3930148978998,0.0777499536900344,0.12265392810522,0.5,33.7
ITA,Italy,2007,74.5629041,0.000174438843729731,0.00986821928729628,0.000222739039378522,1.46229205289291,0.0294703780119245,0.846872548383672,0.0770690066986577,0.116804781880987,0.5,32.9
ITA,Italy,2008,76.1634124,0.000384831277270786,0.0107612143709189,0.000264087389232099,-1.02313851177097,0.0468292126121431,-1.7836019705945,0.0935556302345291,0.151794975884094,0.5,33.8
ITA,Italy,2009,74.1238318,7.82261563599532e-05,0.0109670075185279,0.000354765737734252,-5.30515401233991,0.0313263165175021,-5.85255775999181,0.048036487144922,0.0907628030750462,0.6,33.8
ITA,Italy,2010,75.4447263,0.000211731529392601,0.0134471063472109,0.000476899271238986,1.52910573247101,0.0304157429260632,1.0811087798198,0.0632419734880662,0.107793453561972,0.9,34.7
ITA,Italy,2011,73.506197,0.000222534799566464,0.0104522149474701,0.000618004516534147,0.695463154440176,0.04369127308513,0.347491108002188,0.101021789830648,0.156005817179348,0.9,35.1
ITA,Italy,2012,73.954811,0.000101850524637561,0.00999785168223651,0.0,-3.12523877282996,0.0512327603307674,-3.38984189684089,0.108313381680821,0.169645844218462,0.9,35.2
ITA,Italy,2013,72.4331752,5.17984459721475e-05,0.0115696378459043,0.0,-1.81802510749792,0.0440399256821377,-2.01397031609169,0.0998160374945312,0.155477399468545,1.1,34.9
ITA,Italy,2014,74.2540636,5.873478734035e-05,0.0128058154183167,0.0,-0.00138761730454462,0.0288024323353822,-0.0164634913490715,0.0967846101416793,0.138451592682719,0.9,34.7
ITA,Italy,2015,72.6352882,5.64826682052003e-05,0.0119026384245058,0.0,0.885667635240807,0.0237498688184848,1.03826511770654,0.0462003289451814,0.0819093188563771,1.4,35.4
ITA,Italy,2016,71.9044211,0.0,0.0116027941689878,0.0,1.23622108511661,0.0118200048088784,1.42884453159633,0.0238823821426404,0.0473051811205066,1.2,35.2
ITA,Italy,2017,70.2390966,0.0,0.0102964352434856,0.0,1.60369995294101,0.0150296363210049,1.79499729937032,0.0386725733265151,0.0639986448910056,1.1,35.9
ITA,Italy,2018,72.2549458,0.0,0.0109482395857409,0.0,0.826646712344115,0.0222242166809606,1.03718514840632,0.0660288682863186,0.0992013245530201,1.0,35.2
ITA,Italy,2019,71.4003499,0.0,0.0125399040100598,0.0,0.429162533780342,0.0141520951150301,0.678246830552865,0.055800623981932,0.0824926231070219,0.8,34.6
ITA,Italy,2020,71.5703375,0.0,0.00989326904029571,0.0,-8.86822122185345,0.00622413506819306,-8.42323993924451,0.0398531422796994,0.0559705463881882,0.6,35.2
ITA,Italy,2021,73.3970182,0.0,0.0099675453738169,0.0,8.93106210800055,0.0250363768484909,9.49416108466208,0.077005203060734,0.112009125283042,0.6,34.8
JAM,Jamaica,2002,57.8440417,0.0,0.0924446099344572,1.02073146319649,1.99729094191295,0.0,1.37273149144548,0.11501979991379,1.22819587304474,1.7,48.3
JAM,Jamaica,2004,60.0840596,0.0,0.0931661599880931,1.62871802800372,1.32372510450574,0.0,0.732138408370318,0.165049939416478,1.88693412740829,1.1,45.5
JAM,Jamaica,2018,68.7885972,0.0,0.176007380129564,1.28551145271792,2.51584458612513,0.0,2.35833186418979,0.268056625056229,1.72957545790371,0.1,35.3
JAM,Jamaica,2021,68.3253356,0.0,0.16274860094682,0.0,5.70467978309095,0.0,5.44605052451513,0.294903461359937,0.457652062306756,0.3,39.9
JPN,Japan,2008,83.9888027,0.00168989576253766,0.0122020935310245,0.00142083003606362,-1.16662209355141,0.00611778431800943,-1.21447096036071,0.00254187890087445,0.0239724825485097,0.6,34.6
JPN,Japan,2009,84.9580179,0.000473593601447198,0.0102615998710135,0.00202663400103489,-5.9359411383964,0.00547499338509241,-5.92418744684731,0.00121214539684085,0.0194489662554289,0.5,33.0
JPN,Japan,2010,82.921189,0.000820799341360047,0.00972314534310046,0.00280598026558474,4.13645589222239,0.00516616597454298,4.11775410034667,0.00158079099188119,0.0200968819164694,0.3,31.5
JPN,Japan,2011,82.8004153,0.001126753484762,0.00939955476025869,0.00350691105306578,-0.20035785332982,0.00529772776545463,-0.015331176425093,0.00234602321423817,0.0216769702777793,0.2,33.0
JPN,Japan,2012,82.387015,0.000681640089152805,0.00945176740782279,0.0026556328434872,1.64893452981225,0.00481474366689706,1.8114084396923,0.00248638665620751,0.0200901706635674,0.8,32.5
JPN,Japan,2013,83.7939427,0.000673584029783952,0.0129496354703832,0.00201428254693335,1.99727653399265,0.00477629875702611,2.14453612740357,0.00279888580497218,0.0232126866090988,0.5,31.5
JPN,Japan,2014,86.5722411,0.000611340153897241,0.0157796146539137,0.00169009404773608,0.905915486065865,0.00629210489956957,1.03990068136697,0.00369773020794163,0.0280708839630582,0.4,31.3
JPN,Japan,2015,86.7789985,0.000356434915133004,0.0174102631552034,0.00171884842071603,1.79997735783475,0.00750712083911439,1.90806992390948,0.00197604493943565,0.0289687122696025,0.2,30.7
JPN,Japan,2016,85.0237906,0.000362610428641275,0.0171223078696739,0.0014669476334711,0.704986495111257,0.00501932854790931,0.756497591794997,0.00120567077494375,0.0251768652546394,0.3,31.8
JPN,Japan,2017,85.8692068,0.000506496310013594,0.0289614300267575,0.00154859900539919,1.62345062245441,0.00554715562444122,1.70668817770073,0.00188218849166514,0.0384458694582766,0.3,31.8
JPN,Japan,2018,85.330928,0.000406308319759457,0.0248700671776733,0.00182507437661006,0.834143845965585,0.00711272313263549,0.962163474855828,0.00254122923421228,0.0367554022408906,0.5,32.9
JPN,Japan,2019,84.9598388,0.000235295367441627,0.0238516334193079,0.0607557532817653,-0.308496921143259,0.00645252953430339,-0.168366879621402,0.00193344998804187,0.0932286615908601,0.6,33.0
JPN,Japan,2020,85.2401102,0.000195156966489782,0.0235544521787159,0.067696278514126,-4.28327942675573,0.00484052103940813,-4.00127136367016,0.000710792505710748,0.0969972012044505,0.5,32.3
JOR,Jordan,2002,55.3208587,0.0,0.0236567475009647,0.0,5.78380792679309,0.0976042661274351,3.57676471497929,0.00236581016892771,0.123626823797328,0.2,37.0
JOR,Jordan,2006,53.2818059,0.0,0.0264541362723135,0.344275496609694,8.09297527811921,0.0914684925633778,1.4032017956127,0.00336695469227265,0.465565080137658,0.0,33.9
JOR,Jordan,2008,59.3917389,0.0,0.0300624330537627,5.56343584497924,7.22038637280149,0.0544049657924836,4.72560086199398,0.0047965442664046,5.65269978809189,0.0,32.6
JOR,Jordan,2010,58.9297978,0.0,0.0307813186294083,1.59448845503621,2.6377158262256,0.0384695756931186,0.453459698002902,0.00222485703710613,1.66596420639584,0.0,33.7
KAZ,Kazakhstan,2001,,1.69987911925213,0.028336080585106,0.44839503336108,13.4999999984358,1.90816103683919,12.9575000867226,16.8769158317887,20.9616871018262,5.7,36.0
KAZ,Kazakhstan,2002,70.1423874,0.838526701281602,0.0187505823980838,1.87938161856025,9.79999999960842,1.68494211935026,9.23105777770729,18.663679662836,23.0852806844263,3.9,34.8
KAZ,Kazakhstan,2003,71.9065666,0.737882921244197,0.0117085830519726,1.51678511083951,9.30000000033759,1.55520091837354,8.67044524900558,19.0561886830313,22.8777662165405,2.7,33.7
KAZ,Kazakhstan,2004,64.3798839,2.86683924781304,0.0149279851552245,3.13867011268656,9.60000000136854,0.904874674279211,8.88930817801581,21.3287460118204,28.2540580317544,1.4,31.8
KAZ,Kazakhstan,2005,67.341157,1.88738405653817,0.0224274038666853,3.05254518431045,9.69999999922682,0.707456812413737,8.88963565884097,24.6119449899113,30.2817584470403,3.8,39.8
KAZ,Kazakhstan,2006,67.4998263,1.56920831525736,0.00222919154327792,5.02314713160832,10.7,1.05583158575305,9.76786673957737,21.1400400879889,28.7904563121509,0.4,30.2
KAZ,Kazakhstan,2007,74.5294856,1.50666818196351,0.00488007236673491,5.37625436616646,8.89999999999405,0.885350833081291,7.871783713981,18.7183777371544,26.4915311907324,0.2,30.1
KAZ,Kazakhstan,2008,73.9582496,4.76760578272819,0.00436103065667702,3.88478128586208,3.30000000021091,1.65333030135486,2.23526924918258,22.9379468470309,33.2480252476327,0.1,28.5
KAZ,Kazakhstan,2009,77.8446279,1.774081648721,0.00559581760806284,2.82881615364697,1.19999999942873,1.49618947932301,0.0228479849101006,15.4811753728879,21.5858584721869,0.1,28.2
KAZ,Kazakhstan,2010,73.2939803,2.44766697370492,0.00407682634738815,3.89618903524003,7.30000000329814,1.00856330578242,5.91730119035698,14.3876480168855,21.7441441579602,0.1,28.0
KAZ,Kazakhstan,2011,58.5408993,2.47402353369514,0.00412796397196674,3.72439960919774,7.40000000144188,1.21331613739192,5.95764573473487,18.3529532976804,25.7688205419371,0.0,28.0
KAZ,Kazakhstan,2012,59.1921916,1.16307150777107,0.00279425110740865,3.49247252521626,4.79999999528297,1.20333132239427,3.34601033412712,16.1210271615703,21.9826967680593,0.0,28.2
KAZ,Kazakhstan,2013,58.1833165,0.539678974748581,0.0030904156741295,3.04684100006285,5.99999999671084,1.0538090594977,4.48819679131283,13.575329365067,18.2187488150502,0.0,27.1
KAZ,Kazakhstan,2014,66.3999625,0.517573287575169,0.0033452306647571,2.47636119751539,4.20000000566705,0.80881514404493,2.6806378826727,13.4439854013249,17.2500802611251,0.0,27.0
KAZ,Kazakhstan,2015,66.4788419,0.427727747530492,0.00367005102167487,1.33376288147232,1.20000000053288,0.789640342060327,-0.299093532608879,6.77396398337604,9.32876500546085,0.0,26.8
KAZ,Kazakhstan,2016,64.4158014,0.687792012117953,0.00444596453984996,2.72063883063599,1.09999999910173,0.670873241173054,-0.438395201172128,6.9499320090465,11.0336820575133,0.0,27.2
KAZ,Kazakhstan,2017,64.9310816,0.837979080702583,0.00472189539322341,3.5307844520862,4.10000000257358,0.86064865819105,2.49076945691363,9.66346231175396,14.897596398127,0.0,27.5
KAZ,Kazakhstan,2018,64.0387063,0.93298984923782,0.00549204299734424,3.37110742964987,4.09999999309841,1.38519233067748,2.5560669084423,15.0881830400628,20.7829646926253,0.0,27.8
KAZ,Kazakhstan,2019,62.1182664,0.65685203992523,0.00619110671745899,3.00499256400792,4.50000000091883,0.925016309467418,2.99405538115775,13.3329218324239,17.9259738525419,0.0,28.0
KAZ,Kazakhstan,2020,61.0381062,0.570036728063378,0.00751745837856705,4.69879472720512,-2.49999999628,0.43856903709156,-3.86406094514987,7.12577724575059,12.8406951964892,0.0,28.7
KAZ,Kazakhstan,2021,61.9220603,0.848889916850088,0.00768633060047667,9.09697695478789,4.29999999729456,2.04396250834782,2.91864170117744,14.8448016221428,26.8423173327291,0.0,29.2
KEN,Kenya,2005,47.154682,0.0,4.07052243650912,0.00641360345069168,5.90666607980057,0.0,2.70244103195117,0.0,4.07693603995981,16.6,46.4
KEN,Kenya,2015,44.8701358,0.0,2.70047905075378,0.00152775734048981,4.96772112759767,0.0,2.65589352795405,0.00766330802518443,2.70967011611946,12.0,40.8
KEN,Kenya,2020,47.9541846,0.0,1.26700198246826,0.00180998641786536,-0.272766327438816,0.0,-2.2103217118529,0.0,1.26881196888613,13.7,36.2
KEN,Kenya,2021,46.9300692,0.0,1.22226614678512,0.00566243092389293,7.59048947333467,0.0,5.5651365159048,0.0,1.22792857770901,13.9,38.7
KIR,Kiribati,2006,88.5784579,0.0,0.0338018104231589,0.0,5.77693449836185,0.0,3.68079200082892,0.0,0.0338018104231589,6.5,37.0
KIR,Kiribati,2019,84.6713442,0.0,0.0427412418710569,0.0,3.31125827814569,0.0,1.77977627382882,0.0,0.0427412418710569,1.0,27.8
KOR,"Korea, Rep.",2006,76.2998534,0.00364942166096732,0.0102827102355315,0.00204710688905323,5.24500550580342,0.00290594297346217,4.6937077744137,0.0186508346760964,0.0375360164351106,0.2,31.7
KOR,"Korea, Rep.",2008,76.0167037,0.015710328504768,0.0197673926807201,0.00392099660816901,3.00440451679569,0.00314333646957568,2.22523680909987,0.0327981749761399,0.0753402292393727,0.2,32.3
KOR,"Korea, Rep.",2010,75.8143414,0.00667028166354928,0.0157304647609605,0.00478946577106454,6.98166138853071,0.00360500780438836,6.44997750684229,0.0438448106743931,0.0746400306743559,0.3,32.0
KOR,"Korea, Rep.",2012,74.4220663,0.00481877575087728,0.0154826378449259,0.0208863608362155,2.54766550568242,0.00272061616121548,2.00997301929048,0.0569097069190274,0.100818097512262,0.2,31.6
KOR,"Korea, Rep.",2014,76.0907575,0.00204256397687853,0.0171590251462527,0.00229587956231499,3.21468019683108,0.00225698216815479,2.5683693516693,0.0403191275638592,0.0640735784174601,0.2,31.2
KOR,"Korea, Rep.",2016,74.7023463,0.00123764220447531,0.0139031415280003,0.00115995175034279,3.17152748983935,0.00133201099970313,2.76290075939411,0.0154774466539604,0.0331101931364819,0.1,35.2
KOR,"Korea, Rep.",2017,76.5785261,0.00136736003257122,0.0179390624320357,0.00103511203201852,3.433191763972,0.00264782344988136,3.14298545917306,0.0156129162216889,0.0386022741681957,0.1,34.9
KOR,"Korea, Rep.",2018,80.7641604,0.00116307142139939,0.016438046525388,0.000308061695378874,3.17611568177327,0.00407766664331777,2.72979572830845,0.0251346708672274,0.0471215171527114,0.1,33.7
KOR,"Korea, Rep.",2019,80.490315,0.000847332735118339,0.0154088493340387,0.0810627148655371,2.31380210595475,0.00496990830543458,1.95849636720857,0.0191641999802525,0.121453005220381,0.1,33.2
KOR,"Korea, Rep.",2020,80.7211746,0.000675182032437153,0.0149030312299503,0.0843581660058351,-0.700242317542106,0.00434773092204482,-0.837051834035137,0.00898681274589818,0.113270922936166,0.1,32.7
KOR,"Korea, Rep.",2021,81.2769586,0.00109890187258597,0.0147189954905301,0.000483293114651688,4.61296795454287,0.00519896806845811,4.747751556973,0.0283124162355571,0.049812574781783,0.1,32.9
XKX,Kosovo,2009,72.9352445,1.17228835700882,0.0,0.103195627947151,5.03485413839893,0.0,5.39636701673933,0.0,1.27548398495597,2.3,31.8
XKX,Kosovo,2010,52.9948948,2.09943006832557,0.0,0.456136814085565,4.93995095961395,0.0,5.28831482675317,0.0,2.55556688241113,2.1,33.3
XKX,Kosovo,2011,52.0539548,2.08041423593308,0.0,0.339144129318233,6.31981022896761,0.0,6.12959202990389,0.0,2.41955836525131,1.3,27.8
XKX,Kosovo,2012,52.8873832,0.87581895083904,0.0,0.108932715392703,1.71219595890548,0.0,0.857974394903721,0.0,0.984751666231743,0.7,29.0
XKX,Kosovo,2013,52.4341708,0.422084221324138,0.0,0.106494238331507,5.34079911900278,0.0,4.70387084053738,0.0,0.528578459655645,0.4,26.3
XKX,Kosovo,2014,60.7360591,0.295749533066664,0.0,0.227030986264137,3.34880478431623,0.0,3.65273027273803,0.0,0.522780519330801,0.7,27.3
XKX,Kosovo,2015,62.187674,0.245681401583698,0.0,0.10013664162422,5.91623128345211,0.0,7.36815111994392,0.0,0.345818043207918,0.5,26.5
XKX,Kosovo,2016,61.0215542,0.278019453016927,0.0,0.116892340321784,5.57177504731632,0.0,6.20761650241487,0.0,0.394911793338711,0.5,26.7
XKX,Kosovo,2017,62.9594822,0.297313205479888,0.0,0.26220389637406,4.82565565298054,0.0,4.03838879864328,0.0,0.559517101853948,8.0,44.2
XKX,Kosovo,2018,58.8296176,0.322759346705482,0.0,0.259796395926622,3.40663227056285,0.0,3.05752931278261,0.0,0.582555742632103,10.6,44.6
XKX,Kosovo,2019,64.0829562,0.248062007101388,0.0,0.155240679271605,4.75680057007834,0.0,5.23669676312298,0.0,0.403302686372993,5.0,40.2
XKX,Kosovo,2020,64.452655,0.223207299342125,0.0,0.182422584469144,-5.34027547826166,0.0,-5.40690184268419,0.0,0.405629883811269,10.1,57.4
XKX,Kosovo,2021,65.9129798,0.379080525110064,0.0,0.549818417405912,10.7456560819583,0.0,10.9981400491097,0.0,0.928898942515976,13.2,49.4
KGZ,Kyrgyz Republic,2000,55.1343259,0.03503197691603,0.0355057695215399,3.15869466085072,5.44333663288322,0.0183743993584071,4.19610604345162,0.900163529762309,4.14777033640901,23.3,31.0
KGZ,Kyrgyz Republic,2001,,0.119776193517,0.0268129674751675,2.75313948274489,5.32162141190466,0.0433044312245958,4.3267567743611,0.589736237550232,3.53276931251188,20.3,30.2
KGZ,Kyrgyz Republic,2002,51.983372,0.0391165928677559,0.0218905583634931,2.78242269646878,-0.0173246130360667,0.020217360910022,-0.931486114215559,0.445969369196253,3.3096165778063,19.4,30.3
KGZ,Kyrgyz Republic,2003,46.812874,0.0305895344385065,0.0234986093439985,2.9011137836032,7.03029319731168,0.048675322575388,5.91391847989379,0.398560924925991,3.40243817488708,16.2,28.7
KGZ,Kyrgyz Republic,2004,46.7434629,0.26902172298262,0.0173572843800282,2.61371990073658,7.02681242497607,0.0400876318612614,5.73937835827032,0.475114651060121,3.41530119102061,8.3,34.8
KGZ,Kyrgyz Republic,2005,44.6393241,0.115019797922825,0.0155997806742436,2.03691402547417,-0.175515404044219,0.0314911142930956,-1.29558825808593,0.900674260856272,3.09969897922061,9.3,32.6
KGZ,Kyrgyz Republic,2006,44.1980312,0.100806703723948,0.0167261649637947,0.75265450059523,3.10289874199981,0.0532136005561311,2.00174444436951,0.901919856447568,1.82532082628667,6.1,37.4
KGZ,Kyrgyz Republic,2007,51.1017649,0.152101434131713,0.0150355732532453,0.503158419647854,8.54287477507607,0.0294386056493686,7.51249331031009,0.372572936622736,1.07230696930492,5.9,33.9
KGZ,Kyrgyz Republic,2008,56.9883458,0.427096068416551,0.0125567822242535,3.39260159297831,8.40161604861429,0.0495559616786454,7.37554930252675,0.419785696717881,4.30159610201564,2.9,31.5
KGZ,Kyrgyz Republic,2009,55.971584,0.172862286981781,0.0174578068678723,4.00055045835326,2.88629457537731,0.0255451846363182,1.53257250259469,0.240382537421539,4.45679827426077,1.7,29.9
KGZ,Kyrgyz Republic,2010,49.9325994,0.303050305289713,0.0179756670650179,9.17570825729604,-0.471566596791618,0.0181811955533565,-1.88093371727501,0.293982876159289,9.80889830136341,3.0,30.1
KGZ,Kyrgyz Republic,2011,48.8626592,0.416326855099761,0.0184545217442561,9.36439598951443,5.95627429693504,0.0175896749006956,4.43705345314649,0.386664882614064,10.2034319238732,1.5,27.8
KGZ,Kyrgyz Republic,2012,50.9318013,0.236331327157742,0.0148808808078958,2.91822265098111,-0.0881501998439376,0.0526690838341321,-1.95288116304553,0.358817908971423,3.5809218517523,2.2,27.4
KGZ,Kyrgyz Republic,2013,51.9499159,0.13882888823816,0.0128733750870724,5.22275812679732,10.9154694528045,0.0361147069496845,8.51417444984632,0.308548395714406,5.71912349278664,2.5,28.8
KGZ,Kyrgyz Republic,2014,53.8240681,0.151111714831141,0.0129570372911553,3.61314486974443,4.02403863083252,0.00401334764246336,1.75718622899099,0.290808188479066,4.07203515798825,1.2,26.8
KGZ,Kyrgyz Republic,2015,53.4358512,0.129856171145207,0.0134427944958746,4.07203844313298,3.87582544512439,0.0027051725159668,1.56807607660568,0.0350561205770026,4.25309870186703,2.0,29.0
KGZ,Kyrgyz Republic,2016,56.4457146,0.129937189552705,0.0116820639625866,5.41828400757048,4.33585592190116,0.00111232377736502,2.04985149948004,0.0524748993735499,5.61349048423669,1.3,26.8
KGZ,Kyrgyz Republic,2017,60.811992,0.154626266886822,0.0132169678178566,8.49409322255165,4.73993722377884,0.00123629973598906,2.55837834194257,0.0925684065781225,8.75574116357044,1.3,27.3
KGZ,Kyrgyz Republic,2018,60.363986,0.218169107095955,0.0135917317488829,4.30242708965849,3.75791013557165,0.00161084908379671,1.54586820248004,0.134682037189741,4.67048081477686,0.9,27.7
KGZ,Kyrgyz Republic,2019,62.3615904,0.160152432876729,0.0125077444121361,6.96589662889718,4.60062565707598,0.000931624750778577,2.28120088774463,0.103713879600644,7.24320231053747,0.8,29.7
KGZ,Kyrgyz Republic,2020,57.2370436,0.172697754818117,0.014183215528037,6.28875312852564,-7.14897757727955,0.000458878964953331,-9.03157714073227,0.0514871230911807,6.52758010092793,1.5,29.0
KGZ,Kyrgyz Republic,2021,59.2727382,0.257836525140979,0.0139920276901101,11.1502022599394,5.50700762671923,0.00208054760142869,3.58776993335192,0.0824296570356698,11.5065410174076,0.9,28.8
LAO,Lao PDR,2002,64.5284016,0.0685645442274591,4.74233157631651,0.0,5.91874368370564,0.0,4.23097600258968,0.0,4.81089612054397,11.4,32.6
LAO,Lao PDR,2007,63.2754748,0.433645537959031,3.8924387313394,8.89584721512652,7.59682880054878,0.0,5.94392449426221,0.0,13.221931484425,9.2,35.4
LAO,Lao PDR,2012,64.6506973,0.22963196538877,3.42906992113894,8.46160222330191,8.02609843461283,0.0,6.49513527103458,0.0,12.1203041098296,5.0,36.0
LAO,Lao PDR,2018,70.4235369,,1.60636140612663,2.27239697182916,6.24796000755872,0.0,4.60986171989208,0.0,3.8787583779558,3.3,38.8
LVA,Latvia,2002,81.2241748,0.0,1.73987716796356,0.0,7.66548778586991,0.0,8.92368151151518,0.0,1.73987716796356,0.4,35.1
LVA,Latvia,2003,81.9871398,0.0,1.74608259393462,0.0,8.42913257059108,0.0,9.48207219023105,0.0,1.74608259393462,0.3,36.5
LVA,Latvia,2004,75.9773374,0.0,1.57913673808513,0.0,8.72514341727928,0.0,9.91817299610062,0.0103677175607095,1.58950445564584,1.6,36.4
LVA,Latvia,2005,80.5099008,0.0,1.30160542972423,0.0,11.6153178557457,0.0,12.8279409524173,0.0195425675565115,1.32114799728074,1.5,39.0
LVA,Latvia,2006,81.3776068,0.0,1.16231070981732,0.0,12.825017846905,0.0,13.8646922612695,0.0177881524248426,1.18009886224217,1.0,35.6
LVA,Latvia,2007,78.6351935,0.0,0.953538071520019,0.0,10.4145372792714,0.0,11.3194013044585,0.0227668765867207,0.97630494810674,0.4,37.5
LVA,Latvia,2008,72.7344656,0.0,0.656987605561244,0.0,-3.38871665849958,0.0,-2.36803650613602,0.0525767547664309,0.709564360327675,0.7,37.2
LVA,Latvia,2009,76.3589694,0.0,0.839140410401527,0.0,-16.0400195313042,0.0,-14.6423127971401,0.0511686185788562,0.890309028980383,1.2,35.9
LVA,Latvia,2010,75.9643503,0.0,1.21927163209873,0.0,-3.66125859554762,0.0,-1.63514379125596,0.0638161948318141,1.28308782693054,1.0,35.0
LVA,Latvia,2011,72.4026965,0.0,1.23759391411225,0.0,3.03634482668815,0.0,4.92957999064132,0.0951786230834513,1.3327725371957,0.6,35.8
LVA,Latvia,2012,74.1098163,0.0,1.2936727049797,0.0,7.30524057200897,0.0,8.64449958601972,0.137675372248078,1.43134807722777,0.7,35.2
LVA,Latvia,2013,76.5318523,0.0,1.05452046128301,0.0,2.09609028156248,0.0,3.19545170389934,0.0896165354483561,1.14413699673137,0.8,35.5
LVA,Latvia,2014,78.1965106,0.0,1.04193524551335,0.0,2.0949597710559,0.0,3.06097381676449,0.0891082785579314,1.13104352407128,0.5,35.1
LVA,Latvia,2015,78.1374356,0.0,0.96882721597682,0.0,3.78336712084972,0.0,4.63645212679371,0.0345824404298269,1.00340965640665,0.4,34.2
LVA,Latvia,2016,76.8851186,0.0,0.964459176738095,0.0,2.55168601974034,0.0,3.49318640044002,0.0190916739437906,0.983550850681886,0.4,34.3
LVA,Latvia,2017,77.2226151,0.0,1.1708609951596,0.0,3.39894872623931,0.0,4.31935869681359,0.036360085832959,1.20722108099256,0.4,35.6
LVA,Latvia,2018,77.2238587,0.0,0.993976242728764,0.0,4.30971286294503,0.0,5.12560422080688,0.0795369079908762,1.07351315071964,0.2,35.1
LVA,Latvia,2019,77.4765827,0.0,1.13001985532043,0.0,0.675372771884227,0.0,1.37774612596324,0.0593681954347841,1.18938805075522,0.2,34.5
LVA,Latvia,2020,78.3005205,0.0,1.24316355744522,0.0,-3.46922750780554,0.0,-2.78996380720736,0.0314235592999339,1.27458711674516,0.3,35.7
LVA,Latvia,2021,79.6789749,0.0,1.09972035164877,0.0,6.94254173062592,0.0,7.8481957927218,0.0653994018600052,1.16511975350878,0.3,34.3
LBN,Lebanon,2011,41.0172578,0.0,0.00193498198500856,0.0,0.86733987855277,0.0,-0.215990101752055,0.0,0.00193498198500856,0.0,31.8
LSO,Lesotho,2002,60.0981741,0.0,4.64972989607064,0.0,0.723836067167127,0.0,1.0355999970419,0.0,4.64972989607064,42.9,51.2
LSO,Lesotho,2017,62.441153,0.0,6.29773888103094,0.0,-3.13817493733471,0.0,-4.33655999292874,0.0,6.29773888103094,17.0,44.9
LBR,Liberia,2007,46.0590288,0.0,21.4360664933649,0.14096051546518,9.53527536282282,0.0,4.21343815918623,0.0,21.5770270088301,23.4,36.4
LBR,Liberia,2014,57.1757224,0.0,18.4789387903565,7.7016979887302,0.701393100287518,0.0,-1.37370786861489,0.0,26.1806367790867,8.7,33.2
LBR,Liberia,2016,58.1540898,0.0,19.592202926753,0.522159021029362,-1.5549586174878,0.0,-3.54590251888713,0.0,20.1143619477823,9.9,35.3
LTU,Lithuania,2000,76.3153738,0.0,0.657243165462163,0.0,3.41862206571636,0.0,4.14861792867285,0.350374403020056,1.00761756848222,0.2,31.7
LTU,Lithuania,2001,,0.0,0.593577237447843,0.0,6.48412665187908,0.0,7.36519017903279,0.356954383456659,0.950531620904502,0.3,32.0
LTU,Lithuania,2002,81.760151,0.0,0.511066864176344,0.0,6.71983945103626,0.0,7.57999763692278,0.298245654690125,0.809312518866469,0.2,31.9
LTU,Lithuania,2003,82.9767008,0.0,0.495587211728695,0.0,10.5518959629574,0.0,11.4535417783581,0.236285179210918,0.731872390939613,0.1,35.5
LTU,Lithuania,2004,76.5936364,0.0,0.441751083809341,0.0,6.50203536075556,0.0,7.70478467031737,0.213297786959526,0.655048870768867,1.7,37.0
LTU,Lithuania,2005,79.8505305,0.0,0.391063533661301,0.0,7.7314467577492,0.0,9.50010821862925,0.199035520535653,0.590099054196955,1.1,35.3
LTU,Lithuania,2006,79.3745517,0.0,0.386222248962889,0.0,7.39548122468629,0.0,9.12367697158992,0.163827335648741,0.550049584611631,0.9,34.4
LTU,Lithuania,2007,79.803867,0.0,0.36899966627528,0.0,11.0779282578673,0.0,12.4053451378162,0.111123246183541,0.480122912458821,0.9,34.8
LTU,Lithuania,2008,78.7232645,0.0,0.319020219473437,0.0,2.59946154605602,0.0,3.66012476803633,0.120394867137278,0.439415086610715,0.9,35.7
LTU,Lithuania,2009,76.5492175,0.0,0.3303576107812,0.0,-14.8386117894848,0.0,-13.8877568111501,0.0715728904991753,0.401930501280375,1.4,37.2
LTU,Lithuania,2010,78.1245441,0.0,0.444399073634748,0.0,0.427199566550769,0.0,2.5553360476174,0.0803743997861436,0.524773473420892,1.1,33.6
LTU,Lithuania,2011,77.5833375,0.0,0.441104602702902,0.0,6.32363664821298,0.0,8.75223892258067,0.111619814532788,0.55272441723569,0.5,32.5
LTU,Lithuania,2012,78.1538117,0.0,0.405870637283716,0.0,4.38290584355157,0.0,5.74397608423232,0.0974715128859943,0.50334215016971,0.7,35.1
LTU,Lithuania,2013,82.7023413,0.0,0.377498286214361,0.0,4.04691318575325,0.0,5.026825169489,0.0739349105055915,0.451433196719953,0.5,35.3
LTU,Lithuania,2014,81.8925419,0.0,0.37324321317975,0.0,3.7725437958099,0.0,4.62035286553186,0.0624235150052519,0.435666728185002,0.8,37.7
LTU,Lithuania,2015,82.0275822,0.0,0.327502058308449,0.0,2.83280643343234,0.0,3.75632420325671,0.028369813462494,0.355871871770943,0.6,37.4
LTU,Lithuania,2016,82.2000022,0.0,0.319623616534637,0.0,2.67192215053329,0.0,3.87744054624235,0.0181352318557627,0.3377588483904,0.8,38.4
LTU,Lithuania,2017,81.1356801,0.0,0.385285598105187,0.0,4.61224310312809,0.0,5.88872606993294,0.0227232483962868,0.408008846501474,0.8,37.3
LTU,Lithuania,2018,81.3878711,0.0,0.351605803322247,0.0,4.91836780106811,0.0,5.79066548228593,0.0267898297704848,0.378395633092732,0.5,35.7
LTU,Lithuania,2019,82.6773936,0.0,0.317308048932071,0.0,4.67735183530451,0.0,4.97938353929399,0.0168744393867326,0.334182488318804,0.4,35.3
LTU,Lithuania,2020,85.5490156,0.0,0.302338974212566,0.0,0.0428158336981426,0.0,0.068446214406265,0.00844361118604004,0.310782585398606,0.2,36.0
LTU,Lithuania,2021,83.1660384,0.0,0.270178087184519,0.0,6.39481772930206,0.0,6.47017052787757,0.015948543146471,0.28612663033099,0.2,36.7
LUX,Luxembourg,2000,92.0898337,0.0,0.0190086228380903,0.0,6.93809504692074,0.0,5.51037466267064,0.0,0.0190086228380903,0.0,30.1
LUX,Luxembourg,2001,,0.0,0.0187875662300189,0.0,3.07427520210337,0.0,1.85449582849829,0.0,0.0187875662300189,0.0,30.9
LUX,Luxembourg,2002,92.1097765,0.0,0.0172526782204699,0.0,3.22528846998354,0.0,2.14948280766399,0.0,0.0172526782204699,0.0,31.1
LUX,Luxembourg,2003,88.8965549,0.0,0.0150664520035236,0.0,2.6192502126754,0.0,1.37976654261331,0.0,0.0150664520035236,0.0,30.2
LUX,Luxembourg,2004,84.5950629,0.0,0.00965720131113687,0.0,4.23067892192488,0.0,2.75969290542125,0.0,0.00965720131113687,0.0,30.2
LUX,Luxembourg,2005,87.2688953,0.0,0.009842585563947,0.0,2.48250499371829,0.0,0.926401620733969,0.0,0.009842585563947,0.0,30.8
LUX,Luxembourg,2006,89.1396483,0.0,0.0116592667887084,0.00923921679749266,6.01662739677904,0.0,4.33902205420004,0.0,0.0208984835862011,0.0,30.9
LUX,Luxembourg,2007,91.4252792,0.0,0.0145508924000938,0.0184112835674772,8.09852098069817,0.0,6.4418869874232,0.0,0.032962175967571,0.0,31.1
LUX,Luxembourg,2008,91.8217294,0.0,0.0142032529848065,0.161857407688261,-0.302272983306707,0.0,-2.0685335435922,0.0,0.176060660673067,0.0,32.6
LUX,Luxembourg,2009,91.3307206,0.0,0.01388653183711,0.152487610740538,-3.23895268839308,0.0,-5.01426169873878,0.0,0.166374142577648,0.0,31.2
LUX,Luxembourg,2010,91.3084854,0.0,0.0174728891170373,0.0554468546189907,3.76040578658925,0.0,1.88353964502777,0.0,0.072919743736028,0.0,30.5
LUX,Luxembourg,2011,89.4470454,0.0,0.015185232981227,0.0964425475476,1.0442860057217,0.0,-1.17681027678633,0.0,0.111627780528827,0.1,32.1
LUX,Luxembourg,2012,89.1924014,0.0,0.013340026610924,0.110975457226791,1.64971134354685,0.0,-0.762369570929096,0.0,0.124315483837715,0.0,34.3
LUX,Luxembourg,2013,88.3824739,0.0,0.0095537089381304,0.0559270910497059,3.17168513780955,0.0,0.814549354349651,0.0,0.0654807999878363,0.1,32.0
LUX,Luxembourg,2014,90.3386571,0.0,0.0116539868977013,0.0394707897033685,2.62308838097542,0.0,0.232566751606214,0.0,0.0511247766010698,0.1,31.2
LUX,Luxembourg,2015,90.0224852,0.0,0.0121647269251085,0.0,2.26836572735107,0.0,-0.116861972397984,0.0,0.0121647269251085,0.2,32.9
LUX,Luxembourg,2016,88.8816085,0.0,0.0100663139177463,0.0,4.97819047122638,0.0,2.73979183520059,0.0,0.0100663139177463,0.1,31.7
LUX,Luxembourg,2017,87.6143673,0.0,0.00960957126949073,0.0,1.31711942298405,0.0,-1.11617956345307,0.0,0.00960957126949073,0.2,34.5
LUX,Luxembourg,2018,88.1947317,0.0,0.0131614123128893,0.0,1.61129891211624,0.0,-0.329837078615427,0.0,0.0131614123128893,0.2,35.4
LUX,Luxembourg,2019,88.1954355,0.0,0.00887356762506664,0.0,2.74932091920692,0.0,0.752175646219683,0.0,0.00887356762506664,0.1,34.2
LUX,Luxembourg,2020,86.5719558,0.0,0.00666359766515693,0.0,-0.510051634039826,0.0,-2.15417448261604,0.0,0.00666359766515693,0.0,33.4
LUX,Luxembourg,2021,85.4536695,0.0,0.00475136757511518,0.0,6.92973270801744,0.0,5.31842935090185,0.0,0.00475136757511518,0.0,32.7
MDG,Madagascar,2001,,0.0,2.78738585949357,0.0,5.98023576982733,0.0,2.76590524360817,0.0,2.78738585949357,24.4,47.4
MDG,Madagascar,2005,65.1506297,0.0,5.46519263328718,0.000332965132044544,4.75584509499119,0.0,1.7317720668288,0.0,5.46552559841922,19.2,39.9
MDG,Madagascar,2010,45.9816577,0.0,5.68747856738867,0.120966458978006,0.619239744622121,0.0,-2.26580252727942,0.0,5.80844502636667,26.5,42.4
MDG,Madagascar,2012,54.1014426,0.000419342345868383,6.40089316102634,0.289984667146829,3.01114811621208,0.0,0.20064094160324,0.0,6.69129717051904,29.3,42.6
MDG,Madagascar,2021,58.0152523,0.0,5.44735877336419,0.0,4.65068343174309,0.0,2.05115869903585,0.0838298700394072,5.5311886434036,27.6,36.8
MWI,Malawi,2004,63.5076735,0.0507704027095983,6.29604823305071,0.0,5.42049754993828,0.0,2.72895046279207,0.0452942648318498,6.39211290059216,32.4,39.9
MWI,Malawi,2010,65.2834647,0.0626336908273944,5.88073470813202,0.0,6.87406585416142,0.0,3.76961752338009,0.0823566866553219,6.02572508561474,34.8,45.5
MWI,Malawi,2016,61.4907533,0.0179067532663158,10.8969752016762,0.00470271466065946,2.49999999914311,0.0,-0.256367435160101,0.0544029137872334,10.9739875833904,30.4,44.7
MWI,Malawi,2019,61.0696748,0.0113816426802696,4.23066256836338,0.0017185595820268,5.71682519194337,0.0,2.9515101541935,0.0,4.24376277062568,33.8,38.5
MYS,Malaysia,2003,72.0732591,0.000273980909682817,4.92997906617167,0.0177561407310377,5.7884992858875,2.97162062750446,3.31466734765901,4.23640666645896,12.1560364817758,0.7,46.4
MYS,Malaysia,2006,69.4835894,0.0106744057710384,3.75990568321402,0.0309132491087826,5.5848470671515,2.655793721263,3.25940653936949,7.01882709402704,13.4761141533839,0.4,44.8
MYS,Malaysia,2008,68.2010004,0.0441804095537564,4.11909757612888,0.0618600114951588,4.83176988913097,2.0355192417994,2.65806478779189,7.12611467503542,13.3867719140126,0.3,45.5
MYS,Malaysia,2011,66.8902028,0.0699189725385976,2.26771749790281,0.334980850555972,5.29391283414003,1.79059723598374,3.46597439015295,5.48169161167852,9.94490616865965,0.1,43.6
MYS,Malaysia,2013,65.1626653,0.0271783392705705,2.11103457955223,0.301260578508611,4.69372252557893,1.68061798005116,2.91923259894287,4.34705959022544,8.46715106760802,0.0,41.3
MYS,Malaysia,2015,66.6594252,0.0115048278541161,1.77211285104809,0.152278270436555,5.09153242155011,2.76972655209539,3.28578556272301,1.86528956443024,6.5709120658644,0.0,41.1
MYS,Malaysia,2018,68.9172284,0.0177159930363127,1.97935469127175,0.00601473752423654,4.84308697634881,2.61106308483195,3.07401779071937,2.71329599019211,7.32744449685636,0.0,41.2
MYS,Malaysia,2021,69.2442318,0.0252334817053191,1.70393676123606,0.0,3.31534954399166,3.34718425272374,2.13146199778431,1.84561185301968,6.92196634868479,0.0,40.7
MDV,Maldives,2002,83.3741282,0.0,0.00534464674615868,0.0,7.26838656139654,0.0,5.48472446317076,0.0,0.00534464674615868,4.9,41.3
MDV,Maldives,2009,63.9340559,0.0,0.00529407472213314,0.0,-8.34069861571051,0.0,-11.5265024869526,0.0,0.00529407472213314,3.2,38.4
MDV,Maldives,2016,67.2458553,0.0,0.00663326999058831,0.0,6.37528306716864,0.0,2.73896015037067,0.0,0.00663326999058831,0.0,31.3
MDV,Maldives,2019,64.5089747,0.0,0.00274890529404401,0.0,6.92305989050099,0.0,3.71535274800274,0.0,0.00274890529404401,0.0,29.3
MLI,Mali,2001,,0.0,2.88841049747737,2.46418442782873,15.806031742271,0.0,12.37556659827,0.0,5.3525949253061,31.1,39.9
MLI,Mali,2006,74.175261,0.0,2.5666241421107,4.84997517094625,3.68960265255278,0.0,0.343315236766117,0.0,7.41659931305695,25.7,38.9
MLI,Mali,2009,68.9224793,0.0,3.04049785349174,5.56653503531067,5.45473562683669,0.0,2.07458358714914,0.0,8.60703288880241,23.6,33.0
MLI,Mali,2018,33.8102693,0.0,2.36216326095172,5.38053448505117,4.86784999935264,0.0,1.64097526437071,0.0,7.74269774600288,7.2,36.0
MLI,Mali,2021,26.0609877,0.0,2.23456673263579,16.1833154644134,3.10094124463507,0.0,-0.00652431025741862,0.0,18.4178821970492,9.6,35.7
MLT,Malta,2006,84.0606479,0.0,0.0,0.0,2.33618870316785,0.0,1.96401854578517,0.0121328675494815,0.0121328675494815,0.3,28.0
MLT,Malta,2007,85.1109358,0.0,0.0,0.0,5.03640177981643,0.0,4.67072002776783,0.0056509041515729,0.0056509041515729,0.3,29.2
MLT,Malta,2008,86.3606069,0.0,0.0,0.0,4.41059689827608,0.0,3.73344898701311,0.00671337918398488,0.00671337918398488,0.1,29.0
MLT,Malta,2009,86.4002106,0.0,0.0,0.0,-1.39524956144803,0.0,-2.13584241113088,0.00417915639073977,0.00417915639073977,0.3,30.2
MLT,Malta,2010,86.6925621,0.0,0.0,0.0,6.19734978656928,0.0,5.6770056257412,0.0,0.0,0.1,29.0
MLT,Malta,2011,83.0115951,0.0,0.0,0.0,0.992201768011597,0.0,0.565202154513315,0.0,0.0,0.2,29.1
MLT,Malta,2012,83.1922518,0.0,0.0,0.0,4.10167460261891,0.0,3.16977888017695,0.0,0.0,0.1,29.4
MLT,Malta,2013,82.4967318,0.0,0.0,0.0,6.29233378116625,0.0,5.09582254051386,0.0,0.0,0.0,28.8
MLT,Malta,2014,83.8064293,0.0,0.0,0.0,7.6313628225042,0.0,5.47839291832402,0.0,0.0,0.0,29.0
MLT,Malta,2015,82.1340467,0.0,0.0,0.0,9.62070302842181,0.0,6.97062709797696,0.0,0.0,0.1,29.4
MLT,Malta,2016,81.8977808,0.0,0.0,0.0,4.07800422216982,0.0,1.72282160938224,0.0,0.0,0.1,29.1
MLT,Malta,2017,84.3908285,0.0,0.0,0.0,12.9713425287845,0.0,9.92374329605097,0.0,0.0,0.1,29.2
MLT,Malta,2018,84.8913894,0.0,0.0,0.0,7.18921425536917,0.0,3.4685156198008,0.0,0.0,0.1,28.7
MLT,Malta,2019,81.5983506,0.0,0.0,0.0,4.0850557312243,0.0,-0.0478839092805288,0.0,0.0,0.2,31.0
MLT,Malta,2020,82.8302159,0.0,0.0,0.0,-3.45728232537419,0.0,-5.62564948135554,0.0,0.0,0.2,31.4
MLT,Malta,2021,81.8116195,0.0,0.0,0.0,13.3509818925498,0.0,12.7690777878809,0.0,0.0,0.0,31.6
MHL,Marshall Islands,2019,85.5530879,,0.0,0.0,10.4521147301896,,13.6597363046024,,0.0,0.4,35.5
MRT,Mauritania,2000,65.2544021,2.03141338076991,1.24345946403152,0.0,-3.91802587923293,0.0,-6.555624764896,0.0,3.27487284480144,9.6,39.0
MRT,Mauritania,2004,60.5457189,2.35598406080186,1.91936936100957,4.58471568993541,4.7327579245203,0.0,2.30058501496531,0.0,8.86006911174684,8.0,40.2
MRT,Mauritania,2008,54.2129752,6.4404399840998,1.6592415477119,24.8341508830955,-0.331079195278377,0.0,-3.15557607122382,5.46163646578312,38.3954688806903,5.2,35.7
MRT,Mauritania,2014,52.8916382,1.4942762150545,2.03062930758937,8.172368029958,4.27482327130284,0.0,1.18070234091525,1.48326200444495,13.1805355570468,2.8,32.6
MRT,Mauritania,2019,54.8692793,0.784232241959444,1.22286017311381,0.604821746996996,3.14100489264639,0.0,0.13930852413786,0.0,2.61191416207025,2.5,32.0
MUS,Mauritius,2006,81.1222796,0.0,0.00816434745435896,0.0,4.86554460775534,0.0,4.3775868209086,0.0,0.00816434745435896,0.2,35.7
MUS,Mauritius,2012,84.1734668,0.0,0.00374494316096804,0.0,3.51062090167264,0.0,3.22396185289575,0.09302537199132,0.0967703151522881,0.2,38.5
MUS,Mauritius,2017,83.2235368,0.0,0.00339252211144264,0.0,3.95441730960265,0.0,3.86072669871569,0.0,0.00339252211144264,0.1,36.8
MEX,Mexico,2000,64.7382969,0.0010126660789203,0.0684645024890943,0.0689659453339466,5.02928399378261,0.101366224193813,3.42140514214798,3.33837327328532,3.5781826113811,5.8,53.4
MEX,Mexico,2002,63.5233937,0.00261380116904821,0.0647831387815131,0.0472079727522801,-0.236588001922641,0.0725730429832139,-1.66063053524651,2.56123107950286,2.74840903518892,4.0,50.6
MEX,Mexico,2004,63.2658988,0.0273022630858051,0.0626746292053891,0.131562167776797,3.56544102622887,0.0603358045511139,2.16106231298699,3.91311549345697,4.19499035807608,3.9,50.3
MEX,Mexico,2005,59.7670661,0.0295646975447426,0.0564561704190723,0.194879672775774,2.11324711473297,0.107040373383792,0.745413240991311,5.19854636227176,5.58648727639514,4.2,50.9
MEX,Mexico,2006,55.7107036,0.0355247371379613,0.0676935775602247,0.349434675566359,4.80501351664901,0.150480549487065,3.39577676474912,5.53800257872389,6.1411361184755,2.9,49.7
MEX,Mexico,2008,53.1598894,0.106680413833219,0.0693930826594843,0.333187525650902,0.943331872912935,0.187206346731322,-0.519889915451088,6.04436562265737,6.7408329915323,3.3,50.8
MEX,Mexico,2010,51.8378367,0.0796871696268284,0.132266727975207,0.502379057813547,4.9713345832195,0.152145470781719,3.47084287436401,4.0853189393579,4.9517973655552,2.6,47.7
MEX,Mexico,2012,52.2117256,0.0594435226719813,0.0978850771398704,0.795322265347299,3.55321076010608,0.292312698627022,2.15731830473833,5.40265415074589,6.64761771453207,2.2,49.6
MEX,Mexico,2014,49.5018886,0.0296217542584092,0.144244778895991,0.414931244421241,2.50376350783593,0.253327765301614,1.27091421020926,3.9014361869158,4.74356172979305,2.1,48.9
MEX,Mexico,2016,51.64984,0.02079440539794,0.184353917127319,0.477374396002239,1.7724932254128,0.0555286615814859,0.790955203187124,1.23719531597201,1.97524669608099,1.2,46.9
MEX,Mexico,2018,50.0543383,0.025196241296921,0.114434607692261,0.423822774241611,1.97208211101069,0.120301873913526,1.01136623366224,2.20735150189898,2.8911069990433,1.0,46.0
MEX,Mexico,2020,52.6169798,0.0111313464432547,0.147032678491114,0.464219554964667,-8.35403459379062,0.0700656490052309,-9.10287155806593,0.867384554620089,1.55983378352436,1.2,44.6
FSM,"Micronesia, Fed. Sts.",2005,84.3472533,,0.01068453390706,0.0,2.7434627349036,0.0,3.21654818694653,,0.01068453390706,3.9,42.4
FSM,"Micronesia, Fed. Sts.",2013,84.3248286,,0.0266740121867941,0.0,-3.70370370370371,0.0,-3.90944028072801,,0.0266740121867941,9.0,40.1
MDA,Moldova,2000,60.2820917,0.0,0.268480210772503,0.0,2.10771608200733,0.000285725649604128,2.31558560482232,0.0462293945531825,0.314995330975289,13.2,36.4
MDA,Moldova,2001,,0.0,0.186926611436212,0.0,6.10000039929173,0.000481167467549749,6.33753269392803,0.027932952617252,0.215340731521014,9.7,38.0
MDA,Moldova,2002,64.4895512,0.0,0.203024388166527,0.0,7.79999965773833,0.00032394599072994,8.04993224916466,0.0246158649690204,0.227964199126278,5.1,35.8
MDA,Moldova,2003,61.6463103,0.0,0.236771215774469,0.0,6.59999995777716,0.00023710532933596,6.90061128351323,0.0230683030184434,0.260076624122249,2.0,34.9
MDA,Moldova,2004,60.8082289,0.0,0.188553996194082,0.0,7.39999973358189,0.000279690183575359,7.66608705336095,0.0224885889043192,0.211322275281976,2.6,35.0
MDA,Moldova,2005,59.6630955,0.0,0.156357384996323,0.0,7.5000001493726,0.000207022589008672,7.76188624467986,0.0375729585706165,0.194137366155948,4.3,36.3
MDA,Moldova,2006,62.2849093,0.0,0.172095276465195,0.0,4.79999983670831,0.0954620566988178,5.09166801572276,0.0298150598802193,0.297372393044233,0.8,35.4
MDA,Moldova,2007,66.9085826,0.0,0.147510393453266,0.0,3.00000022585525,0.00016207200152596,3.238946835622,0.0519331771812052,0.199605642635997,0.4,34.4
MDA,Moldova,2008,61.7808604,0.0,0.120457000877806,0.0,7.80000014541523,0.000267087056866113,8.00539195483559,0.104253032464958,0.22497712039963,0.3,34.7
MDA,Moldova,2009,60.9238713,0.0,0.136743347235972,0.0,-6.00000026352828,0.000335684408541058,-5.88123771461969,0.0709039203172028,0.207982951961716,0.2,32.9
MDA,Moldova,2010,64.6216398,0.0,0.0913786171518213,0.0,7.10000010705836,8.82226050062812e-05,7.20697461136707,0.0410121464400827,0.13247898619691,0.2,32.1
MDA,Moldova,2011,68.4446711,0.0,0.102797843282732,0.0,5.81816614684824,7.48602823163864e-05,5.87938512338968,0.0658151040070292,0.168687807572078,0.1,30.6
MDA,Moldova,2012,68.2618074,0.0,0.116366132840054,0.0,-0.589733954762579,0.000151449004696691,-0.576700868382531,0.0520121651564088,0.168529747001159,0.1,29.2
MDA,Moldova,2013,68.4584132,0.0,0.242647103892061,0.0,9.0438656074181,0.000136316341731475,9.0730755766005,0.0398922117138423,0.282675631947635,0.0,28.5
MDA,Moldova,2014,64.547656,0.0,0.275155591837714,0.0,4.99962585407656,7.29195979032618e-05,5.06366581042911,0.0299660461211061,0.305194557556724,0.0,26.8
MDA,Moldova,2015,62.9658024,0.0,0.31600770734607,0.0,-0.338235622387202,6.62200174007279e-05,0.429158887977096,0.0136446165022722,0.329718543865743,0.0,27.0
MDA,Moldova,2016,62.7463209,0.0,0.259923223099085,0.0,4.64601436259409,5.04397625609019e-05,5.87017576429136,0.00862196490392666,0.268595627765572,0.1,26.3
MDA,Moldova,2017,62.7882699,0.0,0.251239502377678,0.0,4.17561205106279,5.84473503480182e-05,5.99041199822246,0.00923649995277875,0.260534449680804,0.0,25.9
MDA,Moldova,2018,61.8237471,0.0,0.249202760058751,0.0,4.07559546585034,7.31336242755443e-05,5.92036718190722,0.0127635798638785,0.262039473546905,0.0,25.7
MDA,Moldova,2019,63.3755268,0.0,0.239470257131583,0.0,3.5523140853476,3.54706880923648e-05,5.22280984962049,0.0102511321031361,0.249756859922812,0.0,26.0
MDA,Moldova,2020,63.3477077,0.0,0.239746987888132,0.0,-8.27597831976949,1.97113564430777e-06,-7.26326976771907,0.00619089364526559,0.245939852669041,0.0,25.0
MDA,Moldova,2021,65.1228447,0.0,0.224174207052017,0.0,13.9299997889786,6.08786635979016e-05,15.6557976122015,0.0117069637364196,0.235942049452034,0.0,25.7
MNG,Mongolia,2002,82.8374277,1.5492838485279,0.602088934629251,2.19867574914092,4.73297846590111,0.0,3.39545599901953,0.148943183083729,4.4989917153818,4.8,32.9
MNG,Mongolia,2007,77.7128212,4.86481895009341,0.397398007513807,21.296321923898,10.2480163590057,0.0,8.77843828826261,0.918313208985426,27.4768520904907,0.7,35.8
MNG,Mongolia,2010,77.2900943,19.6438178089225,0.369945948040915,14.3767179735502,6.3651616786311,0.0,4.52004039651671,1.51728063526244,35.907762365776,0.5,33.1
MNG,Mongolia,2011,75.5375597,25.8999299043664,0.340725870819078,14.0546863394044,17.2907775869555,0.0,15.2830434931644,1.92131227140389,42.2166543859938,0.3,33.9
MNG,Mongolia,2012,76.2262847,10.0374339886047,0.215988824855809,9.88964892039198,12.3198198494032,0.0,10.2081460867694,2.12988232376644,22.2729540576189,0.2,33.8
MNG,Mongolia,2014,81.0504019,4.99665662998931,0.278768560842992,7.17526010772536,7.88522548204762,0.0,5.5513088464518,3.63584891999233,16.08653421855,0.1,32.0
MNG,Mongolia,2016,78.1210356,4.33446955900433,0.281307366829251,3.98730978039654,1.48978448679577,0.0,-0.547071462431205,1.44692568738784,10.050012393618,0.3,32.3
MNG,Mongolia,2018,78.6896342,7.86743352891565,0.163388696996473,9.61105231259492,7.74488062024881,0.0,5.75427016552706,2.22574065348702,19.8676151919941,0.3,32.7
MNE,Montenegro,2005,78.8997379,0.297073785239654,0.0,0.345152197033432,4.18060206704946,0.0,4.02660240456581,0.0,0.642225982273086,0.1,30.2
MNE,Montenegro,2006,69.3728545,0.299594046102001,0.294277195219685,0.430058073745408,8.56641991756757,0.0,8.43155589607736,0.0,1.02392931506709,0.1,30.0
MNE,Montenegro,2007,68.658859,0.294771011035765,0.263492151707789,0.395007296330282,7.13755016459636,0.0,6.98968425407895,0.0,0.953270459073836,0.1,31.4
MNE,Montenegro,2008,78.4855979,1.05263175865509,0.2451234964049,0.204894764683611,6.89860030860218,0.0,6.70904934455439,0.0,1.5026500197436,0.1,30.5
MNE,Montenegro,2009,78.3492338,0.185900838034728,0.175270379220043,0.015667008541764,-5.99444862538753,0.0,-6.19590190743681,0.0,0.376838225796534,0.0,31.0
MNE,Montenegro,2010,74.5921426,0.716295403612445,0.38200994270558,0.0394728384050534,2.77559782547836,0.0,2.58744435496348,0.0,1.13777818472308,0.0,28.9
MNE,Montenegro,2011,74.4769751,0.815341280214694,0.456103692714325,0.17224261977352,3.40978812497193,0.0,3.25692677248162,0.0,1.44368759270254,0.1,30.8
MNE,Montenegro,2012,76.3767445,0.346822967174017,0.434317394657323,0.153929237412336,-2.48732882965353,0.0,-2.65570357284696,0.0,0.935069599243676,1.9,41.2
MNE,Montenegro,2013,75.9572597,0.154702162253761,0.405722321873075,0.112537711550129,3.38612548540247,0.0,3.1920026066844,0.0,0.672962195676965,1.6,39.0
MNE,Montenegro,2014,71.0928265,0.123513438750382,0.420115501412041,0.237631897602672,2.37030892464516,0.0,2.18041940678877,0.0,0.781260837765096,0.9,38.8
MNE,Montenegro,2015,69.7759581,0.0968828936467626,0.466169902533069,0.168260845077682,2.52306333975571,0.0,2.37419874424694,0.0,0.731313641257514,0.7,39.0
MNE,Montenegro,2016,70.7258625,0.0819627752980139,0.399949460727295,0.355624135517638,3.4393056210999,0.0,3.32318817615919,0.0,0.837536371542947,1.7,38.5
MNE,Montenegro,2017,66.7594431,0.104326596931278,0.462117194187429,0.772976189304725,3.21668504736274,0.0,3.11297073146422,0.0,1.33941998042343,2.1,36.9
MNE,Montenegro,2018,68.1439034,0.116984497336867,0.521937199343323,0.198519968491461,4.73292113433965,0.0,4.65668340285264,0.0,0.837441665171651,1.5,36.8
MNE,Montenegro,2019,69.2355697,0.0931587848680625,0.475423168276577,0.0479096404046219,4.39391565821528,0.0,4.34144828521134,0.0,0.616491593549262,0.9,35.7
MNE,Montenegro,2020,66.3995884,0.0925290326993661,0.61593669511223,0.0145372657540534,-14.9926187023533,0.0,-14.970505034482,0.0,0.723002993565649,1.0,35.4
MNE,Montenegro,2021,65.3266026,0.14484831357974,0.47878926865507,0.0135600897455756,13.0462607426359,0.0,13.3242405343679,0.0,0.637197671980386,1.2,34.3
MAR,Morocco,2000,59.4218708,0.000330792270591261,0.166686658825676,0.126939155104646,2.58218091499747,0.00505601668451482,1.11923449171742,0.00631272522300296,0.305325348108431,4.0,40.6
MAR,Morocco,2006,59.4063642,0.000128482825881006,0.164138751759762,0.998985066736335,7.7908200104027,0.00538870749098225,6.31205425044466,0.0062368292429596,1.17487783805592,2.1,40.7
MAR,Morocco,2013,54.0147278,0.0,0.205257416480863,4.33282340110598,4.12221286860944,0.00794804306675751,2.7578648778037,0.00535817874110864,4.55138703939471,0.7,39.5
MOZ,Mozambique,2002,63.4588082,0.00799736131984257,7.14523308512711,0.00126032395522147,9.66850534669427,0.00158881967528373,7.23540386040537,0.0,7.15607959007746,50.9,46.9
MOZ,Mozambique,2008,69.0097133,0.0289147181912644,7.87141274670505,0.0199685271023678,6.87802942560995,1.80233550297769,4.27502296305138,0.481285902978786,10.2039173979552,42.3,45.5
MOZ,Mozambique,2014,55.3098599,1.49304929686929,7.79049402321541,0.0119843595535412,7.70256844839309,2.49412068073804,4.62514159794316,0.114254490571332,11.9039028509476,38.1,54.0
MOZ,Mozambique,2019,51.7248231,3.25799776435329,6.60830485288298,0.0266967588970236,2.31781394821475,2.70158116067819,-0.646283515954551,0.0821437604923504,12.6767242973038,45.8,50.7
MMR,Myanmar,2015,46.6955798,0.0151772971723697,2.93589041143927,0.359737628124076,6.99284029026121,3.15576965417731,6.13960007817474,0.146604102339128,6.61317909325215,4.4,38.1
MMR,Myanmar,2017,44.6899778,0.0154298627627981,3.96181166359992,1.10184604979825,6.13610824360305,2.58866845782587,5.31957403505668,0.152347682977876,7.82010371696471,1.8,30.7
NAM,Namibia,2003,69.2380926,0.0,0.580438661470065,0.350172067770085,4.23979429582137,0.0,2.74512795300122,0.0,0.930610729240151,18.7,63.3
NAM,Namibia,2009,81.7676617,0.0,0.748171715784463,1.18237850227727,0.295970914001089,0.0,-1.16873879710282,0.0,1.93055021806173,13.6,61.0
NAM,Namibia,2015,78.1505406,0.0,0.871881487516777,1.00339287496743,4.26417453763675,0.0,1.53445826192009,0.0,1.8752743624842,8.5,59.1
NPL,Nepal,2003,29.3661339,0.00235467520986336,1.2077250453728,0.0,3.94503776051116,0.0,2.48926345447566,0.0,1.21007972058267,19.9,43.8
NPL,Nepal,2010,38.5793667,0.0078338999279562,1.46446310737176,0.0,4.81641464694573,0.0,4.16886489216166,0.0,1.47229700729972,4.5,32.8
NLD,Netherlands,2004,80.6627333,0.0,0.00180366926374822,0.0,2.01628331561487,0.395244249969581,1.66241697012426,0.0482013400128872,0.445249259246216,0.1,29.8
NLD,Netherlands,2005,83.1350558,0.0,0.00195976001651045,0.0,2.03401576512488,0.294878106120457,1.79587820013489,0.0486888872963133,0.345526753433281,0.1,29.0
NLD,Netherlands,2006,82.3508566,0.0,0.00213720221958192,0.0,3.53729585853395,0.607059769493383,3.37113428384058,0.0474303353534585,0.656627307066423,0.0,30.0
NLD,Netherlands,2007,81.7878949,0.0,0.00220334718727661,0.0,3.88542348324803,0.52120335320914,3.65969583887677,0.0695823476637214,0.592989048060138,0.0,29.6
NLD,Netherlands,2008,82.5933026,0.0,0.00246694606799199,0.0,2.11674514240192,0.963753121969128,1.71998513111112,0.0767004716623707,1.04292053969949,0.1,29.3
NLD,Netherlands,2009,83.9280042,0.0,0.0023782905129004,0.0,-3.66528147002826,0.686149183988494,-4.15944424816443,0.0342324179411298,0.722759892442524,0.1,27.9
NLD,Netherlands,2010,82.8466432,0.0,0.00260401099906781,0.0,1.31935287897116,0.728762153920343,0.80099304285595,0.0313299442533534,0.762696109172764,0.0,27.8
NLD,Netherlands,2011,84.3887377,0.0,0.00218147216558768,0.0,1.77330320575034,0.967144018557186,1.29970857644341,0.0513023587099409,1.02062784943271,0.1,27.8
NLD,Netherlands,2012,85.1544563,0.0,0.0021295328576992,0.0,-0.977826121310997,1.07545709194109,-1.34358548841696,0.0544334924427504,1.13202011724154,0.0,27.6
NLD,Netherlands,2013,83.948509,0.0,0.00239221595316568,0.0,-0.0302410184270769,1.06858270146467,-0.32453861663322,0.0489230990645562,1.11989801648239,0.0,28.1
NLD,Netherlands,2014,84.1579465,0.0,0.00297058309548493,0.0,1.61255885112396,0.625839472123598,1.24758527002837,0.0610565682264859,0.689866623445569,0.0,28.6
NLD,Netherlands,2015,81.4706964,0.0,0.00501118074626869,0.0,2.12064007193544,0.409802071791948,1.66902244941207,0.0277934109206209,0.442606663458837,0.0,28.2
NLD,Netherlands,2016,80.9398498,0.0,0.00693793859115223,0.0,2.42428065449427,0.229978465875855,1.8806480971239,0.0142927116318486,0.251209116098856,0.0,28.2
NLD,Netherlands,2017,79.2526096,0.0,0.00587042401410181,0.0,2.78150834679987,0.257105896754391,2.17565329205816,0.0205884596366125,0.283564780405105,0.1,28.5
NLD,Netherlands,2018,79.44179,0.0,0.00617904324612337,0.0,2.25873158164956,0.320392140389771,1.6633486959666,0.0285323898225818,0.355103573458477,0.1,28.1
NLD,Netherlands,2019,77.8266632,0.0,0.00462812658848738,0.0,2.3001616053659,0.192462763398317,1.63221248669214,0.0211765776530471,0.218267467639851,0.0,29.2
NLD,Netherlands,2020,78.0101862,0.0,0.00384491596503712,0.0,-3.86799714191608,0.0687746204407482,-4.40056893380125,0.0111244987898519,0.0837440351956371,0.0,26.0
NLD,Netherlands,2021,78.4148135,0.0,0.00385280512396815,0.0,6.27683593745216,0.312284681581925,5.72194046869852,0.024399192645775,0.340536679351668,0.0,25.7
NIC,Nicaragua,2001,,0.0,1.14731828128097,0.00116071955557833,2.96084349057273,0.0,1.64157183542785,0.0,1.14847900083655,9.4,52.9
NIC,Nicaragua,2005,59.2174417,0.0,0.977208810641339,0.136770969893077,4.28239833770654,0.0,2.93169257880047,0.0,1.11397978053442,4.6,48.8
NIC,Nicaragua,2009,61.1846356,0.0,1.08353274922932,0.0914768307888851,-3.2926651586197,0.0,-4.66051140515347,0.136614559984771,1.31162414000297,4.1,43.9
NIC,Nicaragua,2014,63.4318004,0.0,2.38322044545194,1.80386395737033,4.78546013589983,0.0,3.35791289379488,0.0340990650048295,4.2211834678271,1.8,46.2
NER,Niger,2005,58.8963127,0.0565882238700283,6.93108508185696,0.22084942348025,7.33186884258517,0.0,3.50589535528762,0.0,7.20852272920724,45.2,44.4
NER,Niger,2007,59.7900015,0.0629841200401747,7.86421949104767,0.373375851231499,3.14272408386731,0.0,-0.585038841788489,0.0,8.30057946231934,39.6,37.3
NER,Niger,2011,52.9341936,0.107227307110315,6.68948635942864,0.453708188345834,2.35775693603874,0.0,-1.38136228282855,0.897289901092115,8.1477117559769,24.0,31.5
NER,Niger,2014,49.1431186,0.0344822080892499,7.36980603852393,0.071946469299858,6.64213665495603,0.0,2.77949866185601,2.79681841817513,10.2730531340882,22.2,34.3
NER,Niger,2018,45.5557519,0.0311126942946068,4.93099140793473,0.422039369560076,6.89458420864513,0.0248077115644434,3.26870208925641,1.38714615007191,6.79609733342576,19.7,37.3
NER,Niger,2021,40.6254264,0.0372529254036624,4.8887254788283,0.830100168425339,1.11520063869706,0.0303136934860688,-2.12237799775981,0.622678205533793,6.40907047167716,18.6,32.9
NGA,Nigeria,2003,34.1799493,0.000266977305556022,2.61314707510919,6.285057730766e-05,7.34719496793299,0.778807998966763,4.42833467510151,12.1202192108891,15.512504112848,20.6,40.1
NGA,Nigeria,2010,31.311829,0.000623772030239382,1.06666413961285,0.0170111595024352,8.00565591623166,0.620085796949933,5.02853779304908,12.0986066267503,13.8029914948457,11.9,35.7
NGA,Nigeria,2012,30.221987,0.000544124425098797,1.09186954935065,0.0208000315602732,4.23006117492493,0.944828584323691,1.37822146586619,13.0904727134596,15.1485150031193,11.4,35.5
NGA,Nigeria,2015,37.4061904,0.000225610780824667,1.16254596508362,0.00123316811272972,2.65269329541779,0.606650567592808,0.0819795778135273,2.78345150643408,4.55410681800406,10.8,35.9
NGA,Nigeria,2018,33.6874013,0.000441431572252908,1.12503810641124,0.0139798912407887,1.92275734199798,0.968367262124034,-0.406836852107517,7.69068153465603,9.79850822600435,10.4,35.1
MKD,North Macedonia,2000,47.3342762,0.00329262426606446,0.254214773820727,0.158868721809393,4.54913578288874,0.0,4.07405080631071,0.0,0.416376119896184,2.4,34.3
MKD,North Macedonia,2002,43.7102268,0.00356552995609467,0.159180881060893,0.0859058862284129,1.49366547202928,0.0,2.23345659919198,0.0,0.2486522972454,0.6,38.5
MKD,North Macedonia,2003,45.0850257,0.00400283710195594,0.183021002337912,0.0970504707824969,2.22260165732409,0.0,2.09282245300516,0.0,0.284074310222365,0.6,38.7
MKD,North Macedonia,2004,52.402797,0.0173735329313722,0.181262207797496,0.331313830559196,4.67408957960916,0.0,5.01357406752894,0.0,0.529949571288064,0.3,38.4
MKD,North Macedonia,2005,49.608845,0.011025567729415,0.161940200880839,0.299505894160864,4.72408864201974,0.0,5.29102012277241,0.0,0.472471662771118,0.8,39.3
MKD,North Macedonia,2006,55.1764833,0.0120998120637082,0.187079352240527,2.02673388143704,5.13702516153505,0.0,5.71920223477417,0.0,2.22591304574127,1.1,42.6
MKD,North Macedonia,2008,62.754076,0.0436126414299653,0.154938183558368,0.749312777104046,5.47200139015595,0.0,6.08402471253315,0.0021136756246601,0.94997727771704,0.3,46.1
MKD,North Macedonia,2009,64.3377522,0.013458054029194,0.141198995628257,0.629880938994667,-0.358614856979671,0.0,0.287981674208055,0.00119783763076804,0.785735826282886,5.5,42.8
MKD,North Macedonia,2010,58.153328,0.0331827860054843,0.120161838970592,1.32172183040512,3.35875085773812,0.0,4.02171749784563,0.0054810597393639,1.48054751512056,6.7,40.1
MKD,North Macedonia,2011,54.2849434,0.0360413038156159,0.138056976997275,1.12463948444663,2.33988604520331,0.0,2.81001401364465,0.0202744088961322,1.31901217415565,5.1,39.4
MKD,North Macedonia,2012,59.0696277,0.0171110905804179,0.161550730094025,0.972109482855732,-0.456183223607937,0.0,-0.0653472343038857,0.0230402748269549,1.17381157835713,3.8,38.1
MKD,North Macedonia,2013,58.9862302,0.00830353548003651,0.123231613012948,0.9795560965095,2.92525766450484,0.0,3.30559670350297,0.0175104064661129,1.1286016514686,2.6,36.2
MKD,North Macedonia,2014,69.7574416,0.00729713021540102,0.116911627511458,1.04002268355164,3.62912351276373,0.0,3.90792755780767,0.0217970329673458,1.18602847424584,2.5,35.2
MKD,North Macedonia,2015,62.1290756,0.00650151594708905,0.159186438538161,0.752026696908479,3.85586514041738,0.0,4.13429050530651,0.0173255645490176,0.935040215942746,2.9,35.6
MKD,North Macedonia,2016,60.0448829,0.00516706112317016,0.138122796783311,0.710173022944663,2.84820519363306,0.0,3.1782257470099,0.0128591662869988,0.866322047138143,2.2,34.5
MKD,North Macedonia,2017,61.6328449,0.00892012882391739,0.14891142080154,0.646476736917006,1.08177273813243,0.0,1.48936718625188,0.0,0.804308286542463,2.4,34.2
MKD,North Macedonia,2018,63.8711922,0.00774298342140328,0.14829259459869,0.2686236171567,2.88059670964267,0.0,3.40375411089484,0.0,0.424659195176793,1.7,33.0
MKD,North Macedonia,2019,66.5630218,0.00541957633738037,0.140752635201967,0.0,3.91041953840173,0.0,4.61869501137757,0.0,0.146172211539348,1.5,33.5
NOR,Norway,2000,92.5456733,0.000686832030019998,0.0457539886473759,0.00274125387903448,3.443416131481,0.679904114559037,2.77419611443699,11.563574057982,12.2926602470975,0.2,27.4
NOR,Norway,2003,85.9754014,0.00374326768837809,0.0429038250141529,0.000502605020011032,1.09635781210122,1.29552036796538,0.505130189722919,7.33585281468421,8.67852288037213,0.1,27.6
NOR,Norway,2004,84.0387425,0.0245300406476059,0.0342289218108911,0.000790857019610643,4.33015597691212,1.08040519257243,3.71545482424247,8.3587259592575,9.49868097130803,0.2,31.6
NOR,Norway,2005,87.5503608,0.00738231244883555,0.033137889980621,0.00435660449259831,2.96973597025936,0.820750880317894,2.27081970379837,9.62679537974438,10.4924230669843,0.1,30.6
NOR,Norway,2006,86.9241613,0.0112032034829543,0.0339236516074536,0.00489831654787615,2.84726376691944,1.64947339703,2.02226606740281,9.19503274522247,10.8945313138908,0.1,26.4
NOR,Norway,2007,86.7070542,0.0262338956782607,0.0384487141960385,0.0107115059495646,3.42030119916608,1.50336052705427,2.35569307941913,7.98287863833131,9.56163328120944,0.1,27.1
NOR,Norway,2008,88.7550219,0.0621317157696806,0.0367929196258007,0.0297516339788198,0.822805797014865,2.61547062464106,-0.425983914425387,9.87352536152341,12.6176722555388,0.1,27.0
NOR,Norway,2009,90.0386546,0.0172755566331691,0.0353321476903116,0.00956700095103686,-1.61327151945869,2.31051856857528,-2.84626226842052,5.99263870550393,8.36533197935372,0.0,26.2
NOR,Norway,2010,90.0641011,0.0213595659401432,0.0394546378235747,0.0656535464581076,1.00493269017117,1.91715331956751,-0.245447645308644,5.61799364871918,7.66161471850852,0.1,25.7
NOR,Norway,2011,88.8975593,0.0163198243427435,0.0340900628546341,0.0657948693048983,1.38505117083945,2.41175101682902,0.0783883119236179,7.50443616793107,10.0323919412624,0.1,25.3
NOR,Norway,2012,88.6578652,0.006773704007227,0.0303918429829495,0.0394759187988791,2.82395673492459,2.79793704881972,1.48225525787396,6.46713141316121,9.34170992776999,0.1,25.7
NOR,Norway,2013,88.3114777,0.00570000481964688,0.036013477985683,0.0405949418403509,1.27290177696287,2.53697378296224,0.0557424221281622,5.54926522150093,8.16854742910885,0.1,26.4
NOR,Norway,2014,86.39072,0.00524468700463925,0.0421191853372772,0.0259559152201897,2.09521388080101,1.90179376677279,0.950316555459452,5.54233636695862,7.51744992129352,0.1,26.8
NOR,Norway,2015,85.8984385,0.00388044762286498,0.04396577845457,0.0114655593130633,2.04428845501438,1.95702125326246,1.03389677968102,3.14606557734506,5.16239861599802,0.1,27.5
NOR,Norway,2016,85.460181,0.00337660408556927,0.0466299605074352,0.0,1.29158732771135,1.2124850625234,0.403158160219562,2.60460301891109,3.86709464602749,0.2,28.5
NOR,Norway,2017,84.6106037,0.000668385613510448,0.041236013714752,0.0,2.66964474273466,1.65858536349106,1.84374931382847,3.63541371456372,5.33590347738304,0.2,27.0
NOR,Norway,2018,84.8814137,0.000823626670339424,0.0527288108491556,0.0,1.1103912365576,2.37284790629379,0.445168753194665,4.96722177394478,7.39362211775806,0.2,27.6
NOR,Norway,2019,84.2852607,0.000523832286015022,0.0444070979953125,0.0,1.46970781954143,1.68596945226407,0.787031849898966,4.53800306780214,6.26890345034754,0.1,27.7
NOR,Norway,2020,86.4773169,0.000280973212636927,0.0411857622932454,0.0,-1.36055723261586,0.91000200178554,-1.93959793141106,3.22981815901586,4.18128689630728,0.2,28.4
NOR,Norway,2021,84.2087352,0.000758175459027536,0.0403713388100448,0.0,4.14314688769197,3.94366899283053,3.58770470380205,6.06347788332955,10.0482763904291,0.1,29.1
PAK,Pakistan,2001,,0.0517410438117924,0.197936217781293,0.000617451896277169,3.65135017083765,1.10586200793431,0.793239199866164,0.499846315824726,1.8560030372484,15.3,28.7
PAK,Pakistan,2004,39.3181579,0.105631310798181,0.129746236955408,0.0187787573912728,7.83125556961251,1.53358885408368,5.20245589475688,0.661270328742457,2.449015487971,9.7,30.9
PAK,Pakistan,2005,36.2442504,0.0834562245990744,0.118703165626381,0.0269832032199071,7.2765744364722,1.74837050193472,4.7286345998931,0.913653665209943,2.89116676059003,9.5,31.3
PAK,Pakistan,2007,26.5961013,0.0899951154742049,0.214651357195621,0.0685445687144515,4.4448143398844,0.910234348934176,1.72148373910261,0.947147229187945,2.2305726195064,7.2,29.7
PAK,Pakistan,2010,23.8960042,0.0949511696372946,0.306991926555376,0.0838048487510589,1.50171752152883,1.06533599428264,-0.97547471765489,0.72864364053068,2.27972757975705,4.8,28.8
PAK,Pakistan,2011,19.5783837,0.0978910040824315,0.263245273492436,0.084628082913077,2.68011685421705,1.15135968525352,0.408754534144464,1.01863575475154,2.615759800493,4.8,29.7
PAK,Pakistan,2013,20.3234763,0.0535736323775322,0.187003658721418,0.0350322922447897,4.36686504978387,0.810320846360073,2.68232501000951,1.06026413011729,2.14619455982111,3.8,29.5
PAK,Pakistan,2015,24.3870695,0.0392103536960419,0.197294094157501,0.0146417314923489,4.21794209572506,0.640277340950594,2.76648640710329,0.333804259360431,1.22522777965692,2.8,31.3
PAK,Pakistan,2018,31.9741236,0.0721555292760785,0.0972655669332497,0.0354325651886498,6.15170261099519,0.592895257258281,4.44201942237108,0.443490416507805,1.24123933516406,2.7,29.6
PAN,Panama,2000,67.6657382,0.0,0.113526164553835,0.0236592233139777,4.20900547865375,0.0,2.18230222607616,0.0,0.137185387867812,8.5,56.6
PAN,Panama,2001,,0.0,0.114534951128502,0.00954127696557157,0.949908149985234,0.0,-0.995989281913566,0.0,0.124076228094074,10.6,56.7
PAN,Panama,2002,70.7766768,0.0,0.104901871143008,0.0182154367906796,2.50884372716125,0.0,0.549728201098816,0.0,0.123117307933687,7.1,56.1
PAN,Panama,2003,67.3024826,0.0,0.10813695776312,0.0357194563606147,5.09686030493801,0.0,3.10474245435412,0.0,0.143856414123735,7.2,55.6
PAN,Panama,2004,67.6050062,0.0,0.0980526867175237,0.0620949478753675,8.17565333965649,0.0,6.13442184467048,0.0,0.160147634592891,6.4,54.8
PAN,Panama,2005,64.8954049,0.0,0.0987195742549029,0.0,8.27618334503531,0.0,6.25411779537141,0.0,0.0987195742549029,6.1,53.8
PAN,Panama,2006,67.3552989,0.0,0.127267314799788,0.0,9.85723870564752,0.0,7.83919999384199,0.0,0.127267314799788,6.9,54.6
PAN,Panama,2007,67.8203779,0.0,0.117743566419889,0.0,13.1530653782933,0.0,11.0968501218357,0.0,0.117743566419889,4.8,52.7
PAN,Panama,2008,67.1081281,0.0,0.109519193886937,0.0,10.1974325907958,0.0,8.20927227088663,0.0,0.109519193886937,3.0,52.7
PAN,Panama,2009,67.8726493,0.0,0.0966362516937444,0.0480656681741952,1.61186405976055,0.0,-0.205009313798783,0.0,0.14470191986794,1.9,51.8
PAN,Panama,2010,64.493439,0.0,0.169336064951859,0.0653843256716674,6.07339353106087,0.0,4.19797204867427,0.0,0.234720390623527,2.6,51.6
PAN,Panama,2011,65.1686268,0.0,0.128872476655381,0.140996354046386,11.9088772249531,0.0,9.94036229041117,0.0,0.269868830701767,1.9,51.3
PAN,Panama,2012,64.8455984,0.0,0.108055430670905,0.152385822639332,9.62729346439019,0.0,7.70986507627907,0.0,0.260441253310238,2.5,51.7
PAN,Panama,2013,64.1932128,0.0,0.118754657486849,0.0832767345132817,6.32435388662846,0.0,4.48786634938627,0.0148663619351819,0.216897753935313,1.8,51.5
PAN,Panama,2014,70.7028074,0.0,0.132387498808345,0.0714201888989479,4.62581375565551,0.0,2.83087707850027,0.0277938429371604,0.231601530644453,2.2,50.5
PAN,Panama,2015,74.1501152,0.0,0.104951322854754,0.0300245179063201,5.26691719595516,0.0,3.46107387568399,0.00371461934835003,0.138690460109424,1.3,50.8
PAN,Panama,2016,73.7741202,0.0,0.11716614237166,0.00926058332457286,4.57196707937275,0.0,2.77979910410548,0.0045778550895998,0.131004580785833,1.4,50.4
PAN,Panama,2017,73.7176296,0.0,0.116492314728545,0.0077840509805903,5.7440594635578,0.0,3.94788150696994,0.0,0.124276365709136,1.6,49.9
PAN,Panama,2018,72.1174424,0.0,0.0994393790926708,0.0,3.91824253321265,0.0,2.19403437221415,0.0,0.0994393790926708,1.1,49.2
PAN,Panama,2019,72.7148713,0.0,0.0827383292351151,0.233373966853015,3.10295395631086,0.0,1.47558922151505,0.0,0.31611229608813,0.9,49.8
PAN,Panama,2021,71.9384306,0.0,0.0861571934558768,3.57863766648832,16.4669992022652,0.0,15.0694182618459,0.0,3.6647948599442,1.1,50.9
PNG,Papua New Guinea,2009,50.05578,0.0,3.45515581843709,11.3523437597216,6.80042148322096,0.0949891028567753,3.57848686707685,4.00467749044639,18.9071661714619,22.0,41.9
PRY,Paraguay,2001,,0.0,1.60757447354987,0.0,-0.834054716746095,0.0,-2.49369285917085,0.00129659487206078,1.60887106842193,5.3,54.6
PRY,Paraguay,2002,42.7833791,0.0,2.06644461539792,0.0,-0.0214043949985694,0.0,-1.42073243570553,0.00163517598419678,2.06807979138211,7.8,57.3
PRY,Paraguay,2003,50.0368091,0.0,2.1405094286833,0.0,4.32074548551591,0.0,3.04557479031354,0.0016823879677269,2.14219181665103,4.8,54.9
PRY,Paraguay,2004,59.0742329,0.0,1.64033653204543,0.0,4.05741836363771,0.0,2.86510353489651,0.00885714488141932,1.64919367692685,3.3,52.3
PRY,Paraguay,2005,57.5105405,0.0,1.57676942951572,0.0,2.13349066459601,0.0,1.01015474976116,0.0721023170796774,1.6488717465954,3.5,51.4
PRY,Paraguay,2006,56.651155,0.0,1.82769554506963,0.0,4.80711719268376,0.0,3.72097911920059,0.093411156274331,1.92110670134396,4.5,53.0
PRY,Paraguay,2007,58.5410889,0.0,1.64733758618202,0.0,5.42162287218235,0.0,4.39311756937708,0.101460877412438,1.74879846359446,4.3,53.0
PRY,Paraguay,2008,58.0003247,0.0,1.37910328807313,0.0,6.4962921197091,0.0,5.46828018339494,0.157606646082066,1.53670993415519,2.4,50.7
PRY,Paraguay,2009,57.763982,0.0,1.51544231767878,0.0,-0.261137328080281,0.0,-1.27522707842539,0.111570934639677,1.62701325231846,3.0,49.1
PRY,Paraguay,2010,56.7837731,0.0,1.93905632440049,0.0,11.0952312685521,0.0,9.80314731436218,0.143936547562155,2.08299287196264,3.1,51.0
PRY,Paraguay,2011,56.2122108,0.0,1.47353467744093,0.0,4.28637120702282,0.0,2.91154988835602,0.198340645226439,1.67187532266737,2.9,52.3
PRY,Paraguay,2012,56.0805663,0.0,1.47455168437489,0.0,-0.708043112316886,0.0,-2.09516519055065,0.21578841647676,1.69034010085165,1.8,47.6
PRY,Paraguay,2013,55.3324708,0.0,1.50683472158591,0.0,8.29307648940471,0.0,6.74651223749345,0.191256763032491,1.6980914846184,1.2,47.9
PRY,Paraguay,2014,66.0780649,0.0,1.5066579255286,0.0,5.30123864473624,0.0,3.78558222389611,0.179139183622576,1.68579710915118,1.3,50.7
PRY,Paraguay,2015,67.306249,0.0,1.59687454489978,0.0,2.95715168367079,0.0,1.4645236194643,0.102441199876795,1.69931574477657,1.1,47.6
PRY,Paraguay,2016,67.5082338,0.0,1.81645151192893,0.0,4.26802583314583,0.0,2.76597250767641,0.0771925125540579,1.89364402448299,1.0,47.9
PRY,Paraguay,2017,65.4109498,0.0,1.63940581803516,0.0,4.81007885554041,0.0,3.32962942297075,0.0454333185625002,1.68483913659766,0.5,48.5
PRY,Paraguay,2018,65.3173273,0.0,1.44137638465142,0.0,3.20425034076639,0.0,1.77964425718002,0.0698851710974406,1.51126155574886,0.8,46.0
PRY,Paraguay,2019,66.5012496,0.0,1.31846118584505,0.0,-0.40185510068001,0.0,-1.74219112718859,0.0593329259382367,1.37779411178328,0.6,45.7
PRY,Paraguay,2020,66.035858,0.0,1.65267093805515,0.0,-0.819785390971916,0.0,-2.15166731600608,0.0299623174238903,1.68263325547904,0.5,43.5
PRY,Paraguay,2021,64.9542527,0.0,1.27405261918214,0.0,3.99461510731535,0.0,2.74305750115238,0.0729632593043703,1.34701587848651,0.4,42.9
PER,Peru,2000,43.7370517,0.0,0.206357831813699,1.31664311353393,2.69437139806912,0.0128404214528288,1.10433498225969,1.47089124400805,3.00673261080851,10.6,49.1
PER,Peru,2001,,6.58831227251724e-05,0.193352168957457,0.610589038496482,0.617892325624297,0.0136618526548523,-0.748837166204879,1.05261095605344,1.87027989928496,11.2,51.3
PER,Peru,2002,44.8342388,0.0,0.185588270930328,0.785423835993764,5.45352893818767,0.0120529488613556,4.20293608263907,1.02180114719449,2.00486620297994,9.8,53.6
PER,Peru,2003,43.9447435,7.11286015901435e-09,0.173559339190321,1.74229444008445,4.16502313666112,0.0101218305766864,3.06117676528694,1.07774091532319,3.0037165322875,7.8,53.1
PER,Peru,2004,49.9134373,0.000790996817941175,0.169943964954899,4.98151080514995,4.95820320611745,0.014819540128034,3.93432882456604,1.06753835340617,6.234603660457,8.7,49.9
PER,Peru,2005,50.2747917,0.000813696791413392,0.158512249767766,6.27793331682556,6.28506032509601,0.0455535327521676,5.34332345958555,1.34041583277284,7.82322862890974,9.9,50.4
PER,Peru,2006,53.6886896,0.00195678276615012,0.199100187510279,11.7308572426194,7.5288990440594,0.0620325376535218,6.68113849738523,1.43686129313732,13.4308080436867,8.6,50.3
PER,Peru,2007,56.307135,0.00334174270741921,0.203831829134657,12.6076283382483,8.5183877690955,0.0969856042215098,7.73406209571857,1.30152657637918,14.213314090691,7.1,50.0
PER,Peru,2008,54.1282624,0.00988418088587248,0.182180344922229,10.1907591712367,9.1265683014642,0.125348633260744,8.4109066563893,1.51772504698259,12.0258973772881,5.7,47.5
PER,Peru,2009,50.0197395,0.00561274123872108,0.153845154742738,7.93313937963605,1.0958236592427,0.130444390715236,0.473893281807491,0.697970782680752,8.9210124490135,4.6,47.0
PER,Peru,2010,52.6474397,0.00287321696448575,0.232133768026625,10.0296551530023,8.33245910749577,0.157433236068114,7.6277436246787,0.792083877152532,11.2141792512141,3.6,45.5
PER,Peru,2011,54.3572293,0.00643448766502628,0.185724618227566,11.0671310820787,6.32719240161117,0.47607012128038,5.53595626254707,1.03123460325427,12.7665949125059,3.3,44.7
PER,Peru,2012,53.9615306,0.00469811602699319,0.159329263520308,8.51955189006804,6.13972470560435,0.468935749806255,5.25513020005759,0.846764293465381,9.99927931288698,3.1,44.4
PER,Peru,2013,53.8305335,0.0032585113220827,0.181783102720725,6.26699281690755,5.85251821084928,0.504613783048346,4.90271487934022,0.697556616786882,7.65420483078558,2.8,43.9
PER,Peru,2014,58.9922925,0.00276469173330299,0.215684230101134,4.26013490615039,2.38215737180541,0.482495638298715,1.36938882425959,0.701848750280175,5.66292821656372,2.5,43.1
PER,Peru,2015,60.4051868,0.00262100955245613,0.182731288588367,3.23811085118362,3.25224477218451,0.252767387549924,2.09361990664132,0.235255947792189,3.91148648466656,2.4,43.4
PER,Peru,2016,62.8284237,0.00301187982222832,0.224375236979849,3.9330093820778,3.95331871520767,0.119359528240305,2.57623039728159,0.125482139363681,4.40523816648386,2.3,43.6
PER,Peru,2017,62.0633678,0.00413016635399039,0.17754220831764,5.39664382886919,2.51883544233135,0.134357001744173,1.01943141648242,0.183583190148902,5.8962563954339,2.2,43.3
PER,Peru,2018,63.0086226,0.00323898386325731,0.128648792937487,5.21656664025148,3.969351341365,0.297824249758661,2.1018453903506,0.309747444730138,5.95602611154103,1.8,42.4
PER,Peru,2019,64.3760867,0.00197751483316281,0.119571157344228,1.79031604115199,2.24063176875049,0.325180505319842,0.502286291227506,0.262076250939903,2.49912146958912,1.5,41.5
PER,Peru,2020,60.8314701,0.00124950155217159,0.134349954427146,3.56025191286865,-10.9333065010382,0.178951972137191,-11.989123385761,0.104811146749273,3.97961448773443,3.1,43.7
PER,Peru,2021,60.1862673,0.00249271827303621,0.118747804117353,12.0963602788012,13.4166456126513,0.258002993482149,12.3312441776109,0.249104440244954,12.7247082349187,1.4,40.1
PHL,Philippines,2000,41.2740711,0.0075243014100572,0.266294389337994,0.179542055129519,4.38250500083399,0.000840741103020849,1.9282797124846,0.0104038241654931,0.464605311146084,7.1,47.7
PHL,Philippines,2003,39.0208646,0.0115711742241458,0.404284633164113,0.0535752382514208,5.08691113513073,0.20363742705430599,3.02447664962099,0.0995952840686412,0.772663756762627,6.9,46.6
PHL,Philippines,2006,40.7490289,0.0337449921646886,0.288848766107275,0.793818324821909,5.31641682136939,0.164000003440187,3.55972238279863,0.189561366939243,1.4699734534733,7.5,47.2
PHL,Philippines,2009,38.101362,0.0692845741543917,0.400630135612476,0.39337885443272,1.44832306275669,0.154336054863015,-0.362955289837316,0.157110268663192,1.1747398877258,5.7,46.3
PHL,Philippines,2012,45.8972609,0.089523293632695,0.297488355159258,0.889194032734756,6.89695171050985,0.119117794440186,4.8407653397621,0.158243887624787,1.55356736359168,5.6,46.5
PHL,Philippines,2015,50.0628483,0.0279728252969464,0.247625799940941,0.30730053305969,6.34830971672761,0.13169808513133,4.7872505574235,0.0435510310012169,0.758148274430124,3.4,44.6
PHL,Philippines,2018,47.672128,0.0696404953218149,0.198451064762095,0.452207033546381,6.34148557153473,0.166364708759932,5.03429067114457,0.0571201423493892,0.943783444739612,1.6,42.3
PHL,Philippines,2021,47.2142694,0.0944068332804607,0.164463350386355,1.52347720385639,5.71473313185116,0.156099110143511,4.76163916254069,0.0341868982411901,1.97263339590791,1.6,40.7
POL,Poland,2000,74.0510283,0.182328645236043,0.226640506518491,0.0999517476893002,4.65633252988236,0.0522971648633047,5.75502267661936,0.0465319775920722,0.607750041899211,0.1,33.0
POL,Poland,2001,,0.425432376113189,0.190772305710436,0.0267289078157238,1.23374464400356,0.106139238526915,1.26167597595419,0.0366402877333744,0.785713115899639,0.1,32.8
POL,Poland,2002,78.294805,0.240319506924247,0.174959822261182,0.0398429496451669,1.90119437968586,0.0786090314640388,1.94840486282048,0.0319240191640549,0.565655329458689,0.0,34.1
POL,Poland,2003,76.0490972,0.206937984031917,0.206596721646823,0.068706713816381,3.52337117234833,0.0792732257402106,3.59326547651193,0.0369313368575611,0.598445982092893,0.0,34.9
POL,Poland,2004,69.6263591,0.874452636399812,0.20310289066654,0.252318994724823,5.09079546409544,0.0650540141879174,5.15230495657681,0.0493919088310566,1.44432044481015,1.3,38.0
POL,Poland,2005,74.7241646,0.646343231447487,0.171136494649658,0.247813318777778,3.26082274679216,0.0456447637979442,3.30621477152089,0.0578824280780389,1.16882023675091,0.5,35.8
POL,Poland,2006,72.3361227,0.607458268480463,0.171546551557951,0.669973554959384,6.20210710934373,0.0904545761308149,6.26942932351373,0.0615454869644112,1.60097843809302,0.4,34.7
POL,Poland,2007,79.2106709,0.526973536099691,0.186431303079139,0.526459344144956,6.7604478527626,0.0753472556324657,6.81843988104569,0.0473205232861409,1.36253196224239,0.3,34.0
POL,Poland,2008,82.9631363,1.5059062078238,0.1631908889559,0.219832483954782,4.38377069274605,0.104042762263623,4.36953645222033,0.0547816525517377,2.04775399554984,0.1,33.5
POL,Poland,2009,82.9248445,0.584647363043364,0.167232926176397,0.271224676622494,2.61512859291683,0.0888019526839617,2.54561682473884,0.031855529279931,1.14376244780615,0.2,33.4
POL,Poland,2010,84.7111751,0.880482208360642,0.169082284704217,3.17198497662298,3.16892748258036,0.0740776597756864,3.46400853867873,0.0346450541991475,4.33027218366267,0.2,33.2
POL,Poland,2011,83.9402722,1.00712315525847,0.1800096226856,4.37124896430969,5.25546256612796,0.107566552009593,5.19888222323388,0.0482151843545218,5.71416347861788,0.2,33.2
POL,Poland,2012,84.0639327,0.537469258136828,0.190210156781719,2.89873329769576,1.51178167644575,0.121012078064414,1.51202436704637,0.0514476768766974,3.79887246755542,0.1,33.0
POL,Poland,2013,82.0555123,0.260062450425264,0.189312284192118,2.70431361734348,0.684240607051805,0.111601125490911,0.745031977271424,0.0680195690834472,3.33330904653522,0.2,33.1
POL,Poland,2014,83.9041429,0.214340467626121,0.1836595606415,2.62502368445316,3.92050862390032,0.0743317862351285,3.99831832124629,0.0603215388253716,3.15767703778128,0.2,32.8
POL,Poland,2015,84.0646826,0.209535994376333,0.181546881542178,0.81007907162443,4.43176700264478,0.0613923434078407,4.50138467634895,0.0284289039455379,1.29098319489632,0.3,31.8
POL,Poland,2016,75.6518937,0.238184095866543,0.185292972692859,1.54343025569143,3.03117767594847,0.0357887237693169,3.07547528252388,0.0235512516028107,2.02624729962296,0.2,31.2
POL,Poland,2017,76.1783691,0.278751933992603,0.229462841468825,2.47757599523073,5.15245773325907,0.0439980215053745,5.13933542172569,0.0316721725753569,3.06146096477289,0.2,29.7
POL,Poland,2018,76.6592008,0.271492418074562,0.201573823903604,2.13240117252765,6.2458584723942,0.0620713643428421,6.24607110540019,0.0456118701886835,2.71315064903734,0.2,30.2
POL,Poland,2019,77.4004756,0.200889167784234,0.180467484565781,0.20798158904431,4.58045817256199,0.0420603621099536,4.60600727341085,0.0402025974033284,0.671601200907606,0.0,28.8
POL,Poland,2020,75.3665626,0.144342767072706,0.186905995530618,0.162961120137964,-2.03556882399977,0.0205391007038032,-0.861202002378917,0.0207199460419149,0.535468929487005,0.1,28.5
POL,Poland,2021,75.5488506,0.246377814021137,0.163813641500021,0.478472019710133,6.92718266052501,0.100227855236231,8.47171799983406,0.0413524772617714,1.03024380772929,0.1,28.5
PRT,Portugal,2003,88.9184809,0.0,0.111900039220808,0.00189530067732062,-0.930521045062918,0.0,-1.30174193891358,0.0,0.113795339898129,0.6,38.8
PRT,Portugal,2004,81.6735524,0.0,0.0876867622368527,0.0631841049909197,1.78873552917291,0.0,1.54561995012715,0.0,0.150870867227772,0.3,38.9
PRT,Portugal,2005,84.2469775,0.0,0.0859115930832485,0.0783796817233359,0.781847569123585,0.0,0.595038072485551,0.000112305781976638,0.164403580588561,0.3,38.5
PRT,Portugal,2006,82.4287795,0.0,0.0991504632631413,0.173939269920172,1.62503532956156,0.0,1.44193756415369,0.00980260164171109,0.282892334825025,0.0,38.1
PRT,Portugal,2007,80.8333631,0.0,0.111314782853001,0.152062903042972,2.50657937751231,0.0,2.30555184529184,0.0132250729170734,0.276602758813046,0.2,36.8
PRT,Portugal,2008,82.8434234,0.0,0.111098483830341,0.0995334743836983,0.319247344434558,0.0,0.174699975144293,0.0298507363601294,0.240482694574169,0.1,36.6
PRT,Portugal,2009,81.0503866,0.0,0.105377194109903,0.00013389911983629,-3.12207827545093,0.0,-3.21438882343172,0.0046028735659451,0.110113966795685,0.1,34.9
PRT,Portugal,2010,79.1018013,0.0,0.10217667363899,0.0831733856715242,1.73762453640036,0.0,1.69092747575826,0.0338886834591529,0.219238742769667,0.1,35.8
PRT,Portugal,2011,79.2846632,0.0,0.118706549997115,0.05476206902385,-1.71352745905065,0.0,-1.56885655182528,0.0714397773870135,0.244908396407978,0.3,36.3
PRT,Portugal,2012,80.2634594,0.0,0.132062636633591,0.0711150488978263,-4.05090267621935,0.0,-3.66111452137058,0.0566415168053355,0.259819202336753,0.5,36.0
PRT,Portugal,2013,78.9344819,0.0,0.118241087791134,0.0190720361169187,-0.984106574148328,0.0,-0.439198387971658,0.0588929000862641,0.196206023994317,0.5,36.2
PRT,Portugal,2014,81.9574417,0.0,0.137691607334849,0.00832930018983712,0.741391420706506,0.0,1.28604644379557,0.0587105859995099,0.204731493524196,0.3,35.6
PRT,Portugal,2015,82.9834088,0.0,0.134238992656126,0.000847835964320181,1.58979803702681,0.0,2.01139554784055,0.0246227517816,0.159709580402046,0.3,35.5
PRT,Portugal,2016,82.2723718,0.0,0.139852180900393,2.168013492456e-05,2.00414129666575,0.0,2.32643063621838,0.0185088381110048,0.158382699146323,0.2,35.2
PRT,Portugal,2017,83.9123728,0.0,0.126565820094357,0.0366736287171655,3.31472008175986,0.0,3.56700126187077,0.0283872427651081,0.191626691576631,0.3,33.8
PRT,Portugal,2018,84.5430665,0.0,0.133573334549281,0.0647975359912921,2.94628343449202,0.0,3.11123658697107,0.0422964969836641,0.240667367524237,0.2,33.5
PRT,Portugal,2019,82.875641,0.0,0.105115233254845,0.0788030936562003,2.74568432648596,0.0,2.72130207848775,0.0375136266059601,0.221431953517005,0.1,32.8
PRT,Portugal,2020,82.6863939,0.0,0.0954939947589765,0.0808489875825121,-8.20463159324387,0.0,-8.30107079726919,0.023939484713493,0.200282467054982,0.3,34.7
PRT,Portugal,2021,82.2660755,0.0,0.0909308598606746,0.148671649451181,5.55875672070374,0.0,4.89913107175563,0.0518131827535177,0.291415692065373,0.1,34.6
QAT,Qatar,2017,80.1699718,0.0,0.00012707555106357,0.0,-1.49760470227838,5.35908283407917,-4.15600320402655,13.5394624768111,18.8986723864413,0.0,35.1
ROU,Romania,2000,61.0960334,0.0471360430458419,0.528334253836839,0.03351046349024,2.4612634592269,0.800310156362475,2.59397523199067,2.05194073825512,3.46123165499051,2.7,29.3
ROU,Romania,2001,,0.148910028910058,0.408454152280944,0.0220957457570071,5.21813625673708,1.54852812299773,6.69667366637488,1.38020102615678,3.50818907610252,2.0,29.4
ROU,Romania,2002,71.9713656,0.0473375696093841,0.398270996240925,0.0251304714744448,5.70299165043771,1.00878753147777,7.65586943426131,1.23167374745268,2.7112003162552,2.1,30.2
ROU,Romania,2003,69.8189405,0.0427125133532241,0.413784941700434,0.0296295583294492,2.34114732919521,0.862627148393439,3.08196384315724,1.11571675681484,2.46447091859139,1.4,29.9
ROU,Romania,2004,66.4061597,0.302346005342054,0.36992931589425,0.0462987311961668,10.4281130180976,0.584918699286346,11.0591132161949,1.1236125349855,2.42710528670431,0.8,30.0
ROU,Romania,2005,68.3344572,0.137550843403067,0.260404073854235,0.0318115978351158,4.6681480508487,0.354487682531617,5.3165061122384,1.19701667171786,1.9812708693419,0.7,29.8
ROU,Romania,2006,68.4605946,0.131023596989686,0.229924149515878,0.0565646478510227,8.02881107599163,0.629281730062376,8.67067585292331,1.03069280818371,2.07748693260267,3.8,39.6
ROU,Romania,2007,69.2948958,0.160288656570398,0.213571423199123,0.00908548186750492,7.23380774362805,0.438713383746894,8.82964823723904,0.811152284107306,1.63281122949123,2.7,37.5
ROU,Romania,2008,70.034401,0.406049107691184,0.172948188489194,0.00339241051765773,9.30746717077338,0.631334600169183,11.1442089014979,0.909321004650877,2.1230453115181,2.1,36.4
ROU,Romania,2009,72.5631713,0.138463665594626,0.169249778597538,0.00985635871247694,-5.51670615843011,0.545113760093543,-4.72628859385392,0.572798400996102,1.43548196399429,1.5,35.6
ROU,Romania,2010,69.1974845,0.241667876490204,0.200485409548519,0.136427208896023,-3.90581157302972,0.483676559163372,-3.33335291355054,0.651277335844004,1.71353438994212,2.2,35.5
ROU,Romania,2011,67.9564738,0.295278539729938,0.216636582913586,0.188408064122911,4.49558909946313,0.659254438284072,5.01083371448033,0.928598823680941,2.28817644873145,2.8,35.9
ROU,Romania,2012,66.7110748,0.127830873583113,0.242399417089452,0.130509424315092,1.90361696799603,0.743533575959798,2.35828066727251,0.944058149450528,2.18833144039798,3.2,36.5
ROU,Romania,2013,68.3517694,0.0455428280245193,0.214336597955237,0.115814524516492,0.278771877470234,0.682228898080954,0.651822267051088,0.818028540119226,1.87595138869643,3.3,36.9
ROU,Romania,2014,69.4153177,0.034718339478214,0.19583346907385,0.0966669754878151,4.11600109267832,0.471981769489163,4.50672544401942,0.710972260249342,1.51017281377838,3.6,36.0
ROU,Romania,2015,71.8192335,0.0266754601414304,0.189278755001854,0.0323715054018045,3.1570360543854,0.392792284292433,3.64306941096366,0.33486139473849,0.975979399576012,2.6,35.9
ROU,Romania,2016,71.4403773,0.0258870672734479,0.174143528517222,0.0527688284676908,2.85993252302089,0.198912810370521,3.45169541464914,0.237281273734058,0.688993508362941,1.7,34.4
ROU,Romania,2017,68.2557605,0.0321491452863581,0.199328241795572,0.0800723748127929,8.19547826641261,0.266555154371857,8.82266657090874,0.306819119328612,0.884924035595192,1.8,36.0
ROU,Romania,2018,68.3464656,0.0294045200544209,0.186181613264917,0.0697675668177608,5.39452228185675,0.367013896608261,6.01553045118388,0.417895750376407,1.07026334712177,1.3,35.8
ROU,Romania,2019,76.9166376,0.0204076426370487,0.17146485178739,0.0115879204859995,3.96028958497598,0.238741949260169,4.50941296110349,0.356049741091749,0.798252105262357,1.1,34.8
ROU,Romania,2020,76.4522333,0.0113713893764254,0.196030160199085,0.0124065679182321,-3.59802546034757,0.105530553930276,-3.06561724934225,0.18364537995674,0.508984051380759,0.9,34.6
ROU,Romania,2021,77.2911551,0.0241444525656809,0.176558892679398,0.0348196818124865,5.58735072538869,0.530624056118085,6.37801653902932,0.378228984068352,1.144376067244,0.9,33.9
RUS,Russian Federation,2000,43.5037136,0.267292850766668,0.893465860279828,0.833857339720371,10.0000668136515,4.1520862923239,10.4637091559227,15.355993811466,21.5026961545567,1.3,37.1
RUS,Russian Federation,2001,,0.543231109180164,0.7374108125074,0.483078548242046,5.10005122572568,7.44451981829648,5.54671833932643,10.3003624423723,19.5086027305984,0.8,36.9
RUS,Russian Federation,2002,51.3223055,0.332078896134252,0.581348556561578,0.496310313770547,4.69999190914258,5.10909236952929,5.18275023824988,10.4623662427989,16.9811963787946,0.4,37.3
RUS,Russian Federation,2003,48.5468597,0.257760611118803,0.60602864338381,0.361866933813302,7.29995234528189,4.66262486735643,7.78796752390349,10.9344981048,16.8227791604724,0.5,40.0
RUS,Russian Federation,2004,45.2370144,0.763856154475936,0.493371345733943,0.380227521440975,7.19994786954857,3.07700843859375,7.63249118230908,11.6957615431619,16.4102250034065,0.4,40.3
RUS,Russian Federation,2005,47.109467,0.672065787615228,0.404074723474063,0.562873173871561,6.39996544799469,2.09070756907338,6.80660765259209,13.686863716874,17.4165849709082,0.3,41.3
RUS,Russian Federation,2006,53.9993885,0.558289896787985,0.367782779775805,0.953377681300224,8.20006825456321,3.71352780552611,8.55494147469737,12.4450132664814,18.0379914298715,0.2,41.0
RUS,Russian Federation,2007,55.2729893,0.438320419083283,0.375115108440564,1.35678270433092,8.49997776916511,2.88422228176728,8.68576548155966,10.7326206704977,15.7870611841198,0.1,42.3
RUS,Russian Federation,2008,58.0015306,1.38101613489841,0.262973658206296,0.909958056449626,5.19996926404957,4.15561654866874,5.24621001829865,12.3954143055606,19.1049787037836,0.0,41.6
RUS,Russian Federation,2009,54.0240373,0.7302260729598,0.289577513272354,0.74136400520147,-7.79999391271275,3.50581589927238,-7.8277499767233,9.19214468199248,14.4591281726985,0.0,39.8
RUS,Russian Federation,2010,53.7171066,0.880991448539494,0.278195147392975,1.1393877427442,4.49999999920672,2.8068678510359,4.45309639834757,8.57128659193273,13.6767287816453,0.0,39.5
RUS,Russian Federation,2011,49.8278414,0.826216078938521,0.255460123774792,1.08841203576658,4.30002918604238,3.41958000572264,4.17697624368184,10.6778918258558,16.2675600700583,0.0,39.7
RUS,Russian Federation,2012,50.4936634,0.43162981739037,0.230896771962883,0.831686056311716,4.0240861571798,3.18608357236399,3.76271915500016,9.61307623916807,14.293372457197,0.0,40.7
RUS,Russian Federation,2013,51.7515524,0.19902062006838,0.209103637948412,0.653521828265251,1.75542214916291,3.05775631125077,1.45314767875932,8.68048261508321,12.799885012616,0.0,40.9
RUS,Russian Federation,2014,53.9430825,0.205841953422573,0.235297583687793,0.582569507800105,0.736267221403651,2.31599937992039,-1.12194041744186,9.08748946492807,12.4271978897589,0.2,36.9
RUS,Russian Federation,2015,52.3898713,0.29593673861839,0.312057503879479,0.71789167494499,-1.9727192264298,2.50292237351811,-2.2762114110788,5.93285842314704,9.761666714108,0.2,36.5
RUS,Russian Federation,2016,52.7678581,0.381520993635713,0.343352000869272,0.826477519834601,0.193671130698817,1.63670203160983,-0.0904969496110795,5.00613659535062,8.19418914130003,0.1,36.7
RUS,Russian Federation,2017,56.6939051,0.463399759438158,0.361639386763117,0.69351092236867,1.82670527549192,1.96827097946533,1.61477717789909,6.22864519091822,9.71546623895349,0.2,35.5
RUS,Russian Federation,2018,59.6065913,0.540453511939203,0.36077863999471,0.733408264014736,2.80634082046656,3.18408544311332,2.71569004774612,9.65476095672088,14.4734868157828,0.1,35.3
RUS,Russian Federation,2019,59.0848287,0.441616890263136,0.3186284843806,0.761369930033653,2.19807571381982,2.19179127550364,2.14202624717367,8.49370743083853,12.2071140110196,0.1,35.7
RUS,Russian Federation,2020,57.2357693,0.362611722051707,0.401215346907022,0.997039546903884,-2.65365449695453,1.11948785487127,-2.52680431743222,4.70777096931075,7.58812544004463,0.0,33.7
RUS,Russian Federation,2021,57.2478665,0.612542293942399,0.313757348169815,2.05397196912409,5.866491772979,5.85907379530895,6.21857740869952,9.67159402978612,18.5109394363314,0.1,35.1
RWA,Rwanda,2000,30.3841666,0.0,5.03183106462806,0.000990536748657988,8.37089593573039,0.00214392847221249,7.49987106605703,0.0,5.03496552984893,44.0,48.5
RWA,Rwanda,2005,46.7699445,0.0,5.95592139942162,0.000665315751225428,9.37789916585375,0.000438677656249053,6.50669742178307,0.0,5.9570253928291,37.0,52.0
RWA,Rwanda,2010,62.1559364,0.0,5.91081498596813,0.575061114877617,7.33465645016436,0.000676428261564786,4.65979796374585,0.0,6.48655252910732,30.7,47.2
RWA,Rwanda,2013,60.6160677,0.0,6.10028438025706,0.401065765791541,4.71984856950924,0.0034056614494191,2.23301483077023,0.0,6.50475580749802,26.4,45.1
RWA,Rwanda,2016,65.1124437,0.0,5.836906102429,0.137894678356137,5.65874584202778,0.02382024508965,3.18409626680049,0.0,5.99862102587479,25.8,43.7
WSM,Samoa,2002,81.3005961,0.0,0.567747940965295,0.0,5.65195919890348,0.0,4.90454737398483,0.0,0.567747940965295,1.1,40.7
WSM,Samoa,2008,83.9663234,0.0,0.468263247489721,0.0,3.55610467395,0.0,2.81854653180625,0.0,0.468263247489721,0.5,42.0
WSM,Samoa,2013,82.2722488,0.0,0.354470433710273,0.0,0.107293276488932,0.0,-0.786395614806608,0.0,0.354470433710273,0.7,38.7
STP,Sao Tome and Principe,2010,72.2311904,0.0,3.97441398723173,0.0,1.44845522890635,0.0,-0.755150615358019,0.0,3.97441398723173,4.1,30.8
STP,Sao Tome and Principe,2017,69.5584085,0.0,3.15239782697584,0.0,4.11297966281954,0.0,2.46252459071385,0.0,3.15239782697584,3.2,40.7
SEN,Senegal,2001,,0.0,2.0423216013611,0.017080646509129,4.31085146618369,0.00035895264960964,1.81176865944212,0.0,2.05976120051983,25.9,41.2
SEN,Senegal,2005,61.4426276,0.0,1.91529798187365,0.0736452799693719,4.31023852639633,0.00268250241708205,1.8985497213755,0.0,1.9916257642601,20.4,39.2
SEN,Senegal,2011,60.1897708,0.0,2.13638602306903,1.49342296127782,1.33409107961258,0.0197850926236519,-1.19544188286081,0.0,3.6495940769705,20.7,40.3
SEN,Senegal,2018,63.4671559,0.0,1.70941204046376,1.17295885557349,6.20924103388887,0.00418374805141234,3.27615846996321,0.0,2.88655464408866,4.1,38.3
SEN,Senegal,2021,64.1169076,0.0,1.50333498944711,2.89566328207721,6.5440010991951,0.00259884853020802,3.8734325972454,0.0,4.40159712005452,4.2,36.2
SRB,Serbia,2002,55.5239641,0.180307652658389,0.0,0.0,6.54104600309256,0.0614026504358946,6.58937282180869,0.386999681263742,0.628709984358027,0.1,32.7
SRB,Serbia,2003,54.2936345,0.15271895942731,0.0,0.00155994138882424,4.55968997935088,0.0471253269258943,4.83141187581582,0.334564655960938,0.535968883702967,0.2,32.8
SRB,Serbia,2004,55.4955813,1.28070649480875,0.0,0.0547184954999672,6.68686836863701,0.0350931615188001,6.93608982587538,0.383259938589225,1.75377809041674,0.4,35.5
SRB,Serbia,2005,53.2778617,0.629976776204547,0.0,0.0616910659324537,5.90349622935489,0.0318367581904063,6.22214171795731,0.519958421629116,1.24346302195652,0.4,36.5
SRB,Serbia,2006,55.7472855,0.594114632707021,0.167365650721586,0.161620937150267,3.90066644620993,0.0666669962598812,4.31001289636497,0.511008373929242,1.500776590768,0.2,29.7
SRB,Serbia,2007,59.2733617,0.745993990194135,0.164579148653452,0.171042592555019,7.83207023027602,0.0524474312654164,8.27017213045292,0.42016623623444,1.55422939890246,0.2,28.7
SRB,Serbia,2008,61.7281209,1.96972891573608,0.167711744272889,0.121665433987474,5.16089327231823,0.0797398435489287,5.60952327700927,0.512169486154177,2.85101542369955,0.1,27.6
SRB,Serbia,2009,62.2349081,0.596213698310541,0.16617575820664,0.131144195681329,-3.14261075416574,0.0656187640385259,-2.75343779759604,0.335048938768352,1.29420135500539,0.1,28.0
SRB,Serbia,2010,62.1032448,1.20333406740157,0.344115143446052,0.366597837488056,1.61097281449412,0.0650552472058194,2.02027708357562,0.53158669566208,2.51068899120357,0.1,29.0
SRB,Serbia,2012,63.9822943,0.606423310734233,0.373161697666316,0.562233899402865,-0.443956070983248,0.142271504595546,0.040200455150412,1.09069028770519,2.77478070010415,3.5,39.9
SRB,Serbia,2013,65.4942431,0.294236336295419,0.32445688535506,0.377876189506185,0.451578805330726,0.123419277420797,0.941379127713546,0.939643703344488,2.05963239192195,3.9,39.4
SRB,Serbia,2014,68.8537191,0.189197922364837,0.338335806676283,0.412148964148292,-1.80427041681132,0.0916939120491321,-1.32558635982964,0.863046421127908,1.89442302636645,4.9,40.4
SRB,Serbia,2015,70.6565282,0.182885402088284,0.377171494362875,0.231885105449282,1.2957386351958,0.082663006792981,1.81545266180656,0.402583557210894,1.27718856590432,4.6,40.5
SRB,Serbia,2016,68.6769894,0.200469124583999,0.339871889415688,0.308150364493211,2.97519807160826,0.0464410927292416,3.5158880281917,0.27662651720577,1.17155898842791,4.6,38.8
SRB,Serbia,2017,67.8903732,0.247052965110584,0.387242199810459,0.468949549014734,2.3634031250553,0.0555773475209731,2.90962447502095,0.363808378643262,1.52263044010001,3.7,36.1
SRB,Serbia,2018,67.8822269,0.232480155594805,0.383701352073841,0.344671583558905,4.64935035491007,0.0776448789031451,5.22266888313776,0.502181565265322,1.54067953539602,1.9,35.0
SRB,Serbia,2019,66.9547627,0.172809612137558,0.386157776686014,0.159566394402636,4.75020793899014,0.0495486966264631,5.31381889246718,0.426534457626405,1.19461693747908,1.4,34.5
SRB,Serbia,2020,64.7301661,0.148927174115007,0.374969190112832,0.187023942468528,-0.950023991851594,0.0227812082960578,-0.288042264925664,0.213906994350929,0.947608509343353,1.0,35.0
SRB,Serbia,2021,65.1480742,0.235195620780373,0.330932972111187,0.658642951066822,7.94905650472278,0.0971253332700918,8.97258082321535,0.42442078759101,1.74631766481948,0.9,33.1
SYC,Seychelles,2006,79.6034964,0.0,0.102807711673663,0.0,9.40612855732827,0.0,7.15334515370103,0.0,0.102807711673663,0.2,42.8
SYC,Seychelles,2013,78.4175192,0.0,0.136887236537623,0.0,1.25373496242949,0.0,-0.599133304568028,0.0,0.136887236537623,0.7,46.8
SYC,Seychelles,2018,79.2192253,0.0,0.121453194976473,0.0,4.93947272254312,0.0,3.94280692985572,0.0,0.121453194976473,0.2,32.1
SLE,Sierra Leone,2003,48.6087293,0.0,12.876788824159,0.0,9.48363126885343,,5.12237538056517,0.0,12.876788824159,32.0,40.2
SLE,Sierra Leone,2011,61.3850011,0.0,9.75175017253575,1.23520859523199,8.10065518714917,,5.31595837430623,0.0,10.9869587677677,17.3,34.0
SLE,Sierra Leone,2018,62.3661631,0.0,7.69317053500234,0.862157879433553,2.8938564123677,,0.50674429876733,0.0,8.55532841443589,11.2,35.7
SVK,Slovak Republic,2004,74.9639476,0.0512222167853151,0.223267316630962,0.00403337991278956,5.38949856996771,0.0104427357183609,5.41095986972041,0.0115043850236051,0.300470034071033,0.0,27.1
SVK,Slovak Republic,2005,82.009105,0.0237111395220124,0.258795037617176,0.018305397734561,6.48493222274386,0.00723470556375164,6.47448748514556,0.0123977111611511,0.320443991598652,0.1,29.3
SVK,Slovak Republic,2006,80.6878091,0.0195921805750578,0.224849813237716,0.0193890914892269,8.92568704770216,0.019978118315044,8.92067971952331,0.0115567670110504,0.295365970628096,0.1,25.8
SVK,Slovak Republic,2007,85.1442432,0.0259605788731998,0.233542907880484,0.0418829716449524,10.8186295074904,0.0104156861286163,10.78629912015,0.0082301455398637,0.320032290067116,0.3,24.7
SVK,Slovak Republic,2008,85.0944247,0.0772952604119315,0.251252260713481,0.0338895635001715,5.36337721231949,0.0130329314947467,5.27306126349816,0.00898207738807562,0.384452093508407,0.2,26.0
SVK,Slovak Republic,2009,81.7570916,0.0268393573979669,0.22621639261366,0.00171847043692538,-5.50533790972226,0.0104113495244654,-5.6311751026805,0.00458673613083437,0.269772306103852,0.2,27.2
SVK,Slovak Republic,2010,85.1376702,0.0468397922200368,0.260242815717853,0.0162687596176801,6.79058159142423,0.00924302961176918,6.69110844613654,0.00461386183404766,0.337208259001387,0.3,27.3
SVK,Slovak Republic,2011,82.1264437,0.0514007693903246,0.267907118242099,0.0175624216527325,2.56242473215553,0.0150694280939769,2.43026958601608,0.00792826107571999,0.359867998454853,0.3,26.5
SVK,Slovak Republic,2012,83.2360661,0.0216387601585785,0.252706615550743,0.0224797225106137,1.56917104702706,0.0206197380233814,1.39646371759601,0.00771268380260719,0.325157520045924,0.2,26.1
SVK,Slovak Republic,2013,83.6238356,0.0109632160952374,0.247412102907411,0.0166680379009485,0.703323545247201,0.0158850726127309,0.595167879643,0.00600611018293953,0.296934539699268,0.2,28.1
SVK,Slovak Republic,2014,85.4044216,0.0089017514545121,0.25156919079918,0.0142990473449852,2.70795151449488,0.00888752082001614,2.608326498525,0.00491177248757578,0.288569282906269,0.5,26.1
SVK,Slovak Republic,2015,82.023404,0.00561165909190303,0.235705893269929,0.0123495880111281,5.17687909722133,0.00696154312905245,5.07697290945579,0.00239610899150758,0.26302479249352,0.4,26.5
SVK,Slovak Republic,2016,78.4570512,0.00568919019658401,0.237545602440954,0.0129752757965403,1.94781841524558,0.00403037409052397,1.81646959957402,0.00142932910460491,0.261669771629207,1.1,25.2
SVK,Slovak Republic,2017,80.4863777,0.00705838465857288,0.302917316859385,0.0136037154009211,2.87473327453695,0.00802554613133259,2.71521709643727,0.00151193128645312,0.333116894336664,0.2,23.2
SVK,Slovak Republic,2018,78.0728296,0.00615913344524013,0.261165888626285,0.0121934331639505,4.06211981896483,0.00770050802356496,3.91808506492153,0.00198363398162276,0.289202597240663,0.2,25.0
SVK,Slovak Republic,2019,77.4158832,0.00438579233881164,0.231740977475859,0.00716261357234817,2.27589910019393,0.00713310792373767,2.13758470717096,0.00156694289828893,0.251989434209045,0.1,23.2
SVK,Slovak Republic,2020,76.4289186,0.0025259562095748,0.205630977226963,0.00872625980669719,-2.58551241733207,0.00185795706821786,-2.66902849173539,0.000491874857273577,0.219233025168727,0.1,24.2
SVK,Slovak Republic,2021,75.9000466,0.00515044751380184,0.1989552526273,0.011739036506355,5.6558588065555,0.00854206904967972,5.88046673143569,0.00176348784699933,0.226150293544136,0.1,24.1
SVN,Slovenia,2002,88.4022749,0.0177864077166854,0.118648995601404,0.0,3.28258371393918,0.000962959737562981,3.15467990613811,4.39489545980475e-05,0.13744231201025,0.0,29.1
SVN,Slovenia,2003,85.46803,0.0150453316994758,0.128605635110994,0.0,3.19503117236037,0.000690223236519698,3.13282664775699,3.58600452949128e-05,0.144377050092285,0.0,30.9
SVN,Slovenia,2004,82.05377,0.125648797600669,0.107899993884999,0.0,4.54602214352336,0.00053054118328902,4.47906492828298,4.17014661148403e-05,0.234121034135071,0.0,24.8
SVN,Slovenia,2005,85.014874,0.0764419788031346,0.107507752490328,0.0,3.8541277114569,0.000341738356664261,3.6743988121375,4.19073137576575e-05,0.184333376963884,0.1,24.6
SVN,Slovenia,2006,85.1434574,0.0756138916344056,0.135281333610517,0.0,5.90878130011174,0.000699832324920846,5.57134966652504,4.43761975018317e-05,0.211639433767345,0.0,24.4
SVN,Slovenia,2007,86.2372897,0.105199115901079,0.125751829191559,0.0,7.1392312914716,0.000445193354303452,6.54177241190229,,0.231396138446941,0.0,24.4
SVN,Slovenia,2008,86.7077391,0.265542987225275,0.126814402894412,0.0,3.37223866114127,0.000695814396507105,3.20889412209657,,0.393053204516194,0.0,23.7
SVN,Slovenia,2009,85.8266958,0.0842431123503214,0.12154873534821,0.0,-7.59058614046387,0.000541628719834564,-8.42208868943828,,0.206333476418366,0.0,24.8
SVN,Slovenia,2010,84.262257,0.172692452920431,0.126719815771042,0.0,1.11213719306735,0.00118709277855289,0.672167911403392,,0.300599361470026,0.0,24.9
SVN,Slovenia,2011,84.9170767,0.198688191035297,0.160723074173377,0.0,0.655438128379743,0.000488447837896098,0.446560894988352,,0.35989971304657,0.0,24.9
SVN,Slovenia,2012,82.6775029,0.0846941827577808,0.167443981638572,0.0,-2.91553782040462,0.000566360193355465,-3.11922481726151,,0.252704524589708,0.0,25.6
SVN,Slovenia,2013,81.0802725,0.0412122663771344,0.164386258753653,0.0,-0.823776417691676,0.000802152375153317,-0.958293257973466,,0.206400677505941,0.0,26.2
SVN,Slovenia,2014,83.9074704,0.0255015689572061,0.23851453079175,0.0,2.76283327639742,0.000554815127529413,2.66181374029557,,0.264570914876485,0.0,25.7
SVN,Slovenia,2015,83.4784985,0.0201511430029735,0.243221640593628,0.0,2.39330621338168,0.000475917167612332,2.31634491842804,,0.263848700764214,0.0,25.4
SVN,Slovenia,2016,83.3247572,0.0238351869758312,0.236958614058932,0.0,3.03441486663654,0.00045244252600592,2.95902414777296,,0.261246243560769,0.0,24.8
SVN,Slovenia,2017,82.0452155,0.0290558127086212,0.238433108644407,0.0,5.17440215579958,0.000971459799265994,5.10589384792048,8.56129547999711e-05,0.268545994107094,0.0,24.2
SVN,Slovenia,2018,82.7029921,0.0296353423505825,0.22922130582963,0.0,4.37908347331195,0.00265106875634064,4.00130649890984,0.000282754610890312,0.261790471547443,0.0,24.6
SVN,Slovenia,2019,82.0895081,0.0213962789454941,0.21211955077224,0.0,3.50525332381912,0.000791062139069916,2.78704541391961,6.44611831761803e-05,0.23437135303998,0.0,24.4
SVN,Slovenia,2020,78.6691619,0.017769657212655,0.196078466933376,0.0,-4.08500094942896,0.000309524314650989,-4.72524968037921,1.39101147863392e-05,0.214171558575469,0.0,24.0
SVN,Slovenia,2021,78.460254,0.0258661890048008,0.161994846724178,0.0,8.41686457725321,0.00143387827318925,8.12577517618843,2.90014634526052e-05,0.189323915465621,0.0,24.3
SLB,Solomon Islands,2005,63.1875472,0.0,8.97100179994665,0.00822742939148827,7.35907917681935,0.0,5.47693948660554,0.0,8.97922922933814,27.7,46.1
SLB,Solomon Islands,2012,71.9051044,0.0,15.8393456134023,5.01256212850698,2.46591837712438,0.0,-1.22485253459861,0.0,20.8519077419093,12.8,37.1
ZAF,South Africa,2000,60.4472776,1.27706430854382,0.822465512421584,0.706162575140753,4.20000000067826,0.0354527651649018,3.25127058182207,0.875739339218175,3.71688450048923,21.9,57.8
ZAF,South Africa,2005,65.6247226,2.31202263431181,0.577918634471178,0.793861746673571,5.27705197295467,0.0157824265033382,4.21638584977106,0.868907024012435,4.56849246597233,15.4,65.0
ZAF,South Africa,2008,65.6698864,7.24773931999843,0.823847141560057,2.50224527184671,3.1910438863288,0.0369575315044166,2.00798658438173,1.37926877732773,11.9900580422374,14.2,62.5
ZAF,South Africa,2010,65.00217,3.41376035352968,0.491012100385551,2.20832164667078,3.03973288127956,0.0258569340158521,1.82804672464107,0.707879978156825,6.84683101275869,9.6,60.9
ZAF,South Africa,2014,61.9534819,1.94751834311288,0.585652560008544,1.41413205264697,1.41382645223793,0.0255744432147647,-0.257188966137676,0.692856799731489,4.66573419871465,9.8,59.6
SSD,South Sudan,2009,,,0.0,0.0,5.04164187983342,,0.201710077462366,35.188657039956,35.188657039956,20.2,46.3
ESP,Spain,2000,71.2867488,0.00384465623039873,0.0337419730616732,0.00693067970674643,5.20064125553942,0.000574298800955914,4.73130032942612,0.00483506048624317,0.0499266682860174,0.5,34.1
ESP,Spain,2003,67.3934472,0.00317110733391803,0.0281904611298881,0.00127951900827998,2.9392895953076,0.00102716767032723,1.0944115829832,0.0040117888311546,0.037680043973568,0.6,31.8
ESP,Spain,2004,66.5281616,0.0206753364971601,0.0200367977390206,0.00147375994031724,3.1145314799161,0.00104702109725233,1.35058688382759,0.00366544467175599,0.0468983599455063,0.6,33.3
ESP,Spain,2005,70.3652289,0.0125934254833309,0.017837947258349,0.00243183131753642,3.5512255846125,0.00037531638835149,1.81657732789419,0.00327446558405552,0.0365129860316234,0.6,32.4
ESP,Spain,2006,68.0912135,0.0116704698183558,0.020776487164618,0.00809150065294647,4.04343515605099,0.000307165423390413,2.29951501349761,0.00291549084293319,0.0437611139022438,0.6,33.5
ESP,Spain,2007,66.5599676,0.0145400693241205,0.0211334528747331,0.0136510189388135,3.53350013165972,8.33384517777598e-05,1.63463980710374,0.00284664503508467,0.0522545246245296,0.3,34.1
ESP,Spain,2008,66.1992349,0.032079273609495,0.025685035402932,0.00391674869038538,0.767165748290694,0.000121351888769049,-0.827648476802253,0.00337447126882851,0.0651768808604099,0.4,34.2
ESP,Spain,2009,65.6648764,0.0095697382441501,0.0233596707082068,0.000640180458388312,-3.76813306940053,8.17275434437884e-05,-4.61672962915983,0.00165951114306765,0.0353108280972567,0.6,34.9
ESP,Spain,2010,66.2582775,0.0162968550522323,0.0255445176746938,0.0139881601793812,0.0941223116369514,0.000298892223443581,-0.365660089983677,0.00221763143856513,0.058346056568316,0.5,35.2
ESP,Spain,2011,69.3562666,0.0155334692771782,0.0249909449201048,0.0214589072174111,-0.639920636520344,0.000391085021390051,-0.992358604711711,0.00288179859277689,0.065256205028861,0.9,35.7
ESP,Spain,2012,68.3667517,0.0074474408940647,0.0251455137457255,0.0355228559044684,-2.86511368637748,0.000520506046413033,-2.92815897770406,0.00442660598571279,0.0730629225763844,0.6,35.4
ESP,Spain,2013,67.5684619,0.00288222461242743,0.0256215980555982,0.0233442583481522,-1.42732224757626,0.00053947476331586,-1.07017018206768,0.010347316151723,0.0627348719312166,0.8,36.2
ESP,Spain,2014,74.1383392,0.00253350841914475,0.0289055556742113,0.0211391249884552,1.52048593647231,0.000160927340647908,1.83396646193863,0.00790863464865165,0.0606477510711108,0.5,36.1
ESP,Spain,2015,73.3306681,0.00174515115453359,0.0286282776880453,0.0142370942540763,4.06086672473866,0.000350962287631232,4.14701193619516,0.00293077580087329,0.0478922611851597,0.7,36.2
ESP,Spain,2016,73.1708988,0.00113678966342455,0.0262492589452184,0.013036681679736,2.91515598595787,0.000179721487811782,2.83577124069477,0.00132927314332369,0.0419317249195144,0.8,35.8
ESP,Spain,2017,70.6878491,0.00192447586474893,0.0231565010767362,0.0262287721233401,2.89604207865007,0.000115964213353521,2.64617061107108,0.00163989363655383,0.0530656069147325,0.5,34.7
ESP,Spain,2018,71.6108499,0.00155929573705883,0.029298367314375,0.0298408417940036,2.39541124478878,0.000544366653518052,1.93406292039191,0.00176491249464509,0.0630077839936006,0.6,34.7
ESP,Spain,2019,70.4560005,0.0,0.0212563494432773,0.01641471391084,1.96117850841711,0.000595043196851536,1.23303741249605,0.000744000510159429,0.0390101070611282,0.6,34.3
ESP,Spain,2020,70.9452995,0.0,0.0195039646757914,0.0182082095958886,-10.9400706350371,0.00011369527281599,-11.3931290455953,0.000295734987987405,0.0381216045324834,0.6,34.9
ESP,Spain,2021,72.440575,0.0,0.0179665098501539,0.0964957986887776,6.68314420473001,0.000567219730435266,6.49336738803039,0.000151493558291056,0.115181021827658,0.4,33.9
LKA,Sri Lanka,2002,47.984764,0.0,0.203787939938968,0.0,3.96467568513113,0.0,2.8865391549469,0.0,0.203787939938968,4.5,40.2
LKA,Sri Lanka,2006,41.032182,0.0,0.162930010162095,0.00124427186618525,7.66829190107919,0.0,6.94942271248222,0.0,0.16417428202828,2.3,39.7
LKA,Sri Lanka,2009,46.7674745,0.0,0.136566998387137,0.0174579216668107,3.53891205317842,0.0,2.90511614609032,0.0,0.154024920053947,1.5,36.1
LKA,Sri Lanka,2012,49.4846242,0.0,0.127718975347721,0.00951569522222702,8.6321813769906,0.0,7.80902906885484,0.0,0.137234670569948,1.1,38.7
LKA,Sri Lanka,2016,63.4408998,0.0,0.118449762933188,0.00235901214764391,5.05362488993089,0.0,3.86979649874351,0.0,0.120808775080832,0.6,39.3
LKA,Sri Lanka,2019,62.9256436,0.0,0.0722571812304566,0.0,-0.220483886824823,0.0,-0.829146715016009,0.0,0.0722571812304566,0.4,37.7
LCA,St. Lucia,2015,78.5933452,0.0,0.0186627705111545,0.0,0.101917836412952,0.0,-0.337052867572226,0.0,0.0186627705111545,0.0,43.7
SDN,Sudan,2009,24.22661,0.0,0.0,0.245947626315176,-2.76770436599138,0.0,-5.81042185394722,9.59675943554232,9.8427070618575,3.5,35.4
SDN,Sudan,2014,27.9107115,0.0,1.49166899749313,1.0255230871143,4.66137954229873,0.0,1.86452924090501,2.65704566740931,5.17423775201674,2.2,34.2
SWE,Sweden,2000,91.1316516,0.0,0.245155286191085,0.068212327043002,4.63112136551369,0.0,4.46324425617721,0.0,0.313367613234087,0.1,27.0
SWE,Sweden,2001,,0.0,0.259540298973164,0.0622480164640183,1.36080642694121,0.0,1.08904749433709,0.000855178634988416,0.322643494072171,0.1,26.5
SWE,Sweden,2002,89.5944374,0.0,0.298968079558308,0.0207258337359642,2.27772867861897,0.0,1.94541903904167,0.00187099387688099,0.321564907171153,0.0,26.2
SWE,Sweden,2003,88.944409,0.0,0.25220862547518,0.00951037530259392,1.88102769675844,0.0,1.50263999618741,0.00178996795016745,0.263508968727942,0.3,25.3
SWE,Sweden,2004,86.2689709,0.0,0.189361797342091,0.0464938973347541,4.17958419343711,0.0,3.77065163055421,0.00272035256561386,0.238576047242459,0.3,26.1
SWE,Sweden,2005,87.7036955,0.0,0.272559778408693,0.159568440224076,2.79313782840156,0.0,2.38284512787561,0.00451845572642441,0.436646674359194,0.8,26.8
SWE,Sweden,2006,86.778182,0.0,0.193534335819191,0.240919250739693,4.67607488877992,0.0,4.08894162666398,0.00695268926167058,0.441406275820555,0.3,26.4
SWE,Sweden,2007,87.8835084,0.0,0.243703217750348,0.394740585050201,3.22486814096095,0.0,2.46223270145694,0.010650077737385,0.649093880537934,0.3,27.1
SWE,Sweden,2008,85.9405396,0.0,0.233591909991242,0.401410242213109,-0.923113250067971,0.0,-1.6919565204184,0.0182062873540388,0.653208439558389,0.5,28.1
SWE,Sweden,2009,85.8645896,0.0,0.229082262908953,0.0984220972083905,-4.25561384207619,0.0,-5.06780005582803,0.0167686492033472,0.34427300932069,0.3,27.3
SWE,Sweden,2010,84.4547068,0.0,0.23925361639145,1.15454780189688,5.75076477579255,0.0,4.85304553694191,0.0203671152425583,1.41416853353088,0.4,27.7
SWE,Sweden,2011,85.6641815,0.0,0.215407333533334,1.45076797804663,3.16388567406926,0.0,2.38777753247983,0.0295942454553409,1.6957695570353,0.4,27.6
SWE,Sweden,2012,85.6209343,0.0,0.195145294799365,0.844917599933344,-0.414397702454409,0.0,-1.14837721022437,0.026228031109986,1.06629092584269,0.4,27.6
SWE,Sweden,2013,83.8290009,0.0,0.194206799824215,0.787563078524436,1.13766671801426,0.0,0.284298669472349,0.020164251116792,1.00193412946544,0.5,28.8
SWE,Sweden,2014,83.2881309,0.0,0.21412178097055,0.677202405089752,2.29577238758284,0.0,1.28579244857269,0.0174025911395759,0.908726777199877,0.4,28.4
SWE,Sweden,2015,81.7607898,0.0,0.215032338399552,0.263522474149408,4.38824673608589,0.0,3.29020421290397,0.00960496894959815,0.488159781498559,0.3,29.2
SWE,Sweden,2016,81.5881358,0.0,0.211533484845609,0.503239973629847,2.13117914731151,0.0,0.855975824436371,0.00769340484074064,0.722466863316197,0.2,29.6
SWE,Sweden,2017,80.7023028,0.0,0.191499546174063,0.844546639788375,1.88282184966646,0.0,0.519214362381689,0.00997779201287988,1.04602397797532,0.2,28.8
SWE,Sweden,2018,81.7624997,0.0,0.253253037737023,0.781670408713803,1.7702553546772,0.0,0.594886136077946,0.0261727179380502,1.06109616438888,0.6,30.0
SWE,Sweden,2019,81.9975459,0.0,0.207231534510574,0.17217730595366,2.60823012869524,0.0,1.57332206499805,0.0253712710404297,0.404780111504663,0.2,29.3
SWE,Sweden,2020,82.2208844,0.0,0.179998566679703,0.17739716332548,-1.93379704032216,0.0,-2.63997048116038,0.0132039613355993,0.370599691340783,0.3,28.9
SWE,Sweden,2021,82.0733011,0.0,0.179786890775554,1.00125372772349,5.2258643028773,0.0,4.5957806799404,0.0272391808431431,1.20827979934218,0.5,29.8
CHE,Switzerland,2000,92.9918225,0.0,0.0339378282692173,0.0,3.63321673470911,0.0,3.0524783594406,0.0,0.0339378282692173,0.1,33.4
CHE,Switzerland,2002,91.1554565,0.0,0.0174874465729194,0.0,0.380410134195273,0.0,-0.376071813230695,0.0,0.0174874465729194,0.0,31.7
CHE,Switzerland,2004,84.2696225,0.0,0.0137801219571509,0.0,2.58692895529093,0.0,1.88413812470986,0.000185269236564892,0.0139653911937158,0.1,31.6
CHE,Switzerland,2006,86.2275361,0.0,0.0167975072857277,0.0,4.13432251467916,0.0,3.48286502643637,0.00063711934471555,0.0174346266304433,0.0,33.9
CHE,Switzerland,2007,86.4823936,0.0,0.0185548439455391,0.0,3.98319384807056,0.0,3.05804556705532,0.000749164452712047,0.0193040083982512,0.0,34.3
CHE,Switzerland,2008,86.473974,0.0,0.0161277641103173,0.0,2.53159615417233,0.0,1.23705292875356,0.000960013727719588,0.0170877778380369,0.0,33.8
CHE,Switzerland,2009,88.3452958,0.0,0.0147482978332118,0.0,-1.93490944903913,0.0,-3.15259444849458,0.000203202550011871,0.0149515003832237,0.0,32.9
CHE,Switzerland,2010,88.2844153,0.0,0.0149742129801232,7.47099527614027e-05,3.26063082122047,0.0,2.190693084472,0.000301351052291844,0.0153502739851764,0.0,32.6
CHE,Switzerland,2011,88.9756547,0.0,0.0124582311521588,0.000158290078438681,1.40766067483813,0.0,0.286375468408821,0.000356657639592002,0.0129731788701895,0.0,31.7
CHE,Switzerland,2012,89.4833984,0.0,0.0110687689733282,0.000120322502342235,1.12413575027705,0.0,0.05606067958675,0.000416318750538044,0.0116054102262085,0.0,31.6
CHE,Switzerland,2013,88.8311529,0.0,0.0119175614298581,0.000106794575909661,1.83612392927999,0.0,0.671837728442554,0.000268214621739725,0.0122925706275075,0.0,32.5
CHE,Switzerland,2014,90.1913471,0.0,0.0130712744977875,7.91492699486152e-05,2.54342347675991,0.0,1.29988872743645,0.000243487314364699,0.0133939110821008,0.0,32.5
CHE,Switzerland,2015,87.6767288,0.0,0.0105667836592093,0.0,1.45450336491099,0.0,0.306157484449557,0.000125064111504765,0.0106918477707141,0.0,32.3
CHE,Switzerland,2016,86.5031631,0.0,0.0103932932726923,0.0,1.91159094214852,0.0,0.804739182018849,0.000116660133874781,0.0105099534065671,0.0,33.0
CHE,Switzerland,2017,85.7800494,0.0,0.00961701007033083,0.0,1.42034612231261,0.0,0.478338226837309,0.0001785775350507,0.00979558760538153,0.0,32.7
CHE,Switzerland,2018,87.3363762,0.0,0.0127915099112579,0.0,3.32743256101493,0.0,2.56908414233095,0.000217357272570462,0.0130088671838284,0.0,33.1
CHE,Switzerland,2019,86.3945634,0.0,0.00873845683473987,0.0,1.11532187197474,0.0,0.396618811151228,0.000444794821757431,0.0091832516564973,0.0,34.0
CHE,Switzerland,2020,84.9002035,0.0,0.00779660128659034,0.0,-2.2552579425106,0.0,-2.966852612279,0.000231251911067443,0.00802785319765779,0.0,33.7
CHE,Switzerland,2021,83.4121672,0.0,0.00859511306158471,0.0,6.17622836050151,0.0,5.3665512260086,0.000512290057871237,0.00910740311945595,0.0,33.8
SYR,Syrian Arab Republic,2003,65.4226934,0.0,0.00160504857932499,0.0,0.590781711933914,0.278268172734875,-1.77628168914023,5.5304418274807,5.8103150487949,0.1,37.5
SYR,Syrian Arab Republic,2006,56.7979918,0.0,0.000877782037676992,0.0,5.04600280095076,0.244769083877966,0.643827556100021,5.16369608370094,5.40934294961658,0.0,40.1
SYR,Syrian Arab Republic,2009,56.9008231,0.0,0.00111963768024227,0.14307847448198,5.91229460524147,0.194996151328667,4.27180111202605,2.96166778457661,3.3008620480675,0.0,40.4
TJK,Tajikistan,2003,46.2776665,0.0052298866419889,0.0,0.55049994375961,10.9999990780572,0.0885959717666604,8.88444644359714,0.127382356278296,0.771708158446555,19.0,32.7
TJK,Tajikistan,2004,46.1348882,0.0646122163168158,0.046964239447866,0.408572669207736,10.2999989410117,0.0578619435039931,8.15635551136702,0.0922315559393627,0.670242624415773,10.7,33.6
TJK,Tajikistan,2007,55.5413514,0.0813681426159291,0.0392321313922791,0.495364202675643,7.80000011872161,0.032368940223179,5.74856457778455,0.106966593659828,0.755300010566859,7.6,32.2
TJK,Tajikistan,2009,52.5600194,0.0658310666164315,0.03548378796088,0.457413669879396,3.90000114826496,0.0585409622594694,1.79394759926346,0.049879787862125,0.667149274578302,3.6,30.8
TJK,Tajikistan,2015,53.1753944,0.109017208585225,0.783326493763975,1.33117691744839,6.01930331771186,0.0175908036386464,3.34193519398252,0.0242529873354977,2.26536441077173,3.3,34.0
TJK,Tajikistan,2021,59.0878624,0.486026357740751,1.00818663938698,7.09388801536399,9.39999955037523,0.171084791793257,7.01157366120653,0.287161792744173,9.04634759702914,2.0,32.4
TZA,Tanzania,2000,48.5970865,0.00549717668500516,3.50655561299909,0.243283021929786,4.52078463603256,0.0,1.59942658531416,0.0,3.75533581161388,47.4,37.3
TZA,Tanzania,2007,59.9114039,0.00565738638402301,5.07308855907828,0.984154935221218,6.76853520293716,0.143202560221599,3.83493311688827,0.0,6.20610344090512,24.4,40.3
TZA,Tanzania,2011,63.1766936,0.01805561186371,3.997336991209,3.17393977178461,7.67215543486064,0.147129405103243,4.70485004341454,0.0,7.33646177996057,16.5,37.8
TZA,Tanzania,2018,54.5493392,0.0424699785942398,2.55993753668615,0.811400866099071,5.50267599384966,0.197788905211452,2.24213027557943,0.0,3.61159728659091,16.7,40.5
THA,Thailand,2000,75.7318424,0.0396739853349757,0.31174753414845,0.00208046959774586,4.45524704335014,0.99488283784735,3.28023479514871,0.687313150348311,2.03569797727683,1.6,42.8
THA,Thailand,2002,70.748622,0.0483539849713579,0.393565815727827,0.0137660507937291,6.14903605210036,0.762297559806926,5.13275009732257,0.526342209841627,1.74432562114147,0.8,41.9
THA,Thailand,2004,55.6581401,0.164555952608913,0.460021485473908,0.0129648779826171,6.28934214285795,0.938004279981584,5.34116205951062,0.818270913353913,2.39381750940094,0.5,42.5
THA,Thailand,2006,47.9619977,0.0879878363639183,0.504842518195832,0.0456511727735759,4.96781089246107,0.710630622575337,4.10011779691514,1.53654839015347,2.88566054006214,0.4,41.8
THA,Thailand,2007,48.2506357,0.112860184677332,0.582080335682746,0.0818042349909075,5.43515169050809,0.613973903264137,4.5949892120282,1.36661103193532,2.75732969055044,0.2,39.8
THA,Thailand,2008,45.9991698,0.246143154793898,0.690217881468394,0.085386547959203,1.72569884866334,0.693431593342433,0.947280170156503,1.90791786682769,3.62309704439162,0.1,40.3
THA,Thailand,2009,46.8877802,0.0902411252496195,0.620897537913127,0.038736598154847,-0.690618232300579,0.643700115109854,-1.42135866699509,1.00735619758168,2.40093157400913,0.1,39.6
THA,Thailand,2010,44.8294389,0.131009402942346,0.543056504586835,0.0558791976494496,7.51339053261624,0.671954379420834,6.79479928649167,1.3337808366326,2.73568032123207,0.1,39.4
THA,Thailand,2011,46.4439712,0.18002944550965,0.539627117796683,0.0438546783467379,0.840132083053334,0.611077945620696,0.215045559628464,1.77251079433152,3.14709998160529,0.0,37.5
THA,Thailand,2012,45.0327833,0.0797774473591743,0.49201388753606,0.0415721763959624,7.24279620249642,0.651357695835709,6.58038336266074,1.64099046582139,2.90571167294829,0.1,39.3
THA,Thailand,2013,42.700846,0.0508277078519803,0.453082373577415,0.0272661101202421,2.68749556320556,0.653181573962076,2.08615316028128,1.43416971462893,2.61852748014065,0.0,37.8
THA,Thailand,2014,46.4756098,0.0391215139661008,0.593749850660677,0.0215541407035652,0.984468863619426,0.911946344345926,0.45053655380589,1.25645532400063,2.8228271736769,0.0,37.0
THA,Thailand,2015,46.1476533,0.0211627843459833,0.462529182419517,0.0113573721080165,3.13404724911635,0.902161446047801,2.65971785318402,0.533712422055235,1.93092320697655,0.0,36.0
THA,Thailand,2016,46.6539451,0.0257915731695363,0.4559929437716,0.0147800576124685,3.43515771692182,0.627532636140883,2.96944155296718,0.429121666160215,1.5532188768547,0.0,36.7
THA,Thailand,2017,49.0742678,0.0297359600247265,0.521643338932033,0.000217150276012418,4.1776810321001,0.552732935145776,3.73797800283087,0.527823222383697,1.63215260676224,0.0,36.4
THA,Thailand,2018,49.1566626,0.0288539920601164,0.389257535155401,0.000133079856536415,4.22287028746071,0.71765709497686,3.90762624173355,0.680804724043357,1.81670642609227,0.0,36.4
THA,Thailand,2019,55.8413351,0.0185040812105728,0.33356374723613,0.0,2.11455779628278,0.700466145845722,1.90583495758329,0.459890940562708,1.51242491485513,0.0,34.9
THA,Thailand,2020,53.3677964,0.015831685103566,0.375868107206655,0.0,-6.09306312966953,0.543937782887483,-6.24932633137992,0.173930820486899,1.1095683956846,0.0,35.0
THA,Thailand,2021,53.9991989,0.0335556904365916,0.362259862876361,0.0,1.55858232076893,0.939553101701137,1.43703031357769,0.481657874747012,1.8170265297611,0.0,34.9
TLS,Timor-Leste,2001,,,0.349604288511654,0.0,16.3476940466477,,6.72745754298086,,0.349604288511654,19.7,35.9
TGO,Togo,2006,49.9202323,0.0,5.74325666103732,2.65003130114261,2.65013209943473,0.0,-0.234381611784201,0.0,8.39328796217993,30.3,42.2
TGO,Togo,2011,59.3177841,0.0,6.12185993516616,11.8029506365718,5.82325622135289,0.0,2.97777711687345,0.0,17.924810571738,31.6,46.0
TGO,Togo,2015,58.8716862,0.0,7.79818030819256,4.92982840936854,5.4680413807304,0.0,3.47161387733128,0.0,12.7280087175611,28.3,43.0
TGO,Togo,2018,50.9850122,0.0,3.15110742501247,1.72251587055505,4.79518333086139,0.0,2.9148797520469,0.0,4.87362329556752,11.7,42.5
TGO,Togo,2021,54.4799059,0.0,2.98358217087813,4.880592026997,5.13562929064506,0.0,3.17336186086668,0.0,7.86417419787513,10.4,37.9
TON,Tonga,2000,,0.0,0.0280007129178722,0.0,3.75409745006452,0.0,3.1164781634571,0.0,0.0280007129178722,1.4,37.7
TON,Tonga,2009,73.7677624,0.0,0.0549399979848963,0.0,-5.12917819150532,0.0,-5.29112664808726,0.0,0.0549399979848963,0.7,37.5
TON,Tonga,2015,81.9152536,0.0,0.0421389970297059,0.0,1.11374402398066,0.0,1.6036112602154,0.0,0.0421389970297059,0.9,33.5
TON,Tonga,2021,84.8873564,0.0,0.0407524657583253,0.0,-0.934919892094683,0.0,-0.733953666451555,0.0,0.0407524657583253,0.1,27.1
TUN,Tunisia,2000,69.8746846,0.0,0.0969018142371271,0.0157043017549626,4.7099729138049,0.361382132616902,3.54145974209786,3.22928353115798,3.70327177976697,2.0,40.8
TUN,Tunisia,2005,64.3557118,0.0,0.0920940007674566,0.0471794864492486,3.4865455430439,0.399210558815731,2.58534081098441,3.79249223607583,4.33097628210826,1.3,37.7
TUN,Tunisia,2010,61.527448,0.0,0.15552734809636,1.17495019071848,2.97113275066512,0.344709194218594,1.86835635362381,4.12711827435362,5.80230500738706,0.7,38.5
TUN,Tunisia,2015,54.2583046,0.0,0.355847226844265,0.432793675445469,0.967834205635981,0.273682848307775,-0.165402101671091,1.62596299660366,2.68828674720116,0.1,32.8
TUN,Tunisia,2021,54.5027662,0.0,0.209270738302313,0.0,4.73603648206102,0.490998034663024,4.08785924151975,1.5489621013289,2.24923087429424,0.1,33.7
TUR,Turkiye,2002,57.4089289,0.0208900073928248,0.0770493354500957,0.0130253454645276,6.43550883793114,0.00498223321338877,5.15974085311868,0.0924058667871047,0.208352788307941,1.6,41.4
TUR,Turkiye,2003,55.2274873,0.0158208744072334,0.072767961694881,0.0103377338342424,5.79909321038525,0.00615261685241545,4.57792705344551,0.0807835887459959,0.185862775534768,2.6,42.2
TUR,Turkiye,2004,54.3133791,0.0910117911446375,0.0634373159647001,0.017471477056129,9.92540551918624,0.00523895731523814,8.70602046453412,0.0808804569350874,0.258039998415792,1.5,41.3
TUR,Turkiye,2005,59.5097711,0.0518150541094461,0.0516900325590928,0.0402695485674776,9.11157745861635,0.00453462995252325,7.95177362643042,0.098246344839956,0.246555610028496,1.6,42.6
TUR,Turkiye,2006,60.1071727,0.0609969514288379,0.0606457226867699,0.109189191503533,7.06762607623939,0.00955265456367318,5.97350417809075,0.0976756856490614,0.338060205831875,1.2,39.6
TUR,Turkiye,2007,55.9301867,0.0884930759300957,0.0618805971629991,0.147316890892937,5.10818513903604,0.00898256462761152,4.93924794926627,0.0869115725998382,0.393584701213481,0.8,38.4
TUR,Turkiye,2008,55.5683711,0.269621038571002,0.065756192806861,0.151035515619601,0.920118221365883,0.0143865495451754,-0.349081731358567,0.122000589848402,0.622799886391042,0.6,39.0
TUR,Turkiye,2009,56.460345,0.106215923660071,0.0671653910640895,0.1216038121696,-4.88269401706633,0.00860049948655527,-6.18658127732729,0.0864578771745911,0.390043503554907,0.5,39.0
TUR,Turkiye,2010,56.5218712,0.153528250747308,0.0627660412092611,0.725044673354386,8.54219848467686,0.00645924834469729,6.90544093016851,0.0855344494299421,1.0333326630856,0.6,38.8
TUR,Turkiye,2011,53.995072,0.174773590035299,0.0692927712478675,0.777896769623353,10.9799625273598,0.0100431107294415,9.36292358017863,0.123984127335917,1.15599036897188,0.3,40.0
TUR,Turkiye,2012,50.1846692,0.06808750317779,0.0653970297553115,0.494959706015113,4.80762696633448,0.00842871898329215,3.48010432023058,0.111617756938834,0.748490714870341,0.3,40.2
TUR,Turkiye,2013,48.2631377,0.0271953145935112,0.0573029104540281,0.433052378760757,8.48825689298511,0.00639026156802496,7.10372830173409,0.0974218835401561,0.621362748916478,0.3,40.2
TUR,Turkiye,2014,52.2324029,0.0238619620578174,0.0623224380552206,0.330649721209624,4.60079447270559,0.00416164956058869,3.19911298885714,0.0944984501615984,0.515494221044849,0.2,41.2
TUR,Turkiye,2015,46.9449387,0.0162128322535002,0.0609680123777546,0.13485248192782,5.80557386628684,0.00265766995514825,4.4033792666971,0.0446861002184748,0.259377096732697,0.2,42.9
TUR,Turkiye,2016,35.4862476,0.0215533089036783,0.0614996546676042,0.262367105043267,3.32366508200445,0.00150977307815817,1.9428315705164,0.0349237617230731,0.381853603415781,0.2,41.9
TUR,Turkiye,2017,36.7492235,0.0298082732253323,0.0791488993431296,0.214531276060355,7.82585730002594,0.00201762233420955,6.43664614092381,0.0537573237557546,0.379263394718781,0.3,43.5
TUR,Turkiye,2018,46.6927681,0.0401708928121365,0.097635933270724,0.279763045970501,3.46815306092219,0.00428488563235785,2.07704135618785,0.108111878645291,0.52996663633101,0.3,42.4
TUR,Turkiye,2019,45.5253689,0.0322436421155324,0.0973692014950438,0.147280208232673,1.30162365464503,0.0033684737362644,-0.136378469205951,0.102518297949539,0.382779823529053,0.3,43.8
TUR,Turkiye,2020,48.1362744,0.0244307938802644,0.11107648014244,0.19878196382086,1.80306247087255,0.00167305173317492,0.819957444576985,0.0612400945022421,0.397202384078982,0.3,43.0
TUR,Turkiye,2021,49.2892722,0.0473618807971925,0.0,0.63423420953124,11.811094450607,0.00748181207735284,10.797736075363,0.13797082409881,0.827048726504594,0.3,44.4
TUV,Tuvalu,2010,92.3887498,,0.0,0.0,-2.46826250374198,0.0,-3.87417505668408,,0.0,1.7,39.1
UGA,Uganda,2002,37.8488464,0.0,14.2479941135026,0.000126043649454819,8.73268576440127,0.0,5.38039055287112,0.0,14.2481201571521,39.1,45.2
UGA,Uganda,2005,43.5752838,0.0,13.8879774546563,0.0359786652951038,6.33256511623156,0.0,3.25713954596638,0.0,13.9239561199514,33.2,42.9
UGA,Uganda,2009,54.1848759,0.0,9.46232485825159,0.000133880023102719,6.80151734860395,0.0,3.70592159085399,0.0,9.46245873827469,25.6,44.2
UGA,Uganda,2012,51.1971025,0.0,10.657304727039,0.0012660741291062,3.83745560605229,0.0,0.865151267915266,0.0,10.6585708011681,20.6,41.0
UGA,Uganda,2016,51.9818688,0.0,12.6262295144542,0.107421790845254,4.78100029254482,0.0,1.35743312909598,0.0,12.7336513052995,23.7,42.8
UGA,Uganda,2019,52.6621674,0.0,7.38833937837014,0.0,6.43874503276439,0.0,2.88958690241905,0.0,7.38833937837014,23.3,42.7
UKR,Ukraine,2002,61.7825463,1.0990421338669,0.279362833891642,0.0,5.33964720719075,1.38139303823453,6.26926483071821,0.557285488022957,3.31708349401602,1.3,29.0
UKR,Ukraine,2003,59.5490007,0.758042903939249,0.332375736444307,0.0,9.51660986436364,1.3208144998747,10.337484498259,0.596245150941,3.00747829119925,0.6,28.7
UKR,Ukraine,2004,56.3679198,1.49235996559455,0.306456512058375,0.0109273037035073,11.7953525281136,0.874680879938456,12.5773931558428,0.66971110889553,3.35413577019042,0.5,28.9
UKR,Ukraine,2005,59.2277931,1.59773566982954,0.229376263662107,1.17201160598113,3.07123039245209,0.565133000615534,3.92453428899148,0.781757652119267,4.34601419220758,0.2,29.0
UKR,Ukraine,2006,62.7359866,1.40052829959985,0.235052703029454,1.17910731514957,7.57142076322967,1.01163949753159,8.26961304502665,0.765715565056406,4.59204338036687,0.1,29.8
UKR,Ukraine,2007,66.6645104,0.749230266655817,0.227467625802188,3.0260948245372,8.21584445165715,0.786052400938078,8.71227296398449,0.626895264506606,5.41574038243989,0.1,27.0
UKR,Ukraine,2008,65.3209127,2.71207348602637,0.203305184059456,3.19662035214157,2.24349159628288,1.14737308736752,2.77550904646171,0.684740010329571,7.94411211992449,0.0,26.6
UKR,Ukraine,2009,61.9946161,1.84257379414677,0.244069696004232,0.889502149931948,-15.1364679101502,1.278878300454,-14.7807201233911,0.534186376625519,4.78921031716247,0.0,25.3
UKR,Ukraine,2010,65.0315572,1.92907582506734,0.229686936034046,3.49378057537729,4.09200436668087,0.945147583014386,4.46782513515676,0.466160187976772,7.06385110746983,0.0,24.8
UKR,Ukraine,2011,62.9969986,2.35896804287954,0.254784015362109,3.45222629185011,5.44528081048476,1.23771380213352,5.78262206521443,0.604564339662443,7.90825649188772,0.0,24.6
UKR,Ukraine,2012,61.6957205,1.20347453702198,0.210147113402788,1.57042358494311,0.152314967200653,1.20575144270603,0.364275557578679,0.512858516672917,4.70265519474683,0.0,24.7
UKR,Ukraine,2013,49.4748552,0.522461268811618,0.196894560277326,1.63737521614496,0.045439094492707,1.20490526300508,0.226082936004985,0.429728228604793,3.99136453684378,0.0,24.6
UKR,Ukraine,2014,31.8535514,0.468975153427332,0.28718706107193,1.14341095849196,-10.0788949840953,1.17134594315961,-5.08846879597155,0.53740181709907,3.6083209332499,0.0,24.0
UKR,Ukraine,2015,35.0374627,0.478722310775197,0.390353886381221,0.231122688449414,-9.7729872128676,1.20086792163998,-9.27686663817931,0.298048598397704,2.59911540564351,0.0,25.5
UKR,Ukraine,2016,38.0353382,0.467980707895294,0.348923833541512,0.643001217767681,2.44098194492067,0.739114578198655,2.94151228987063,0.2004056293323,2.39942596673544,0.0,25.0
UKR,Ukraine,2017,38.7345804,0.418244838789605,0.37008282704992,0.94789516391746,2.35997228099491,0.869406676082544,2.86027869650954,0.348582540397727,2.95421204623726,0.0,26.0
UKR,Ukraine,2018,41.1917481,0.419208073231986,0.363229785921986,0.421159094247327,3.48836234022659,1.22232291954122,4.09937975447431,0.484549678010453,2.91046955095297,0.0,26.1
UKR,Ukraine,2019,48.2657734,0.287026111974908,0.277766267046023,0.0853573721373949,3.19950386354134,0.718231983949118,3.87284698333255,0.363416965283388,1.73179870039083,0.0,26.6
UKR,Ukraine,2020,49.497362,0.178921024438991,0.271793504024285,0.121359236408165,-3.75281793983162,0.329769533969389,-3.08458576352871,0.191284197093986,1.09312749593482,0.0,25.6
ARE,United Arab Emirates,2013,79.1135654,0.0,0.000132839389113298,0.0,4.9184505919085,1.13311451584915,0.805426598522857,26.2480640478396,27.3813114030779,0.0,32.5
ARE,United Arab Emirates,2018,80.134659,0.0,8.97618267260609e-05,0.0,1.53720634021511,1.08759822581719,0.195833797104513,17.0989945007163,18.1866824883602,0.0,26.4
GBR,United Kingdom,2000,84.6419792,0.00314835134288216,0.00493192733359084,3.94334534740473e-06,4.52438074810904,0.143159542076019,4.15158061382745,0.899607457881131,1.05085122197897,0.2,38.9
GBR,United Kingdom,2001,,0.0112116224547952,0.00489119832682914,2.77610073351795e-06,2.39102229602824,0.297829106442769,1.9975992432021,0.623069756321262,0.937004459646389,0.2,37.1
GBR,United Kingdom,2002,75.2680581,0.00441136767008997,0.00534322376850658,1.67512617049301e-06,1.70902736258567,0.206006587502172,1.27936543722539,0.59707481885464,0.81283767292158,0.2,35.1
GBR,United Kingdom,2003,73.0619917,0.00382339432962882,0.00492975261251081,5.59295680001134e-08,3.21851612669614,0.193694812254787,2.73900554436896,0.559752287291694,0.762200302418188,0.2,34.9
GBR,United Kingdom,2004,71.8461951,0.0197997908268176,0.00369923946189451,4.29654039127861e-06,2.32601853325993,0.137032225524508,1.74549468873848,0.575171956513235,0.735707508866846,0.2,34.8
GBR,United Kingdom,2005,72.6563122,0.0110054440706098,0.00362380736405146,4.91646277770155e-06,2.7906547174688,0.101098531314747,2.08729988072291,0.720225579643724,0.83595827885591,0.2,35.5
GBR,United Kingdom,2006,77.1692761,0.00973239142423483,0.00377801966850616,1.18806174642761e-05,2.18982132415704,0.1916673407739,1.4414302818718,0.708171759768897,0.913361392253003,0.2,35.9
GBR,United Kingdom,2007,77.781368,0.0121864379548783,0.00427037050124175,4.8107654760847e-05,2.93091133582351,0.157083452753946,2.13253558466515,0.6818533676487,0.855441736513527,0.2,34.4
GBR,United Kingdom,2008,76.9373029,0.0449803959802397,0.00470455457645455,8.43679789814536e-05,-0.0494116727402769,0.290604342207015,-0.832967942760902,0.996222101169364,1.33659576191205,0.2,35.4
GBR,United Kingdom,2009,74.3128328,0.0164405626939319,0.00526046738691649,0.000137437555140938,-4.58740819226323,0.21024175622231,-5.30637777763782,0.61738163928542,0.84946186314372,0.2,35.1
GBR,United Kingdom,2010,76.0365679,0.0301037064256683,0.00624206486170278,0.000162253269509656,2.26054460931586,0.185444706515816,1.46206947680976,0.639286356112083,0.861239087184779,0.2,33.7
GBR,United Kingdom,2011,73.2702147,0.0352096117076459,0.00622091197352425,0.000239143061619146,0.851437739020326,0.21217311952712,0.0663488911998797,0.82160437614263,1.07544716241254,0.2,33.2
GBR,United Kingdom,2012,73.8956575,0.0153165184872093,0.005500912076973,0.000117447789677093,1.52826034721852,0.188795515518294,0.807661642969506,0.656341548365418,0.866071942237571,0.3,33.1
GBR,United Kingdom,2013,73.7518389,0.00648468176894561,0.00619802865253504,3.17743429162238e-05,1.71846961308464,0.168648172977962,1.04127689543228,0.535996112164923,0.717358769907282,0.2,32.7
GBR,United Kingdom,2014,75.180368,0.0052536674065257,0.0060951229020376,0.0,3.16017351468152,0.107032122022792,2.39228723571463,0.450978748469466,0.569359660800821,0.2,33.1
GBR,United Kingdom,2015,75.0691258,0.00352343839736992,0.00515011993091055,0.0,2.14040560033371,0.0887900272749926,1.40597768353071,0.240246459981823,0.337710045585096,0.2,33.3
GBR,United Kingdom,2016,73.5786913,0.00246186507098933,0.00572390585176115,5.89420378084237e-06,2.20652020635357,0.0591498968196775,1.39797854877506,0.205683569636128,0.273025131582337,0.3,33.1
GBR,United Kingdom,2017,73.421614,0.00253441465483765,0.00547055293043898,4.65349158266586e-05,3.02322219840339,0.0834976128885108,2.46409428701189,0.306336104823879,0.397885220213493,0.3,32.6
GBR,United Kingdom,2018,70.7215323,0.00252814305692617,0.00706850377521334,3.82198028919306e-05,1.55133095078786,0.121001218593834,1.0564966711085,0.495559267583983,0.626195352812848,0.3,33.7
GBR,United Kingdom,2019,75.5992994,0.00191572735231576,0.0,3.7593849036357e-05,1.25629899760824,0.0814119494544672,0.738072456841849,0.457125858504922,0.540491129160741,0.3,32.8
GBR,United Kingdom,2020,74.6097896,0.00102332772244258,0.0,2.82721436331049e-05,-10.047896637362,0.0426953236208568,-10.1988501221779,0.240228124941138,0.28397504842807,0.3,32.7
GBR,United Kingdom,2021,73.3482195,0.00102273685261212,0.0,5.75178862952734e-05,8.5431118453255,0.171321922432051,8.15741414430147,0.416142083269318,0.588544260440276,0.3,32.4
USA,United States,2000,83.0521451,0.140193028838508,0.0726288395449172,0.0134401090902058,4.07758575997799,0.579475920941945,2.92586254681619,0.307551276869583,1.11328917528516,0.6,40.1
USA,United States,2001,,0.212622185194759,0.0591206358622681,0.0077512969667038,0.955538337599847,0.466751378646037,-0.0387319343606976,0.16943295765488,0.915678454324647,0.7,40.6
USA,United States,2002,72.3768589,0.151822005426027,0.0566642073733826,0.00516845816122584,1.70044733078285,0.302755619486716,0.761236860380762,0.172817088546724,0.689227378994075,0.6,40.4
USA,United States,2003,70.3982596,0.154155845833328,0.0567833864619006,0.0104020159899936,2.79560596378604,0.612792290539168,1.91588247566436,0.211788525599514,1.0459220644239,0.8,40.8
USA,United States,2004,67.2571446,0.321324626345383,0.060621151298811,0.0190642644705128,3.84777169267127,0.569511287090411,2.89111091294794,0.283170634743015,1.25369196394813,0.8,40.5
USA,United States,2005,69.2995522,0.26507175601934,0.0579062304896655,0.0256053896311341,3.48354993710312,0.797236904730241,2.53411070635448,0.350823193456479,1.49664347432686,0.8,41.3
USA,United States,2006,73.058835,0.275791896326636,0.0591478103504217,0.0637464562948489,2.78453963674239,0.382513454180692,1.79819874479622,0.349464272960025,1.13066389011262,0.8,41.7
USA,United States,2007,73.7444204,0.249875712879914,0.0619743128692316,0.0700163062364638,2.0038583039496,0.339351155793805,1.03834382734772,0.356897499234572,1.07811498701399,0.8,41.1
USA,United States,2008,76.6553916,0.69687957292833,0.0487250288905003,0.110496529638692,0.113587247501258,0.551540732489892,-0.8288881218228,0.521498895801413,1.92914075974883,0.9,41.1
USA,United States,2009,76.8469685,0.328948122158706,0.0364101315056274,0.073856708586716,-2.5765002366652,0.0450657683061133,-3.42683194491448,0.259640404387642,0.743921134944805,0.7,40.9
USA,United States,2010,76.4226565,0.46327180553633,0.0447732489410531,0.166896320336218,2.69519258673525,0.0,1.82992370300914,0.293762700279441,0.968704075093042,0.9,40.2
USA,United States,2011,76.5625941,0.576151367733925,0.0490358372786731,0.238996864592749,1.56440685205419,0.0,0.762796399892366,0.370845235110237,1.23502930471558,0.8,41.2
USA,United States,2012,76.4977694,0.365037619003386,0.042316243132631,0.163414793078767,2.28911339009767,0.0,1.4757059723453,0.205925846170308,0.776694501385092,0.8,41.2
USA,United States,2013,75.7935684,0.279719144616926,0.0451078269810442,0.120356943952869,2.11783009443471,0.0,1.34816252387824,0.305650080049118,0.750833995599957,0.8,40.9
USA,United States,2014,77.3070017,0.226671482497904,0.0438896131077501,0.0880467319514241,2.52381981757846,0.0523192680969993,1.71094544248081,0.292226566231044,0.703153661885122,1.0,41.7
USA,United States,2015,77.2686791,0.154809825395291,0.0357864456731308,0.0362503184615436,2.94555045227337,0.0,2.12741137868935,0.00752518064782254,0.234371770177788,0.9,41.5
USA,United States,2016,71.4957097,0.135996650509346,0.0370310579043586,0.0380022225151832,1.81945147909089,0.0,1.02266589237917,0.0922955001311894,0.303325431060077,0.9,41.3
USA,United States,2017,67.7755797,0.182332985664659,0.0414197446763051,0.0412677424038313,2.45762230126449,0.0,1.75014095196009,0.162525850896316,0.427546323641111,1.0,41.4
USA,United States,2018,70.8565316,0.19836963909789,0.0346274658844671,0.0352448401068123,2.96650506701943,0.00818925823914368,2.3644424974579,0.319247607054063,0.595678810382377,0.8,41.8
USA,United States,2019,66.8276892,0.131587352107841,0.038216107338548,0.0187501063382904,2.58382533052225,0.0,2.05676589969444,0.368544560120872,0.557098125905551,0.8,41.9
USA,United States,2020,63.3866948,0.0836949579138938,0.0367963849738373,0.02138952271423,-2.081375977796,0.0,-2.48059997386319,0.187625106322478,0.329505971924439,0.3,40.0
USA,United States,2021,63.735279,0.165541837941739,0.0377125136209131,0.101999501227916,6.15202247867526,0.363207721748918,5.98515132703822,0.61148265568772,1.27994423022721,0.3,39.7
URY,Uruguay,2000,79.9777782,0.0,0.174816634275126,0.0185114499533399,-1.92993063549235,0.0,-2.29597374962009,0.0,0.193328084228466,0.2,43.4
URY,Uruguay,2001,,0.0,0.208951655079981,0.00792616966800378,-3.84412995940374,0.0,-4.08038978630051,0.0,0.216877824747985,0.2,45.0
URY,Uruguay,2002,79.1987496,0.0,0.43047927753373,0.0241106990979999,-7.73200721540044,0.0,-7.86190240623733,0.0,0.45458997663173,0.2,45.5
URY,Uruguay,2003,77.5343868,0.0,0.587054654345613,0.0453230798895189,0.805283915893824,0.0,0.734039111911073,0.0,0.632377734235131,0.3,45.0
URY,Uruguay,2004,74.6324945,0.0,0.697210967806846,0.103684076538843,5.00416035564457,0.0,4.94141016509036,0.0,0.800895044345689,0.4,45.9
URY,Uruguay,2005,79.9663711,0.0,0.676755173176798,0.127580844762017,7.4601321302473,0.0,7.37434772026329,0.00222946780219908,0.806565485741014,0.3,44.7
URY,Uruguay,2006,83.4324755,0.0,0.953556476559726,0.166644402452767,4.09857735445401,0.0,3.98038082694534,0.00320350693894352,1.12340438595144,0.2,45.9
URY,Uruguay,2007,84.0725658,0.0,1.1461308459977,0.138069163738037,6.54151084504817,0.0,6.35892754413862,0.00422122871200601,1.28842123844774,0.1,46.4
URY,Uruguay,2008,83.9476122,0.0,1.46339601490026,0.100828007838583,7.17614466455107,0.0,6.94817225721984,0.00375759126029811,1.56798161399914,0.1,45.1
URY,Uruguay,2009,83.4605799,0.0,1.22944260683383,0.112282516468352,4.24349419462426,0.0,3.99426146565813,0.0050131491539772,1.34673827245616,0.1,45.5
URY,Uruguay,2010,81.0863655,0.0,1.9101506203386,0.0942144321947679,7.8034096507169,0.0,7.52764617823019,0.0173337959445058,2.02169884847788,0.1,44.5
URY,Uruguay,2011,81.7626978,0.0,1.30077729560365,0.102940114853116,5.16213302463606,0.0,4.90150561357953,0.0333775517732152,1.43709496222999,0.1,42.2
URY,Uruguay,2012,81.0107538,0.0,1.0489233724926,0.0978419100423681,3.53817872056869,0.0,3.27196082931438,0.0328611652405814,1.17962644777555,0.1,39.9
URY,Uruguay,2013,81.6294613,0.0,1.19298618558619,0.0627354464964859,4.63753862902416,0.0,4.32675421961548,0.0356588037151128,1.29138043579779,0.1,40.5
URY,Uruguay,2014,84.7136417,0.0,1.37666437336177,0.0402289034813021,3.23879122952364,0.0,2.9005302021196,0.0418304836494907,1.45872376049256,0.1,40.1
URY,Uruguay,2015,84.4867143,0.0,1.81375927361251,0.0254240088810458,0.370741257681345,0.0,0.0225745559950212,0.0129991340611707,1.85218241655473,0.1,40.1
URY,Uruguay,2016,85.0549201,0.0,1.70738695903975,0.0245594568058779,1.68979822971775,0.0,1.35078037686081,0.00974074357398883,1.74168715941962,0.0,39.7
URY,Uruguay,2017,84.9061855,0.0,1.80298893717932,0.020879571807839,1.74037649141989,0.0,1.46549079282399,0.00551661089286989,1.82938511988003,0.0,39.5
URY,Uruguay,2018,84.906645,0.0,1.95635852476187,0.00791916693397748,0.164777608846705,0.0,-0.0151011268806798,0.0087147505921723,1.97299244228802,0.0,39.7
URY,Uruguay,2019,85.629815,0.0,1.69897788133053,0.0,0.928351027546341,0.0,0.848967983378387,0.00734992334670971,1.70632780467724,0.0,39.7
URY,Uruguay,2020,85.5590869,0.0,2.2894658838165,0.0,-7.35732706897301,0.0,-7.40535234891223,0.00396420911308914,2.29343009292959,0.1,40.2
URY,Uruguay,2021,85.5395951,0.0,1.9058269960478,0.0121922933901486,5.84427325018082,0.0,5.91510210973331,0.00971591519832361,1.92773520463627,0.1,40.8
UZB,Uzbekistan,2000,45.3589343,0.0200116320320681,0.00202798916421563,0.164238515501257,3.83500000014025,7.45483715071037,2.53200282225686,5.40046980305752,13.0415850904654,57.0,35.9
UZB,Uzbekistan,2002,49.2953242,0.0355440621728097,0.00330020625887402,0.246537749525258,3.97348819235708,15.5837533463076,2.70575973852725,4.39304141489731,20.2621767791619,54.3,33.0
UZB,Uzbekistan,2003,43.0082704,0.0252641418064628,0.00355068000133666,0.315271453353902,4.23262738154382,16.3929079886423,2.97071220194489,5.07436940546078,21.8113636692648,56.5,35.2
UZB,Uzbekistan,2021,62.1151404,0.0535648008565471,0.000733723417289998,8.50242086897125,8.20448512353877,11.0412650689481,6.1274486675632,0.867176370586835,20.46516083278,1.5,32.9
VUT,Vanuatu,2010,88.9219279,0.0,0.832399543964073,0.0,1.25886720329254,0.0,-1.08593808514878,0.0,0.832399543964073,7.1,37.4
VUT,Vanuatu,2019,83.4569176,0.0,0.547725243089635,0.0,3.27677257380314,0.0,0.897747718651672,0.0,0.547725243089635,4.9,32.3
VEN,"Venezuela, RB",2001,,0.0116115298305875,0.0442342791107406,0.0847673044326254,3.41463414634147,0.39389596845671,1.53836888018091,14.809781275052,15.3442903568827,6.0,47.2
VEN,"Venezuela, RB",2002,42.9331472,0.0,0.0734661446515084,0.147595355600824,-8.72641509433961,0.485477997520281,-10.3618288031885,18.7480489712018,19.4545884689745,10.0,48.9
VEN,"Venezuela, RB",2003,45.3409354,2.21645152227653e-06,0.073218956012408,0.262179151792683,-7.75193798449614,0.382225897512285,-9.38020816853484,21.1779581221907,21.8955843439596,12.1,47.9
VEN,"Venezuela, RB",2004,44.1463679,0.150228232770227,0.0580316824717029,0.250350753545494,18.2072829131653,0.282061313688956,16.1962299342019,23.0890395880635,23.8297115705399,10.3,47.3
VEN,"Venezuela, RB",2005,45.7712841,0.0742191320000952,0.0448247387086835,0.689719723755767,10.1895734597156,0.360365920832308,8.35910334412473,28.0538745861065,29.2230041014033,9.8,49.3
VEN,"Venezuela, RB",2006,44.3223528,0.0643409416368239,0.0495914627937055,0.729497875448801,9.89247311827957,0.415380969310995,8.12092547262088,26.8186567625884,28.0774680117788,4.6,44.7
VNM,Viet Nam,2002,72.4764976,0.0744439200669618,1.70669122841982,0.0316975958313845,6.32082099160833,0.325384146459247,5.23717692306222,5.28727447254799,7.4254913633254,12.2,37.0
VNM,Viet Nam,2004,65.7869415,1.42759635783827,1.53102836460499,0.0495840962607542,7.53641060890386,0.632871823685399,6.49878740751187,8.1232104070861,11.7642910494755,8.4,36.8
VNM,Viet Nam,2006,71.0215706,0.994197918869987,1.50786461295623,0.299104610914458,6.97795481056711,0.651803798316593,5.57239749946528,8.77756808235261,12.2305390234099,6.1,35.8
VNM,Viet Nam,2008,66.7278934,2.87873849995229,2.45497224266318,0.846977530868212,5.66177120891362,0.495591047514565,3.74838603993047,7.24340907549005,13.9196883964883,4.4,35.6
VNM,Viet Nam,2010,67.9419288,1.357809559795,1.83564330366126,0.452415653552499,6.42324482239482,0.442109704259686,5.21227683604808,3.39330269400776,7.4812809152762,1.1,39.3
VNM,Viet Nam,2012,67.6975988,0.803270856098302,1.70004277172662,0.332549597455944,5.5045447041189,0.352929785663553,4.27630507146044,4.10988392212901,7.29867693307343,0.7,35.6
VNM,Viet Nam,2014,65.677556,0.383982190620381,1.81737511911996,0.189849847946125,6.42224312118567,0.418562328391343,5.13784099364456,2.85117967459122,5.66094916066902,0.7,34.8
VNM,Viet Nam,2016,69.0117358,0.1985839592106,1.21931943193327,0.121608749123366,6.69000892660424,0.316021208374894,5.35427097241221,0.828042589429339,2.68357593807147,0.5,35.3
VNM,Viet Nam,2018,64.9675576,0.284155949812884,1.38164260046733,0.0904699342057104,7.46500685572751,0.383369129367597,6.28095828201967,1.12046207095372,3.26009968480725,0.5,35.7
VNM,Viet Nam,2020,68.1190087,0.164958115590481,1.13182111178626,0.0234989381016957,2.86541320912272,0.247961395343541,1.91581434772165,0.242642397619719,1.8108819584417,0.3,36.8
PSE,West Bank and Gaza,2004,45.0975448,0.0,0.0,0.0,21.9244861205987,,18.8484471333478,0.0,0.0,0.4,34.0
PSE,West Bank and Gaza,2005,40.7753721,0.0,0.0,0.0,11.2906511829271,,8.4829084168252,0.0,0.0,0.2,34.7
PSE,West Bank and Gaza,2006,37.5699278,0.0,0.0,0.0,-0.996556103477076,,-3.49430234961132,0.0,0.0,0.1,34.0
PSE,West Bank and Gaza,2007,36.4137341,0.0,0.0,0.0,3.78828152085981,,1.16982596233521,0.0,0.0,0.6,35.6
PSE,West Bank and Gaza,2009,35.8388613,0.0,0.0,0.0,8.59349087893864,,5.73457681316152,0.0,0.0,0.1,34.5
PSE,West Bank and Gaza,2010,35.6698731,0.0,0.0,0.0,5.77736205629419,,3.06565425625401,0.0,0.0,0.1,35.3
PSE,West Bank and Gaza,2011,33.8011016,0.0,0.0,0.0,9.60080848913594,,6.86783487502541,0.0,0.0,0.1,34.4
PSE,West Bank and Gaza,2016,36.9644995,0.0,0.0,0.0,8.86461881995935,,6.44666146094556,0.0,0.0,0.3,33.7
YEM,"Yemen, Rep.",2005,39.5948525,0.0,0.0257915511719378,0.0,5.59174807563268,0.0467874589438686,2.37203185301995,41.093106599265,41.1656856093808,5.2,34.7
YEM,"Yemen, Rep.",2014,22.8064612,0.0,0.0539400376846284,0.0,-0.188690241954504,1.91026799289135,-3.20471705643189,9.0008580090252,10.9650660396012,9.3,36.7
ZMB,Zambia,2002,59.564193,0.0522863702250223,8.52083217363667,0.0086656835468358,4.50601428032604,0.0,1.3381949009155,0.0,8.58178422740853,29.1,42.1
ZMB,Zambia,2004,63.2091674,0.0681266115624081,9.25534912496679,4.45216198463444,7.03239511515218,0.0,3.68494886266848,0.0,13.7756377211636,37.2,54.3
ZMB,Zambia,2006,70.397865,0.0154837278408601,5.07183770615575,14.114181525681,7.90369444480079,0.0,4.24983217682681,0.0,19.2015029596777,40.2,54.6
ZMB,Zambia,2010,72.283906,0.000284656620519031,5.33151906689507,13.332916385834,10.2982233241213,0.0,6.54512358380669,0.0,18.6647201093496,38.4,52.0
ZMB,Zambia,2015,67.2997785,0.0161176960545101,8.2115386260719,2.93259706646679,2.92037511217961,0.0,-0.241301067013211,0.0,11.1602533885932,38.0,55.8
ZWE,Zimbabwe,2011,44.5055495,1.75608208990706,3.09747788324374,3.02582901599048,14.1939156801139,0.0,12.187491621401,0.0,7.87938898914128,11.3,43.2
ZWE,Zimbabwe,2017,51.6333512,0.605956461595311,3.72964205295604,1.71234881128599,4.73441117758482,0.0,3.23409642689352,0.0475010544657409,6.09544838030308,14.8,44.3
ZWE,Zimbabwe,2019,49.076157,0.257755009227255,1.99605200101332,2.41107592851979,-6.33244976028571,0.0,-7.78558358121073,0.050882518898508,4.71576545765887,19.0,50.3
