Country Code,Country Name,Year,political_stability_score_0_100,coal_rents_pct_gdp,forest_rents_pct_gdp,mineral_rents_pct_gdp,gdp_growth_pct,natural_gas_rents_pct_gdp,gdp_per_capita_growth_pct,oil_rents_pct_gdp,total_resource_rents_pct_gdp,poverty_gap_3usd_pct,gini_index
AFG,Afghanistan,2000,17.2032846,,,,,,,,,,
AFG,Afghanistan,2001,,,,,-9.4319740700862,,-10.1194841059326,,,,
AFG,Afghanistan,2002,24.3251111,0.00465001997676017,1.00914820404965,0.0,28.6000011706788,0.231561307228384,22.0201902696299,0.030789275783499,1.27614880703829,,
AFG,Afghanistan,2003,25.1139855,0.00747274848408489,0.661477338208322,0.0,8.83227780288267,0.036729700085138,2.34567163632688,0.0256328025661278,0.731312589343673,,
AFG,Afghanistan,2004,28.4642015,0.0165437838421436,0.38846867792281,0.0,1.41411799339429,0.0283021705785469,-2.14821228495553,0.0256051597697051,0.458919792113206,,
AFG,Afghanistan,2005,29.4429584,0.0109135244434021,0.333337690055055,0.0,11.2297148272859,0.0230939370293463,7.38337728197978,0.0258476198749782,0.393192771402782,,
AFG,Afghanistan,2006,29.2228603,0.0112063527032708,0.453987419670516,0.0,5.35740324748592,0.0175735938615238,1.13248505528998,0.0214070372585048,0.504174403493816,,
AFG,Afghanistan,2007,25.5733798,0.0770462649096367,0.343956662065522,0.0,13.8263195471281,0.0140511789653461,11.6923032922081,0.0144464639818204,0.449500569922326,,
AFG,Afghanistan,2008,22.5910622,0.221132916238516,0.348530008988848,0.0,3.92498381999467,0.0162665856535653,1.6772791560615,0.015736313879498,0.601665824760427,,
AFG,Afghanistan,2009,24.0575312,0.128832445822436,0.280320567708532,0.0,21.3905283926492,0.0102634444245309,17.0438963216074,0.00524173800288766,0.424658195958387,,
AFG,Afghanistan,2010,22.6613034,0.215322628919275,0.36453808043497,0.0,14.3624414710737,0.0403224481935062,11.0550305527288,0.00514945564866915,0.62533261319642,,
AFG,Afghanistan,2011,22.3148664,0.481711529177581,0.302923904383775,0.0,0.426354776777345,0.0451518313015526,-3.21329500579925,0.00660239543706919,0.836389660299977,,
AFG,Afghanistan,2012,23.1217311,0.26623044263315,0.262155548029171,0.0,12.7522870926697,0.0464655939898396,8.27936899310519,0.109823883946021,0.684675468598181,,
AFG,Afghanistan,2013,19.7786501,0.237665574938235,0.262130892984394,0.00231624131877265,5.60074465863221,0.0341687943179892,2.0520682606117,0.0672901618424767,0.603571665401867,,
AFG,Afghanistan,2014,26.2877904,0.22737000694477,0.267026291162001,0.00299451617981368,2.72454336219565,0.00462181980835445,-0.939984755736006,0.0407438655716957,0.542756499666634,,
AFG,Afghanistan,2015,23.5106211,0.163204860716174,0.288934873258099,0.00198882413948307,1.45131466066431,0.0021525915335507,-1.66505744749013,0.0136357996041316,0.469916949251438,,
AFG,Afghanistan,2016,23.4723617,0.249916790607737,0.353105362386064,0.00281249304025955,2.26031420279821,0.00213017870477219,-0.300121027406746,0.00944508042929387,0.617409905168126,,
AFG,Afghanistan,2017,21.2442702,0.40234480168601,0.285272514550035,0.0,2.6470032027451,0.00193733204041791,-0.195569548342789,0.0134270806666745,0.702981728943138,,
AFG,Afghanistan,2018,21.7827865,0.541363923742697,0.293533881625787,0.0,1.18922812944517,0.00151202723141628,-1.71374269254262,0.018854416706035,0.855264249305936,,
AFG,Afghanistan,2019,21.6637858,0.334119584032567,0.333863765522096,0.0,3.91160341625552,0.00152718893968035,0.856294729087764,0.0127772897517024,0.682287828246046,,
AFG,Afghanistan,2020,21.6583487,0.00700147458719358,0.292451526868513,0.0,-2.35110067203466,0.00134755113216414,-5.38251464221077,0.00517761905886768,0.305978171646739,,
AFG,Afghanistan,2021,24.0335589,0.0193977562950517,0.389304648467567,0.0,-20.7388393676343,0.00195353922210792,-22.5844818732987,0.0178695056581909,0.428525449642917,,
ALB,Albania,2000,44.6039293,0.00063462371627779,0.1266368254864,0.0,7.46285871776054,0.00703462737907052,8.14996793452505,1.07150056484779,1.20580664142954,,
ALB,Albania,2001,,0.00132843174013712,0.0626445552743011,0.0,8.8637306604876,0.010399353794783,9.89019357107392,0.699922137592021,0.774294478401242,,
ALB,Albania,2002,54.7135105,0.000288281866863831,0.0665511639246422,0.0,4.62839587394552,0.0117918086634504,4.94262296313663,0.687177627386246,0.765808881841202,0.7,31.7
ALB,Albania,2003,58.453819,0.000914899138369364,0.0629987181111056,0.0,5.33326426009945,0.00919522316755073,5.72810598121802,0.692722774590139,0.765831615007164,,
ALB,Albania,2004,55.5004905,0.00683461126427363,0.0539967923130285,0.00996934027917021,5.26626173860785,0.0048676691156837,5.70712308403314,0.793153163005221,0.868821575977377,,
ALB,Albania,2005,55.4743215,0.00307121885230359,0.0479782810465882,0.0251232422071704,5.13082193056189,0.00402406818681407,5.67025027957055,1.02095374629243,1.10115055658531,0.4,30.6
ALB,Albania,2006,56.5138104,0.00293509452543288,0.0541548603090371,0.121229707314126,6.0189812403864,0.00813351635635809,6.68998139667232,1.19244921679704,1.37890239530199,,
ALB,Albania,2007,62.6735004,0.00404295611219972,0.0747717350561407,0.834611352735755,6.50009261158209,0.0111900092211739,7.30798262922809,1.24943402811758,2.17405008124285,,
ALB,Albania,2008,65.4214943,0.0139175166136866,0.0697141078407692,0.0787066226839956,6.90706230713707,0.00841142402522897,7.73056161381389,1.60465469310703,1.77540436427071,0.1,30.0
ALB,Albania,2009,65.4291264,0.000716939372939698,0.0748086642125221,0.0418367002792885,2.69075152362146,0.00648099662098859,3.38511539501225,0.923660115710382,1.04750341619612,,
ALB,Albania,2010,62.947713,0.00137213315627755,0.0659767178336683,0.142023694482101,2.97315442681247,0.00925242566622937,3.48564808644622,1.30954317181467,1.52816814295294,,
ALB,Albania,2011,59.9492277,0.000778501153028553,0.210245076855231,0.218928064038002,2.46351683915714,0.0136576272780024,2.73953255678821,2.4548890851063,2.89849835443056,,
ALB,Albania,2012,59.5782307,0.000344303375981144,0.182521793382718,0.16577444361184,0.984129880204108,0.0164608412977661,2.5545386692104,2.86635104305394,3.23145242472225,0.4,29.0
ALB,Albania,2013,62.5947269,0.000102472015384904,0.165155097257209,0.111634515955776,1.7072283175406,0.0171746839867787,3.28889031489732,3.03392407525612,3.32799084447126,,
ALB,Albania,2014,70.3506685,0.0,0.169259561262758,0.1053812583674,2.24022695382642,0.0201834576696399,3.83017022939833,3.12207615711342,3.41690043441322,0.6,34.6
ALB,Albania,2015,68.0342241,0.00598268561789345,0.191365197131665,0.0657948465115933,2.2277040745779,0.019112954317569,3.81743447071763,1.45260618469079,1.73486186826951,0.1,32.8
ALB,Albania,2016,68.7294282,0.000391513069921201,0.157023419526358,0.00269413280085731,3.90893551362245,0.0139612587019387,5.52482598081943,0.884410718287188,1.05848104238626,0.1,33.7
ALB,Albania,2017,68.6928685,0.0175811937920141,0.183422579574961,0.0,3.28317593330073,0.0188963304814835,4.88935288088643,1.12614227560188,1.34604237945034,0.2,33.1
ALB,Albania,2018,68.4601043,0.0379024712234031,0.140052548330499,0.04086882669798,3.67141928098908,0.022458616306127,5.28357949627288,1.46983381887842,1.71111628143642,0.1,30.1
ALB,Albania,2019,65.9691253,0.00880735103673773,0.138045383470044,0.0363885551416296,2.06257790176122,0.0273613999739918,3.64975808463876,1.42437109584124,1.63497378546365,0.0,30.1
ALB,Albania,2020,65.8092347,0.010128655381407,0.134209573343306,0.038933811291737,-3.31375636888916,0.0098718761210861,-1.81016536329729,0.582225701330423,0.775369617467959,0.0,29.4
ALB,Albania,2021,66.3035591,0.0322572749578343,0.138488454188665,0.180213705970408,8.96957619074095,0.049458339903858,10.6641494274411,1.04218369204761,1.44260146706838,,
DZA,Algeria,2000,38.5173963,0.0,0.0999629046678328,0.0216085733371284,3.80000000158476,6.36143139801464,2.35726435010288,20.2038945100895,26.6868973861091,,
DZA,Algeria,2001,,0.0,0.116874087480259,0.0209913566660275,2.99999999863043,6.77330448791438,1.59517814379704,16.7197713612172,23.6309412932778,,
DZA,Algeria,2002,36.2744729,0.0,0.123619966774021,0.0173275115286968,5.40000000000001,5.62628427786398,4.00705031536965,17.703706765696,23.4709385218627,,
DZA,Algeria,2003,37.7674287,0.0,0.14019854300307,0.0108310764410362,6.50000000062043,4.62266032721416,5.09333212662064,19.6786326659537,24.452322612612,,
DZA,Algeria,2004,43.5847453,0.0,0.108610417538114,0.0143692812615109,4.49999999976698,3.90735998177232,3.05086148235007,22.1269733272223,26.1573130077943,,
DZA,Algeria,2005,51.2410346,0.0,0.0887542047392797,0.0488688923690098,5.39999999969525,4.62829429535199,3.86890214242119,27.9141141505655,32.6800315430258,,
DZA,Algeria,2006,47.8661819,0.0,0.0964230669346166,0.0724122609853375,2.89999999905852,4.48809354777683,1.32618894855368,29.5343935472454,34.1913224229422,,
DZA,Algeria,2007,47.7794278,0.0,0.0786884227934083,0.130378859112722,3.10000000128674,3.92429679953824,1.39346833661227,27.9267087662485,32.0600728476928,,
DZA,Algeria,2008,48.87271,0.0,0.10983529445188,0.334277849762946,2.49999999929371,3.31233807885605,0.652527943948144,29.1086401323721,32.865091355443,,
DZA,Algeria,2009,45.7322868,0.0,0.134510355599873,0.171442811044615,1.19999999969519,3.99167140096935,-0.72042057547074,19.9046263657492,24.2022509333631,,
DZA,Algeria,2010,43.3864826,0.0,0.137192681108823,0.15354556834639,4.80000000093564,3.25358685142754,2.77921908194712,21.9939993236664,25.5383244245491,,
DZA,Algeria,2011,41.3613393,0.0,0.127015928820299,0.155584161415637,2.99999999941909,3.27268025363181,1.00399237129356,25.0260096148481,28.5812899587159,0.0,27.6
DZA,Algeria,2012,43.9249937,0.0,0.140154451494083,0.142947452820782,2.40000000034432,3.36687425907052,0.379563284418055,22.6025382987382,26.2525144621236,,
DZA,Algeria,2013,43.0357222,0.0,0.116859438703444,0.079994049293044,2.60000000061164,3.15384901781361,0.548743629610698,20.8724313901278,24.2231338959379,,
DZA,Algeria,2014,45.7908836,0.0,0.184124602857198,0.0545536170787534,4.09999999866501,3.0569020902826,2.00005200987388,19.3167294732848,22.6123097835033,,
DZA,Algeria,2015,47.9651356,0.0,0.216908794855198,0.0564100379035482,3.20000000089023,2.90603072482324,1.09962061859601,11.7459031918092,14.9252527493911,,
DZA,Algeria,2016,46.6846903,0.0,0.175229379443736,0.0507846759461622,3.90000000017621,2.56694843286828,1.78594064734014,10.0262189142963,12.8191814025545,,
DZA,Algeria,2017,50.0169672,0.0,0.206967227527329,0.0407837177161842,1.49999999895587,2.96806789859693,-0.541667024495979,12.1565741270026,15.372392970843,,
DZA,Algeria,2018,55.0130534,0.0,0.104094347857166,0.0265132651271735,1.40000000088281,4.64378704706283,-0.546019580108478,15.9428081774505,20.7172028374976,,
DZA,Algeria,2019,47.7447231,0.0,0.142246577676085,0.00290128738989528,0.899999999219148,4.23642792336282,-0.939992962004737,14.1421031504305,18.5236789388593,,
DZA,Algeria,2020,50.7988142,0.0,0.155457100051892,0.00200999741569609,-4.99999999908597,4.83849619936078,-6.61247509707083,9.03841379679424,14.0343770936226,,
DZA,Algeria,2021,50.5039858,0.0,0.129189496160402,0.00378676836519861,3.79999999900707,7.9957286210892,2.13263632683078,14.4615654623053,22.5902703479201,,
ASM,American Samoa,2000,,,,,,,,,,,
ASM,American Samoa,2001,,,,,,,,,,,
ASM,American Samoa,2002,,0.0,0.0,0.0,,0.0,,0.0,0.0,,
ASM,American Samoa,2003,,0.0,0.0,0.0,0.965517241379317,0.0,1.12678985497159,0.0,0.0,,
ASM,American Samoa,2004,72.8904941,0.0,0.0,0.0,0.409836065573771,0.0,0.68022053736145,0.0,0.0,,
ASM,American Samoa,2005,78.0433194,0.0,0.0,0.0,-0.408163265306129,0.0,-0.0545952701160815,0.0,0.0,,
ASM,American Samoa,2006,78.1199851,0.0,0.0,0.0,-4.09836065573771,0.0,-3.68497685539259,0.0,0.0,,
ASM,American Samoa,2007,82.8895608,0.0,0.0,0.0,1.85185185185186,0.0,2.32559828018989,0.0,0.0,,
ASM,American Samoa,2008,82.873967,0.0,0.0,0.0,-2.65734265734265,0.0,-2.16041177422564,0.0,0.0,,
ASM,American Samoa,2009,83.0575788,0.0,0.0,0.0,-4.16666666666666,0.0,-3.6489098592902,0.0,0.0,,
ASM,American Samoa,2010,82.8784714,0.0,0.0,0.0,0.299850074962521,0.0,0.84468159199173,0.0,0.0,,
ASM,American Samoa,2011,82.7155864,0.0,0.0,0.0,0.0,0.0,0.606612624100549,0.0,0.0,,
ASM,American Samoa,2012,82.698392,0.0,0.0,0.0,-4.33482810164425,0.0,-3.62202258510453,0.0,0.0,,
ASM,American Samoa,2013,82.6458541,0.0,0.0,0.0,-2.5,0.0,-1.62801355404956,0.0,0.0,,
ASM,American Samoa,2014,87.4702977,0.0,0.0,0.0,1.76282051282051,0.0,2.79061243809868,0.0,0.0,,
ASM,American Samoa,2015,87.4300005,0.0,0.0,0.0,3.14960629921259,0.0,4.29662336687659,0.0,0.0,,
ASM,American Samoa,2016,87.3296631,0.0,0.0,0.0,-1.67938931297709,0.0,-0.488137584297121,0.0,0.0,,
ASM,American Samoa,2017,87.3419568,0.0,0.0,0.0,-6.98757763975155,0.0,-5.79936404816848,0.0,0.0,,
ASM,American Samoa,2018,87.4284341,0.0,0.0,0.0,2.6711185308848,0.0,4.03850712136055,0.0,0.0,,
ASM,American Samoa,2019,87.1971851,0.0,0.0,0.0,-0.487804878048777,0.0,0.897584681397618,0.0,0.0,,
ASM,American Samoa,2020,87.1872948,0.0,0.0,0.0,4.41176470588236,0.0,5.3517874262504,0.0,0.0,,
ASM,American Samoa,2021,87.148494,0.0,0.0,0.0,-0.782472613458523,0.0,0.297884820349225,0.0,0.0,,
AND,Andorra,2000,,,0.0,0.0,3.52836236122388,,3.56776571144128,,0.0,,
AND,Andorra,2001,,,0.0,0.0,8.11935772169949,,7.84516813384302,,0.0,,
AND,Andorra,2002,,,0.0,0.0,4.54636221364653,,3.51828473360374,,0.0,,
AND,Andorra,2003,,,0.0,0.0,8.69420371612468,,4.03270748560267,,0.0,,
AND,Andorra,2004,,,0.0,0.0,8.13567633837351,,1.09540001410325,,0.0,,
AND,Andorra,2005,,,0.0,0.0,5.39779598500422,,1.18302768739022,,0.0,,
AND,Andorra,2006,,,0.0,0.0,4.80868869916921,,1.95883002800001,,0.0,,
AND,Andorra,2007,,,0.0,0.0,1.55318814103222,,-1.2896115123411,,0.0,,
AND,Andorra,2008,,,0.0,0.0,-5.55918636850581,,-7.38929878788132,,0.0,,
AND,Andorra,2009,,,0.0,0.0,-5.30284654348291,,-5.74648545856505,,0.0,,
AND,Andorra,2010,,,0.0,0.0,-1.97495799965345,,1.88988084312282,,0.0,,
AND,Andorra,2011,,,0.0,0.0,-0.00806975341139093,,3.7495175357235,,0.0,,
AND,Andorra,2012,,,0.0,0.0,-4.97444371853503,,-3.80075429834201,,0.0,,
AND,Andorra,2013,,,0.0,0.0,-3.54759651549344,,-1.44394540350855,,0.0,,
AND,Andorra,2014,,,0.0,0.0,2.50446552114518,,4.52989381717444,,0.0,,
AND,Andorra,2015,,,0.0,0.0,1.43414039522716,,3.63079793724701,,0.0,,
AND,Andorra,2016,,,0.0,0.0,3.70967806978986,,3.69962046811506,,0.0,,
AND,Andorra,2017,,,0.0,0.0,0.346071889630295,,-1.80605703312767,,0.0,,
AND,Andorra,2018,,,0.0,0.0,1.58876549046354,,-0.30211930399588,,0.0,,
AND,Andorra,2019,,,0.0,0.0,2.01554763848308,,0.265352820614368,,0.0,,
AND,Andorra,2020,,,0.0,0.0,-11.1839399355384,,-12.2238384935431,,0.0,,
AND,Andorra,2021,,,0.0,0.0,8.28677879049404,,6.92704485233561,,0.0,,
AGO,Angola,2000,24.1204769,0.0,1.43272575752332,0.0,3.05462423452938,0.196300643661974,-0.302928309017702,57.5134839616206,59.1425103628059,11.9,51.9
AGO,Angola,2001,,0.0,1.41730580825922,0.0,4.20599855694861,0.210594107007388,0.769184669108554,42.5915766791073,44.219476594374,,
AGO,Angola,2002,34.8777514,0.0,0.990786339881705,0.0,13.6656887610553,0.131900390989224,9.85780236283283,31.7610292464785,32.8837159773494,,
AGO,Angola,2003,44.5305672,0.0,1.15531764804726,0.0,3.48731240097521,0.135113552616191,-0.0654379872422197,27.1162657537214,28.4066969543848,,
AGO,Angola,2004,46.0945227,0.0,0.684223942146475,0.0,11.4198633904585,0.123797564311738,7.48604694407922,32.9626955078503,33.7707170143085,,
AGO,Angola,2005,49.295015,0.0,0.502688173891943,0.0,14.1547775343954,0.0367077834483982,10.0673593264113,42.2206783158613,42.7600742732017,,
AGO,Angola,2006,54.4255762,0.0,0.394642221545691,0.0,11.8418178757042,0.0801485865290752,7.79557532887192,40.2786520912475,40.7534428993222,,
AGO,Angola,2007,53.1332233,0.0,0.407882075940256,0.0,13.0026889457976,0.075690352036519,8.85163544291423,45.3976036521592,45.881176080136,,
AGO,Angola,2008,57.8430134,0.0,0.402778953529197,0.0,10.7866360496581,0.0566358779076589,6.67888592419779,52.1013581243545,52.5607729557913,6.7,42.7
AGO,Angola,2009,56.8953125,0.0,0.471247130112202,0.0,1.99558909788963,0.0619194883478922,-1.80906009330889,29.7782995191992,30.3114661376593,,
AGO,Angola,2010,61.247033,0.0,0.390458468314882,0.0,5.29366572819954,0.0633424630809303,1.31579076620976,37.7085091832735,38.1623101146694,,
AGO,Angola,2011,57.4447644,0.0,0.333761077724256,0.0,3.59386960240222,0.0704815977652541,-0.356512141669299,38.6184358197859,39.0226784952754,,
AGO,Angola,2012,58.3535602,0.0,0.333477210675189,0.0,8.50312283866612,0.0646914683950498,4.37008778613288,34.3328389540912,34.7310076331615,,
AGO,Angola,2013,55.4732915,0.0,0.329562168994364,0.0,4.88306129688392,0.0689984474570451,0.921826358320473,29.0014846107501,29.4000452272015,,
AGO,Angola,2014,57.1993992,0.0,0.336742091365153,0.0,4.65572356315585,0.0508980853938274,0.821220988941135,21.736607448329,22.124247625088,,
AGO,Angola,2015,56.3440261,0.0,0.526504018437182,0.0,0.763177710914789,0.0604405605969015,-2.80470818378251,12.7187303090272,13.3056748880613,,
AGO,Angola,2016,58.4702515,0.0,0.977955118230998,0.0,-0.233076954805284,0.158766315983972,-3.73813083448252,19.7483988340046,20.8851202682195,,
AGO,Angola,2017,56.7179099,0.0,0.763161892985031,0.0,-0.164688656961076,0.476162010407452,-3.63762547583934,24.7110060055382,25.9503299089307,,
AGO,Angola,2018,58.96248,0.0,0.569460443966289,0.0,-0.506697543616156,0.74554243174425,-3.88378811597828,30.7304027285905,32.045405604301,16.3,51.3
AGO,Angola,2019,58.7080974,0.0,0.57894656754892,0.0,-1.05523414494337,0.814083850645771,-4.35122089958229,27.504828641196,28.8978590593907,,
AGO,Angola,2020,54.9149657,0.0,0.798947497084387,0.0,-5.27349128300007,0.876758383885871,-8.31907910122797,18.5719595053837,20.2476653863539,,
AGO,Angola,2021,52.3383191,0.0,0.68064589862518,0.0,1.09058369944815,1.01234906054638,-2.07481613044689,28.2744398825844,29.9674348417559,,
ATG,Antigua and Barbuda,2000,77.9438311,0.0,0.0,0.0,6.20355212555867,0.0,4.43708445751554,0.0,0.0,,
ATG,Antigua and Barbuda,2001,,0.0,0.0,0.0,-4.54810977120295,0.0,-5.99992111346744,0.0,0.0,,
ATG,Antigua and Barbuda,2002,77.9810314,0.0,0.0,0.0,1.02723486062159,0.0,-0.235736724833515,0.0,0.0,,
ATG,Antigua and Barbuda,2003,78.3223166,0.0,0.0,0.0,6.07663666406602,0.0,4.91622766558386,0.0,0.0,,
ATG,Antigua and Barbuda,2004,82.3920916,0.0,0.0,0.0,5.76710338270556,0.0,4.64519467801469,0.0,0.0,,
ATG,Antigua and Barbuda,2005,79.1970551,0.0,0.0,0.0,6.47368941781741,0.0,5.28070690333209,0.0,0.0,,
ATG,Antigua and Barbuda,2006,79.2395746,0.0,0.0,0.0,12.7081474873625,0.0,11.3196408319242,0.0,0.0,,
ATG,Antigua and Barbuda,2007,79.3097954,0.0,0.0,0.0,9.31518272315685,0.0,7.84344693304287,0.0,0.0,,
ATG,Antigua and Barbuda,2008,79.301147,0.0,0.0,0.0,-0.0140065981851762,0.0,-1.47076894898352,0.0,0.0,,
ATG,Antigua and Barbuda,2009,79.4029824,0.0,0.0,0.0,-11.9628794703471,0.0,-13.2817680568047,0.0,0.0,,
ATG,Antigua and Barbuda,2010,81.8787451,0.0,0.0,0.0,-7.84050683730972,0.0,-9.0794536101368,0.0,0.0,,
ATG,Antigua and Barbuda,2011,81.7884039,0.0,0.0,0.0,-1.95874262217572,0.0,-3.10800074739414,0.0,0.0,,
ATG,Antigua and Barbuda,2012,81.7788673,0.0,0.0,0.0,3.37314273947959,0.0,2.27378133147778,0.0,0.0,,
ATG,Antigua and Barbuda,2013,81.7497295,0.0,0.0,0.0,-0.600982329599361,0.0,-1.50846791062001,0.0,0.0,,
ATG,Antigua and Barbuda,2014,81.9376032,0.0,0.0,0.0,2.19829188738797,0.0,1.39120573166151,0.0,0.0,,
ATG,Antigua and Barbuda,2015,81.5439286,0.0,0.0,0.0,1.42161997595372,0.0,0.691094824520249,0.0,0.0,,
ATG,Antigua and Barbuda,2016,78.5409713,0.0,0.0,0.0,4.1203675438061,0.0,3.47228425039911,0.0,0.0,,
ATG,Antigua and Barbuda,2017,76.3931377,0.0,0.0,0.0,2.71272657973627,0.0,2.1461875762954,0.0,0.0,,
ATG,Antigua and Barbuda,2018,79.3888593,0.0,0.0,0.0,6.71200487159726,0.0,6.17448976886325,0.0,0.0,,
ATG,Antigua and Barbuda,2019,81.5566579,0.0,0.0,0.0,3.1722219373937,0.0,2.67761319425004,0.0,0.0,,
ATG,Antigua and Barbuda,2020,81.5492154,0.0,0.0,0.0,-18.8687765208148,0.0,-19.2945462845167,0.0,0.0,,
ATG,Antigua and Barbuda,2021,81.5200195,0.0,0.0,0.0,8.17286311186622,0.0,7.58367481372255,0.0,0.0,,
ARG,Argentina,2000,64.9216269,0.0,0.0400915626044695,0.00202036861517756,-0.78899893905691,0.282821013547511,-1.90684139222867,2.03921231896402,2.36414526373118,3.3,51.0
ARG,Argentina,2001,,0.000105262139048161,0.0391527058715377,0.00111911886452934,-4.40883968258557,0.29987415057312,-5.45263903304014,1.57828961704899,1.91854085449722,5.4,53.3
ARG,Argentina,2002,54.6425142,0.0,0.196348319907021,0.199715933167191,-10.8944848285903,0.646827117703421,-11.8423138177008,4.58801102253871,5.63090239331634,6.9,53.8
ARG,Argentina,2003,61.6145658,1.55229412714307e-08,0.143363238318986,0.189784357636658,8.83704079576924,0.415641192852899,7.71839038006088,3.79526357487009,4.54405237920157,3.0,51.0
ARG,Argentina,2004,60.2836786,0.000589833612996575,0.10675086525158,0.226514483940778,9.02957330068152,0.333214519684995,7.92951713016532,3.62815045579444,4.29522015828479,2.1,48.5
ARG,Argentina,2005,67.3157037,0.00014649815944316,0.0989381386746484,0.208636458798292,8.85165992013437,0.518722288899288,7.73898107569444,4.36083044381745,5.18727382834912,1.5,47.8
ARG,Argentina,2006,67.2858656,0.000493514077944306,0.100092589484241,0.550799857825752,8.04715150043027,0.633332833614627,6.94185160089025,4.49089064691066,5.77560944191323,1.2,46.4
ARG,Argentina,2007,69.3808931,0.00093828300809848,0.0952376049006657,0.431152490862906,9.00765087504757,0.605509596028324,7.93261011269163,3.70577772027876,4.83861569507875,1.0,46.3
ARG,Argentina,2008,66.0866672,0.00178004516890595,0.0869411331555462,0.308451843578567,4.05723310346406,0.513205960913271,3.00856892610517,4.03900096602208,4.94937994883837,0.9,45.0
ARG,Argentina,2009,62.7380535,0.000405148913247297,0.0990673892424989,0.299002837971809,-5.91852507634947,0.5753366974209,-6.9103121153056,2.12453488071178,3.09834695426024,0.8,43.8
ARG,Argentina,2010,64.2279773,0.000565427392479258,0.11906716574484,0.522757302492207,10.1253981561002,0.309484878442217,8.96819672899282,2.30522041977185,3.25709519384359,0.5,43.7
ARG,Argentina,2011,67.9502203,0.000916237380871877,0.085001252971464,0.516427776041125,6.00395169280579,0.538827310390617,4.88127252804149,2.74533146547491,3.88650404225898,0.4,42.7
ARG,Argentina,2012,67.2692554,0.000602582816122011,0.0925680732688514,0.43194166388869,-1.0264204544321,0.544036864497816,-2.0383253093713,2.55649872416885,3.62564790864033,0.4,41.4
ARG,Argentina,2013,66.4491046,0.000403415290181379,0.113735612627551,0.230446181526568,2.40532378079436,0.5571291088583,1.39351266056681,2.25387298647688,3.15558730477948,0.4,41.1
ARG,Argentina,2014,65.6687607,0.000240146435852241,0.0994732733400688,0.237871846918485,-2.51261532081394,0.535325276913858,-3.51326421042003,2.09270565105548,2.96561619466374,0.4,41.8
ARG,Argentina,2015,65.3668058,9.86419365883691e-05,0.0993779998941998,0.0765780091289773,2.73115982828944,0.246808228645021,1.66091253843923,0.693912054976671,1.11677493458146,,
ARG,Argentina,2016,69.1957678,8.00634259462361e-05,0.115269172803386,0.145541934044561,-2.08032784377811,0.119238339223091,-3.02450095578762,0.549552011638029,0.929681521135013,0.4,42.3
ARG,Argentina,2017,69.9838411,7.90800456830933e-05,0.121719644809335,0.103008865365039,2.81850297775918,0.132192711472979,1.91639608148853,0.663565866238942,1.02056616793198,0.4,41.4
ARG,Argentina,2018,67.9516636,0.000348869953405893,0.141933579237551,0.182567164137328,-2.61739646282038,0.401322114717452,-3.41553683867816,1.31095340723836,2.0371251352841,0.6,41.7
ARG,Argentina,2019,66.8707383,0.000523970165766831,0.164312356166249,0.187297066049264,-2.00086100285785,0.523559339823675,-2.69506723533574,1.29099565501431,2.16668838721926,0.6,43.3
ARG,Argentina,2020,66.8381534,9.62586968364024e-05,0.196741025437941,0.257461778111357,-9.9004848136464,0.298269697229754,-10.3361096878518,0.677055565819106,1.42962432529499,0.7,42.7
ARG,Argentina,2021,67.4693134,0.000157746419195732,0.138885076654013,0.580266654524776,10.4418119882506,0.389397123451652,10.1485599877349,1.54438228879011,2.65308888983975,0.6,42.4
ARM,Armenia,2000,51.7676826,0.0,0.0220968728557332,0.271357451879854,5.90000000312092,0.0,4.13075887426186,0.0,0.293454324735587,,
ARM,Armenia,2001,,0.0,0.0189809301890275,0.280957151718485,9.59999999927597,0.0,9.91735475361723,0.0,0.299938081907512,5.8,35.4
ARM,Armenia,2002,61.2990584,0.0,0.0205388804190758,0.570610604200193,13.1999999979356,0.0,13.6245265308361,0.0,0.591149484619269,4.3,34.8
ARM,Armenia,2003,66.8831156,0.0,0.0270693378278766,0.00616525937825295,14.0000000015501,0.0,14.6197014940959,0.0,0.0332345972061296,2.9,33.0
ARM,Armenia,2004,62.1107402,0.0,0.0217229048828517,0.0,10.4999999988202,0.0,11.1144901880771,0.0,0.0217229048828517,2.4,37.5
ARM,Armenia,2005,63.9139423,0.0,0.0102574769913297,0.0,13.8999999991133,0.0,14.5697018806234,0.0,0.0102574769913297,1.3,36.0
ARM,Armenia,2006,62.742575,0.0,0.0158025574327042,0.0,13.1999999994661,0.0,13.8986537041733,0.0,0.0158025574327042,0.8,29.7
ARM,Armenia,2007,68.9086074,0.0,0.00929597821347469,0.0,13.7000000015467,0.0,14.4208244850475,0.0,0.00929597821347469,0.7,31.2
ARM,Armenia,2008,63.4800457,0.0,0.21347522521498,0.0,6.90000000042959,0.0,7.60294775074826,0.0,0.21347522521498,0.4,29.2
ARM,Armenia,2009,68.4554069,0.0,0.341265924113438,0.0329940571447964,-14.1000000006998,0.0,-13.5088421403002,0.0,0.374259981258235,0.5,28.0
ARM,Armenia,2010,66.1868696,0.0,0.298060138765546,2.35660274177231,2.2000000002151,0.0,2.91158696816194,0.0,2.65466288053785,0.5,30.0
ARM,Armenia,2011,63.4595307,0.0,0.453641311083357,2.46981729034823,4.69999999867412,0.0,5.28437530828725,0.0,2.92345860143158,0.5,29.4
ARM,Armenia,2012,66.8552572,0.0,0.352992096680731,1.13714199278089,7.20000000096486,0.0,7.33470454115984,0.0,1.49013408946162,0.4,29.6
ARM,Armenia,2013,65.4130594,0.0,0.232663137616509,0.864490764141563,3.3,0.0,3.37178358702843,0.0,1.09715390175807,0.7,30.6
ARM,Armenia,2014,61.8660138,0.0,0.240876216409776,0.0660727004667361,3.60000000058993,0.0,3.88187670110254,0.0,0.306948916876512,0.6,31.5
ARM,Armenia,2015,63.5155345,0.0,0.264168427424323,0.495863085049133,3.19999999896625,0.0,3.51599547257022,0.0,0.760031512473456,0.5,32.4
ARM,Armenia,2016,59.239383,0.0,0.22181770783942,0.0,0.199999999825991,0.0,0.611877151180408,0.0,0.22181770783942,0.4,32.5
ARM,Armenia,2017,60.7427842,1.46665818859353e-06,0.245814381119762,0.0,7.50000000164144,0.0,7.96544606461424,0.0,0.245815847777951,0.4,33.6
ARM,Armenia,2018,65.8279441,2.43835282054823e-06,0.272305003062721,0.826353694969198,5.19999999965324,0.0,5.56850117850011,0.0,1.09866113638474,0.5,34.4
ARM,Armenia,2019,67.0622606,1.63312356514246e-06,0.253208975877378,1.94779106048196,7.59999999853918,0.0,7.83608438672164,0.0,2.20100166948291,0.4,30.0
ARM,Armenia,2020,60.8795173,1.48770502333102e-06,0.270231800388572,2.15167222262452,-7.19999999920631,0.0,-7.16866452731679,0.0,2.42190551071811,0.2,25.1
ARM,Armenia,2021,57.3211381,2.759777831075e-06,0.267728589079385,6.78656847475307,5.80000000065645,0.0,5.77142760758333,0.0,7.05429982361028,0.3,27.9
ABW,Aruba,2000,,0.0,0.000703282534499704,0.0,7.62292064930222,0.0,6.51922376579444,0.000959488886147264,0.00166277142064697,,
ABW,Aruba,2001,,0.0,0.000720947385099791,0.0,4.1820016304779,0.0,3.21240568796392,0.000698232167894007,0.0014191795529938,,
ABW,Aruba,2002,,0.0,0.000650305150083597,0.0,-0.944953481157384,0.0,-1.62809915245946,0.000720702919318894,0.00137100806940249,,
ABW,Aruba,2003,,0.0,0.000692126845962617,0.0,1.11050459944282,0.0,-0.0338394415310148,0.000760651086559827,0.00145277793252244,,
ABW,Aruba,2004,76.6423908,0.0,0.000677514710767039,0.0,7.29372807096192,0.0,5.02691151582482,0.000906166596082593,0.00158368130684963,,
ABW,Aruba,2005,89.1503055,0.0,0.000658705057494767,0.0,-0.383137672063768,0.0,-2.93082349408309,0.00131405293432615,0.00197275799182091,,
ABW,Aruba,2006,89.2011455,0.0,0.000923709722334835,0.0,1.12741146411624,0.0,-0.673257700327071,0.00152577280324417,0.002449482525579,,
ABW,Aruba,2007,89.2851015,0.0,0.000897224583517666,0.0,3.0895443848509,0.0,2.32267757939195,0.00153973985727839,0.00243696444079606,,
ABW,Aruba,2008,89.2747621,0.0,0.000916581631395387,0.0,1.83575517191368,0.0,1.06177235220186,0.00195640008459108,0.00287298171598646,,
ABW,Aruba,2009,88.5578609,0.0,0.000946921913336869,0.0,-11.6777413693852,0.0,-12.2749362798142,0.00109429704736333,0.0020412189607002,,
ABW,Aruba,2010,87.3500329,0.0,0.00230053107618072,0.0,-2.73345679250639,0.0,-2.95695264975568,0.00156960653691674,0.00387013761309746,,
ABW,Aruba,2011,87.2658497,0.0,0.0018828729498612,0.0,3.36923718421511,0.0,2.61052505937265,0.00192689765446378,0.00380977060432498,,
ABW,Aruba,2012,88.3722215,0.0,0.00191744955735366,0.0,-1.04079988436683,0.0,-2.4846479774957,0.00149030629815309,0.00340775585550675,,
ABW,Aruba,2013,88.3450703,0.0,0.00245165331607624,0.0,6.43146080719245,0.0,4.85525795729174,0.0,0.00245165331607624,,
ABW,Aruba,2014,86.5724939,0.0,0.00323517161852513,0.0,1.42609951155575,0.0,0.351129288189497,0.0,0.00323517161852513,,
ABW,Aruba,2015,86.551668,0.0,0.00238765944448716,0.0,3.61147906591042,0.0,2.556217861775,0.0,0.00238765944448716,,
ABW,Aruba,2016,86.49981,0.0,0.0033437423337293,0.0,1.23433537363427,0.0,0.469912651203259,0.0,0.0033437423337293,,
ABW,Aruba,2017,86.5061643,0.0,0.00282719063862959,0.0,3.49342985290626,0.0,3.48581549286742,0.0,0.00282719063862959,,
ABW,Aruba,2018,88.683848,0.0,0.00188469168678285,0.0,3.21247111920076,0.0,3.0485184481057,0.0,0.00188469168678285,,
ABW,Aruba,2019,88.6972605,0.0,0.00168011577104813,0.0,1.22914408896015,0.0,0.955684591453277,0.0,0.00168011577104813,,
ABW,Aruba,2020,88.6898932,0.0,0.00303719334778541,0.0,-23.9400592677491,0.0,-23.5085810660208,0.0,0.00303719334778541,,
ABW,Aruba,2021,88.6609843,0.0,0.0020661282461218,0.0,14.833691976226,0.0,15.779443924071,0.0,0.0020661282461218,,
AUS,Australia,2000,90.2977415,0.184104025753703,0.177575459447859,0.944083748919392,3.9160574881715,0.551817752368355,2.73354609011429,0.876745345389259,2.73432633187857,,
AUS,Australia,2001,,0.63498237850381,0.197341434480785,1.14917513979889,2.03145880248898,0.562124106792889,0.729781869182801,0.720452604163645,3.26407566374002,0.6,33.5
AUS,Australia,2002,84.6075923,0.402755328418002,0.190275473336757,1.02724969758044,3.94980535772942,0.488247924172099,2.7740361493122,0.803940893602656,2.91246931710995,,
AUS,Australia,2003,81.8304827,0.230063115657696,0.2102581861947,0.756897930134733,3.0912800997751,0.5084006809536,1.91232481392237,0.757626170343175,2.4632460832839,0.8,33.5
AUS,Australia,2004,81.3798633,0.933946347350269,0.116855911311814,0.902925008259013,4.21894147547516,0.448804277256907,3.11057041061613,0.73789012235773,3.14042166653573,0.5,33.1
AUS,Australia,2005,82.6647874,1.00528465592215,0.128976779474671,1.90313900134245,3.15548121323168,0.420182475428722,1.90739095765275,0.887355262985534,4.34493817515352,,
AUS,Australia,2006,83.1800573,1.07281199355498,0.14901224622926,2.80480565031535,2.7709261737475,0.399162747844491,1.39339848998918,0.865992075121712,5.29178471306579,,
AUS,Australia,2007,84.5486864,0.861705552072965,0.171404378471159,4.25348976645078,3.78947119882653,0.355799251990489,1.91249613831002,0.871982126285964,6.51438107527135,,
AUS,Australia,2008,84.8222414,2.95865213970117,0.174035554206942,4.12640450969226,3.62398503565633,0.331366192668345,1.56811983624921,0.935960985495543,8.52641938176426,0.4,35.4
AUS,Australia,2009,82.8749065,1.49919129745478,0.158883907753757,2.37629219907027,1.95484826298522,0.380336796941961,-0.124768741461196,0.553069182846371,4.96777338406714,,
AUS,Australia,2010,83.023981,2.01394646953452,0.131511794320502,4.85534836205351,2.21004795300735,0.358939187120881,0.632264496011231,0.706854443143111,8.06660025617252,0.3,34.7
AUS,Australia,2011,82.2069134,2.3534770034687,0.112896171457609,5.02848003545977,2.39473494330615,0.350838343671304,0.981771621515961,0.877828805391789,8.72352035944917,,
AUS,Australia,2012,82.7642194,1.19179744642538,0.090292499319131,3.0451724905842,3.95247138119184,0.291490714216486,2.15339832775771,0.679385653265247,5.29813880381044,,
AUS,Australia,2013,82.2301614,0.812671152247083,0.0842012432640887,3.55343966026024,2.65445302592404,0.331288181046131,0.902732553895234,0.538515503941203,5.32011574075874,,
AUS,Australia,2014,83.3110083,0.752873824759254,0.119339115845237,2.91578772030696,2.60118978187332,0.484066275281438,1.08218148890933,0.488872500922202,4.76093943711509,0.4,34.4
AUS,Australia,2015,79.6151444,0.467415278392218,0.115985892187767,1.85179092446636,2.16434780647852,0.604563395765041,0.704511799724457,0.197899254363141,3.23765474517452,,
AUS,Australia,2016,82.1915809,0.595294475037987,0.136536318126729,2.58843372469939,2.75564065529868,0.587554401448582,1.16312811538609,0.173168975942925,4.08098789525561,0.3,33.7
AUS,Australia,2017,79.2718127,0.778130785108022,0.194780470481253,3.18587488397102,2.29331030192918,0.710596127047236,0.62251098729871,0.198665473505862,5.06804774011339,,
AUS,Australia,2018,80.9961371,0.79660582885988,0.178301252410937,2.86105597221835,2.87417039499501,1.12681291351523,1.3466306507712,0.264744671813473,5.22752063881788,0.4,34.3
AUS,Australia,2019,80.3354191,0.691993900604111,0.171493969363667,3.31748180992128,2.19401703622717,1.33869213675891,0.695209563773375,0.229199447926395,5.74886126457436,,
AUS,Australia,2020,81.0276612,0.544915652209042,0.146270882481624,4.08804723201659,-0.133531904304775,1.20573602321749,-1.35774770320791,0.108188865636013,6.09315865556076,0.6,33.8
AUS,Australia,2021,80.4761134,0.786459619916648,0.123032396768265,10.4657754902913,2.00694844335034,1.71840640102869,1.86332687000336,0.264201375268924,13.3578752832739,,
AUT,Austria,2000,84.218019,0.000464061351706893,0.0651236639747512,0.00670765421289272,3.18952292988787,0.0213333873225911,2.94168464206538,0.0610377226881713,0.154666489550113,0.1,29.0
AUT,Austria,2001,,0.0015114146178692,0.0654924656936278,0.00479817426949512,1.31698749571339,0.0436415765473745,0.929888060915275,0.0440884027065614,0.159532033834928,,
AUT,Austria,2002,87.2940736,0.000549068760579831,0.0795664698612439,0.00393650657893622,1.48436877605324,0.0325849066521663,0.986311683800295,0.0420533656435616,0.158690317496488,,
AUT,Austria,2003,83.2144596,0.000387887474053995,0.0802294236283112,0.0018586610815492,1.14156504542775,0.0301419304528529,0.650068295894712,0.0392050238257237,0.151822926462491,0.3,29.5
AUT,Austria,2004,82.2026191,0.000657103641540715,0.0583246456297459,0.00195331095639147,2.56525534067859,0.0224294750284273,1.93089688878541,0.048536725746942,0.131901261003047,0.1,29.8
AUT,Austria,2005,84.1336035,0.0,0.0573129048511476,0.0134942473857179,2.32036514266782,0.0151465240868567,1.62565909591297,0.060495702750532,0.146449379074254,0.1,28.7
AUT,Austria,2006,84.0574947,0.0,0.070839342104381,0.0140032235645494,3.26933601506059,0.0351944312048777,2.75962370061296,0.0662743642127353,0.186311361086543,0.1,29.6
AUT,Austria,2007,88.4078947,0.0,0.0842451117033144,0.0335893715818356,3.77522468729185,0.0319127148875307,3.43938549159965,0.0586899562102081,0.208437154382889,0.3,30.6
AUT,Austria,2008,89.0714551,0.0,0.0871727827510356,0.0395731955644204,1.45330562142114,0.0429913930065737,1.13621131218787,0.0884445033789297,0.258181874700959,0.3,30.4
AUT,Austria,2009,87.9338889,0.0,0.0676794754169261,0.0109726740699417,-3.58626472551299,0.0355173563880205,-3.83849307623562,0.0534302351399535,0.167599741014842,0.5,31.5
AUT,Austria,2010,87.4201427,0.0,0.0773723681017506,0.0450193099135956,1.80898243043663,0.0339847636937159,1.56453337880819,0.0599149361185314,0.216291377827594,0.4,30.3
AUT,Austria,2011,86.7468885,0.0,0.075243064065297,0.048877479628096,2.92746800169145,0.0467239804320505,2.5811033185299,0.073845969443668,0.244690493569111,0.3,30.8
AUT,Austria,2012,88.1333917,0.0,0.0679891570146919,0.0307473608248429,0.628246239479637,0.055437461757175,0.170488694211613,0.0843342386593595,0.238508218256069,0.5,30.5
AUT,Austria,2013,87.880924,0.0,0.0684712317894555,0.0336027672129773,-0.250726423318454,0.0416512097457698,-0.836906795346636,0.0749501568832041,0.218675365631407,0.2,30.8
AUT,Austria,2014,88.7461087,0.0,0.0701527528524636,0.0184179467949886,0.755798850316665,0.0263618098266118,-0.0285805465757676,0.0769140310885635,0.191846540562628,0.2,30.5
AUT,Austria,2015,85.3497468,0.0,0.0698859054018485,0.00914672765296442,1.30352331826198,0.0216007474240721,0.174259722821304,0.0340776955534437,0.134711076032329,0.5,30.5
AUT,Austria,2016,81.1856062,0.0,0.0643917677163476,0.0117424269050884,2.11721964494312,0.011656370171843,1.01887723192984,0.0232518762283344,0.111042441021613,0.5,30.8
AUT,Austria,2017,81.7238355,0.0,0.0599693477007981,0.0153952766102023,2.27224992038207,0.0164285466528456,1.56430689663536,0.0301638333518207,0.121957004315667,0.2,29.7
AUT,Austria,2018,80.3126544,0.0,0.0782044589524903,0.0,2.48422114080024,0.0198917686011633,1.98626296400239,0.0426588456107289,0.140755073164382,0.5,30.8
AUT,Austria,2019,79.3514625,0.0,0.0605276373347633,0.0,1.75497619649288,0.0126697674134977,1.30350317565873,0.0368255085399603,0.110022913288221,0.5,30.2
AUT,Austria,2020,79.8779243,0.0,0.0483056211040267,0.0,-6.31825509209936,0.00526918629933914,-6.70639361073974,0.0172756920777442,0.07085049948111,0.6,29.8
AUT,Austria,2021,78.7803204,0.0,0.0559934904917667,0.0,4.92309171717903,0.0240584970736946,4.4669658436443,0.0378037868173202,0.117855774382781,0.4,30.7
AZE,Azerbaijan,2000,49.772415,0.0,0.0170616671855611,0.0,11.0999991434346,2.11438079766029,10.1910292674816,32.9457476254157,35.0771900902615,,
AZE,Azerbaijan,2001,,0.0,0.00262476058964741,0.0,9.89999986533643,4.20455862951384,9.05182203818752,23.7019953992356,27.9091787893391,2.4,36.5
AZE,Azerbaijan,2002,50.4673082,0.0,0.00951067491768561,0.000284928321572901,9.43891626906561,2.61682450573272,8.62535106573642,23.2537194764338,25.8803395854058,0.0,25.3
AZE,Azerbaijan,2003,49.0056544,0.0,0.0013457461241455,9.80049213706967e-05,10.2082994004776,2.43611048644021,9.37646036430615,23.6510138139512,26.088568051437,0.0,26.8
AZE,Azerbaijan,2004,46.680331,0.0,0.00127211191744937,0.00068230877073383,9.25380179728907,1.90809402810988,8.30153847939059,26.8343888172544,28.7444372660525,0.0,26.6
AZE,Azerbaijan,2005,46.2558618,0.0,0.000834748043422307,0.0011478644770012,27.9615381082131,1.14263840609091,26.6600947700296,37.4466296016638,38.5912506202751,0.0,26.6
AZE,Azerbaijan,2006,49.0412542,0.0,0.000648702119269231,0.00121163522688052,34.4662096226792,1.8870925892626,32.9970665765516,39.5813073807196,41.4702603073283,,
AZE,Azerbaijan,2007,55.8692259,0.0,0.000501898998420025,0.00323360202586949,25.4632157314482,2.27027277147196,24.0486787589595,36.8683513686981,39.1423596411944,,
AZE,Azerbaijan,2008,61.0964006,0.0,0.000384561346601049,0.0048382651286026,10.591437462476,3.53468638543854,8.29339095519384,39.5007730331452,43.040682245059,,
AZE,Azerbaijan,2009,59.8896812,0.0,0.000380189844354502,0.0128771526846619,9.36950260277183,2.94720896244255,7.12223856098808,26.6788300895754,29.639296394547,,
AZE,Azerbaijan,2010,60.5222095,0.0,0.000314206846589439,0.0949855549611138,4.78883248761557,2.27375001160716,3.54945543779385,25.5154476387508,27.8844974121657,,
AZE,Azerbaijan,2011,54.6702496,0.0,0.000317659661275408,0.11671954948609,-1.5729973511111,2.96365565662679,-2.84718268648209,29.7979549979878,32.878647863762,,
AZE,Azerbaijan,2012,54.2130281,0.0,0.000274692877254276,0.0878361305997428,2.20293891708398,3.10607700286362,0.85388594737168,25.8177819240506,29.0119697503912,,
AZE,Azerbaijan,2013,57.63093,0.0,0.00969253442568034,0.0579827506323953,5.84341590483928,2.88092982846284,4.48320316777964,22.5837832214089,25.5323883349298,,
AZE,Azerbaijan,2014,58.4884263,0.0,0.0102956108706718,0.0506031083752946,2.79758521448559,2.21091796655308,1.52243135535144,20.2463063109853,22.5181229967843,,
AZE,Azerbaijan,2015,57.4529943,0.0,0.0144864262404739,0.0731851344259292,1.04954641215085,2.28675308989615,-0.147024760133903,12.069575141696,14.4439997922585,,
AZE,Azerbaijan,2016,57.2793462,0.0,0.0170701421161304,0.109557378108189,-3.06359842251706,1.87620937481827,-4.14117487259738,12.7825654497772,14.7854023448198,,
AZE,Azerbaijan,2017,58.1114132,0.0,0.0192163302865103,0.309498967400041,0.153614661745507,2.22236696678728,-0.824348468311783,17.1235678602694,19.6746501247433,,
AZE,Azerbaijan,2018,59.8006383,0.0,0.0198834703278703,0.152776194655105,1.50040167167313,3.27586233997117,0.62488437469257,24.1724100094907,27.6209320144449,,
AZE,Azerbaijan,2019,60.1325696,0.0,0.0197662192686532,0.174093480274439,2.47980879185565,2.78333521411986,1.61582943287135,20.4577104992688,23.4349054129318,,
AZE,Azerbaijan,2020,57.2037516,0.0,0.02210025220178,0.240132614538044,-4.19896065333343,1.59281919627418,-4.85235140794201,11.1476827315754,13.0027347945894,,
AZE,Azerbaijan,2021,57.5444168,0.0,0.0187764098766762,0.349496289014784,5.61644027150554,8.58674677408325,5.15148935903709,20.983375083624,29.9383945565987,,
BHS,"Bahamas, The",2000,83.8862072,0.0,0.0065462344231874,0.0,4.14841930754267,0.0,2.79090551843051,0.0,0.0065462344231874,,
BHS,"Bahamas, The",2001,,0.0,0.00672552681484684,0.0,2.62600982683425,0.0,1.37353399953901,0.0,0.00672552681484684,,
BHS,"Bahamas, The",2002,79.9840403,0.0,0.00802761910159939,0.0,2.70495624731029,0.0,1.5348629318823,0.0,0.00802761910159939,,
BHS,"Bahamas, The",2003,78.6316576,0.0,0.00711913265164592,0.0,-1.26491667612372,0.0,-2.44284894921039,0.0,0.00711913265164592,,
BHS,"Bahamas, The",2004,77.6911378,0.0,0.00632085195324348,0.0,0.882373744518318,0.0,-0.353931310699963,0.0,0.00632085195324348,,
BHS,"Bahamas, The",2005,80.5665707,0.0,0.00625322241800192,0.0,3.39608420536011,0.0,2.1597593545269,0.0,0.00625322241800192,,
BHS,"Bahamas, The",2006,79.1543699,0.0,0.00740185924800783,0.0,2.51659221712706,0.0,1.197964733166,0.0,0.00740185924800783,,
BHS,"Bahamas, The",2007,77.5803124,0.0,0.00786416942490994,0.0,1.44609991235758,0.0,0.0223161568588637,0.0,0.00786416942490994,,
BHS,"Bahamas, The",2008,77.935198,0.0,0.00881508179515022,0.0,-2.32364807041851,0.0,-3.62901783567871,0.0,0.00881508179515022,,
BHS,"Bahamas, The",2009,80.2988593,0.0,0.00862539932676807,0.0,-4.17542805647342,0.0,-5.41414044702256,0.0,0.00862539932676807,,
BHS,"Bahamas, The",2010,81.5678651,0.0,0.015294777644818,0.0,1.53866248693835,0.0,0.248837037553542,0.0,0.015294777644818,,
BHS,"Bahamas, The",2011,82.5956018,0.0,0.0133672662693222,0.0,0.613170735890648,0.0,-0.537416355238307,0.0,0.0133672662693222,,
BHS,"Bahamas, The",2012,82.9628972,0.0,0.0123502671887337,0.0,4.52003886739061,0.0,3.47892776270808,0.0,0.0123502671887337,,
BHS,"Bahamas, The",2013,82.7534956,0.0,0.0157205965291449,0.0,-2.86320081549439,0.0,-3.756252482479,0.0,0.0157205965291449,,
BHS,"Bahamas, The",2014,79.9482492,0.0,0.0177506910216208,0.0,1.8469701294558,0.0,0.955837779605616,0.0,0.0177506910216208,,
BHS,"Bahamas, The",2015,78.5985876,0.0,0.0142629231307782,0.0,0.997411675486745,0.0,0.198544914739557,0.0,0.0142629231307782,,
BHS,"Bahamas, The",2016,79.516042,0.0,0.0174296477466322,0.0,-1.15650811269629,0.0,-1.84653148444181,0.0,0.0174296477466322,,
BHS,"Bahamas, The",2017,79.8785392,0.0,0.017196510578808,0.0,3.3713988456489,0.0,2.728115494957,0.0,0.017196510578808,,
BHS,"Bahamas, The",2018,78.0748811,0.0,0.0131261113776456,0.0,2.39795510823548,0.0,1.8159781736959,0.0,0.0131261113776456,,
BHS,"Bahamas, The",2019,77.7277659,0.0,0.0121899442192584,0.0,-0.838585871193203,0.0,-1.33052999956263,0.0,0.0121899442192584,,
BHS,"Bahamas, The",2020,78.0795854,0.0,0.0192026251424872,0.0,-20.0893664891399,0.0,-20.3291813559269,0.0,0.0192026251424872,,
BHS,"Bahamas, The",2021,78.5934221,0.0,0.0147540061086709,0.0,17.5861390037409,0.0,17.434844816468,0.0,0.0147540061086709,,
BHR,Bahrain,2000,68.023227,0.0,0.000442855315192514,0.0,5.30006940305884,3.90509019196928,2.55964691370853,18.711078045797,22.6166110930815,,
BHR,Bahrain,2001,,0.0,0.000505079423324783,0.0,2.49094875338352,4.59852838532505,-1.18735356761402,15.0074471454831,19.6064806102315,,
BHR,Bahrain,2002,74.0897249,0.0,0.000532577888038065,0.0,3.34855067103268,3.81848759632743,-3.81287513307996,14.4906538546743,18.3096740288898,,
BHR,Bahrain,2003,71.7433502,0.0,0.000665346541263164,0.0,6.29644129075703,3.26282991909153,-1.20657192911173,14.9880274040125,18.2515226696453,,
BHR,Bahrain,2004,68.471918,0.0,0.000551500524971027,0.0,6.98096175867695,2.89392654797881,-0.710582645687865,16.6530213443367,19.5474993928405,,
BHR,Bahrain,2005,65.0129793,0.0,0.000454422645838435,0.0,6.76899737789502,3.45660209335522,-1.04880316974081,20.0931217396654,23.5501782556664,,
BHR,Bahrain,2006,61.190317,0.0,0.000483780292060308,0.0,6.4669995195042,3.564943452881,-1.47038032480991,20.3670614713082,23.9324887044813,,
BHR,Bahrain,2007,62.8149992,0.0,0.000383866541219307,0.0,8.29396129093843,3.2849174428085,0.0756469326690166,18.9906048191926,22.2759061285424,,
BHR,Bahrain,2008,62.209313,0.0,0.000574615470953249,0.0,6.24501094995797,3.13396671097874,0.0637144631576234,21.6815768768211,24.8161182032708,,
BHR,Bahrain,2009,62.4608345,0.0,0.00063279949110264,0.0,2.53988570158225,3.64045864499061,-3.97919772562874,14.4351176966592,18.0762091411409,,
BHR,Bahrain,2010,53.3027001,0.0,0.00068160742203284,0.0,4.3342989754845,3.1458020023521,0.0771669589062469,17.3156329535965,20.4621165633706,,
BHR,Bahrain,2011,45.7803528,0.0,0.000706833310642268,0.0,1.92815791170796,3.59618035200711,4.78747209697194,23.3980559518896,26.9949431372074,,
BHR,Bahrain,2012,48.2073407,0.0,0.000767251632100768,0.0,3.80302899043062,3.48743064000799,2.60578123430011,20.0940234657871,23.5822213574272,,
BHR,Bahrain,2013,43.8240398,0.0,0.000607643154951748,0.0,5.29262224906203,3.66701220157543,1.5766868455926,20.8660137007827,24.5336335455131,,
BHR,Bahrain,2014,48.0587666,0.0,0.000959079132702319,0.0,4.30885692657077,3.53944248592437,-0.560855463138182,18.8709266924557,22.4113282575127,,
BHR,Bahrain,2015,49.5227401,0.0,0.000945604812946188,0.0,2.50787205267615,2.8089852552925,-1.66329278716239,9.82474436918962,12.6346752292951,,
BHR,Bahrain,2016,50.3534303,0.0,0.000713857328154935,0.0,3.81499327422425,2.01829730710093,-0.0791098754103388,7.62960432748572,9.6486154919148,,
BHR,Bahrain,2017,48.6996051,0.0,0.00080960263290204,0.0,4.95383534123657,2.22156526267298,-0.457057166110175,8.93795259727704,11.1603274625829,,
BHR,Bahrain,2018,51.0725144,0.0,0.000390238792353094,0.0,2.05258864979861,3.36088505657664,1.91849572888873,11.3900811220261,14.7513564173951,,
BHR,Bahrain,2019,55.5880047,0.0,0.000518889697154514,0.0,2.05287774418655,3.51507642806904,3.38274086937953,9.8481886760226,13.3637839937888,,
BHR,Bahrain,2020,55.7056542,0.0,0.000533262981122498,0.0,-5.9113629524152,4.00801892013274,-5.17307400932464,6.69558923237194,10.7041414154858,,
BHR,Bahrain,2021,57.2832784,0.0,0.000447569928255993,0.0,4.35004091668986,5.70191051100315,2.11919822497499,10.9376756365994,16.6400337175308,,
BGD,Bangladesh,2000,52.0145168,0.0,0.200996167711684,0.0,5.29329471892532,0.687350827946421,3.38671358983686,0.0353231482134216,0.923670143871526,10.3,33.4
BGD,Bangladesh,2001,,0.0,0.197175439194461,0.0,5.07728777526728,0.699483029772388,3.34027882244948,0.0543710423247111,0.95102951129156,,
BGD,Bangladesh,2002,44.6286925,0.0,0.187278264764111,0.0,3.83312393993225,0.885287428354618,2.24286058481829,0.0837501114858241,1.15631580460455,,
BGD,Bangladesh,2003,44.8447798,0.0,0.193756109351812,0.0,4.73956739963045,0.90807195473038,3.22632477639362,0.0708422538942109,1.1726703179764,,
BGD,Bangladesh,2004,43.1999208,0.0,0.180175646466173,0.0,5.23953291029852,0.981489496063701,3.81635685042457,0.0886657388470392,1.25033088137691,,
BGD,Bangladesh,2005,35.2991033,0.00691360941835017,0.165837799134415,0.0,6.53594493875502,1.16332572452017,5.20131368672413,0.0854314760057084,1.42150860907864,6.9,33.2
BGD,Bangladesh,2006,37.4647957,0.0124673577202567,0.221445704998646,0.0,6.67190498576788,1.28689068571642,5.4404288145588104,0.101110752410513,1.62191450084584,,
BGD,Bangladesh,2007,39.1176899,0.0199079952644518,0.330018884324605,0.0,7.05859935449848,0.783588562995689,5.91320275589507,0.146631401064833,1.28014684364958,,
BGD,Bangladesh,2008,40.6774757,0.0636567644064419,0.262248396313174,0.0,6.01378975738535,0.712400705627762,4.96057170242533,0.207602557921387,1.24590842426876,,
BGD,Bangladesh,2009,40.0921132,0.0333654229570058,0.226700859453656,0.0,5.04512479919337,0.851690938338084,4.07076421640669,0.0809215445999961,1.19267876534874,,
BGD,Bangladesh,2010,41.2324706,0.0375672237551005,0.369496255423481,0.0,5.57178818533122,0.898444843866627,4.65046297355514,0.110401376114165,1.41590969915937,5.1,32.1
BGD,Bangladesh,2011,41.0501211,0.0395969861926023,0.350365162483514,0.0,6.46437912497728,1.05122540837567,5.501503282369,0.148237511200664,1.58942506825245,,
BGD,Bangladesh,2012,40.8009467,0.0341521338114773,0.288853747730589,0.0,6.52145877906443,1.0663245644488,5.50548020192592,0.165239328703379,1.55456977469424,,
BGD,Bangladesh,2013,35.6292308,0.0260913874063632,0.207728540658245,0.0,6.01360565834344,0.781316379861342,5.02341839695075,0.136547577119521,1.15168388504547,,
BGD,Bangladesh,2014,47.94144,0.0214685808700036,0.192700746584996,0.0,6.0610593588495,0.737053259632387,5.09905460197942,0.0959581611484122,1.0471807482358,,
BGD,Bangladesh,2015,43.1479364,0.0105820886256824,0.209472520845759,0.0,6.55263987816197,0.628140947294092,5.60449539732434,0.0516183234195442,0.899813880185078,,
BGD,Bangladesh,2016,42.9773902,0.0132346228332281,0.180782183701494,0.0,7.11347821270093,0.490629924530705,6.16181560014782,0.0314940256004778,0.716140756665905,3.8,32.4
BGD,Bangladesh,2017,43.1937902,0.0181189029918176,0.137099067506713,0.0,6.59024999794057,0.509162512083424,5.68710307010265,0.0460395273977644,0.710420009979719,,
BGD,Bangladesh,2018,48.3828183,0.0155150936968582,0.0706373378641455,0.0,7.31941263014136,0.501783630475608,6.44197494702485,0.0613027609024662,0.649238822939078,,
BGD,Bangladesh,2019,48.8682227,0.00907068775272057,0.0714876461924781,0.0,7.88191515117722,0.516998313075893,6.97264399779152,0.0401609167939213,0.637717563815013,,
BGD,Bangladesh,2020,48.5534122,0.00725364048807305,0.0801273811567769,0.0,3.44801755122445,0.457007845879687,2.58647816564581,0.0164788319009585,0.560867699425496,,
BGD,Bangladesh,2021,47.8980425,0.0132526717304666,0.0751845026992809,0.0,6.93867912442445,0.490054814572216,6.07069417020969,0.0315771885826906,0.610069177584654,,
BRB,Barbados,2000,80.9974131,0.0,0.0047336582060701,0.0,4.44718949183194,0.00896097891575056,4.62813462345788,0.366975715871392,0.380670352993213,,
BRB,Barbados,2001,,0.0,0.00498886955844384,0.0,-2.36546415544167,0.00734113104144535,-2.50014530996479,0.233968575112161,0.246298575712051,,
BRB,Barbados,2002,81.022863,0.0,0.0053931188861476,0.0,0.787401645449506,0.00473724254174462,0.129979696257749,0.233345874765377,0.243476236193269,,
BRB,Barbados,2003,79.0177547,0.0,0.00574792383356973,0.0,2.175481019956,0.00275362891992784,1.54960929677372,0.216001790781783,0.22450334353528,,
BRB,Barbados,2004,82.2272507,0.0,0.00504109875092721,0.0,1.411597864066,0.00300567745635726,0.834158257525331,0.231208899358295,0.23925567556558,,
BRB,Barbados,2005,84.2718329,0.0,0.00558566493870376,0.0,3.95545709487497,0.00625743713937694,3.41073802053506,0.344768895111478,0.356611997189558,,
BRB,Barbados,2006,81.8993301,0.0,0.00728357641092893,0.0,6.07054679359618,0.00857159576539462,5.56141194035619,0.381788552150649,0.397643724326972,,
BRB,Barbados,2007,84.4748768,0.0,0.00802297927293625,0.0,2.07918360507011,0.00988158673358167,1.59529257370816,0.337029001675535,0.354933567682052,,
BRB,Barbados,2008,85.7276687,0.0,0.0091027491038749,0.0,0.633460425791839,0.0104550387415471,0.107255997096644,0.381152347371583,0.400710135217005,,
BRB,Barbados,2009,87.7570448,0.0,0.00981050775506665,0.0,-5.01727544996282,0.0125651343981811,-5.50548934989462,0.195379735576456,0.217755377729703,,
BRB,Barbados,2010,86.0826192,0.0,0.013925409947231,0.0,-8.08072121134387,0.00822346267269738,-8.4547528569926,0.274995862501036,0.297144735120965,,
BRB,Barbados,2011,85.9478163,0.0,0.0129284343106735,0.0,-0.074211165126286,0.0188275988568033,-0.398444637384998,0.44650222837092,0.478258261538397,,
BRB,Barbados,2012,86.9858703,0.0,0.0128037195471823,0.0,-2.85797051387257,0.020460383695257,-3.13823714957955,0.421754818765643,0.455018922008083,,
BRB,Barbados,2013,86.6702997,0.0,0.0143277426548344,0.0,0.195322007310409,0.023677064362805,-0.0670156985556787,0.345790863079305,0.383795670096944,,
BRB,Barbados,2014,88.7531327,0.0,0.0139118406793979,0.0,0.807325350394564,0.020579813277069,0.559968073840309,0.293287641580527,0.327779295536994,,
BRB,Barbados,2015,85.1804032,0.0,0.0140183098105478,0.0,-0.772620078410995,0.0100989510271568,-1.00095793249055,0.105085270554838,0.129202531392543,,
BRB,Barbados,2016,80.2380693,0.0,0.0144344491959632,0.0,1.41632446821541,0.00361863502215179,1.19578953850676,0.0786113955245193,0.0966644797426343,0.9,34.1
BRB,Barbados,2017,80.2427753,0.0,0.0142190107395456,0.0,0.654655602860373,0.00410479395596152,0.448798759502438,0.113958458217943,0.13228226291345,,
BRB,Barbados,2018,79.5644616,0.0,0.0136371161337672,0.0,-0.252085325827849,0.0073250257189182,-0.443969056511889,0.193101287398602,0.214063429251287,,
BRB,Barbados,2019,82.5642331,0.0,0.0110390148517489,0.0,0.241099789148677,0.00819049958881362,0.0642920087754248,0.211318147181856,0.230547661622418,,
BRB,Barbados,2020,84.1385913,0.0,0.0140034293817915,0.0,-17.4059314651747,0.00586257488062622,-17.5498930398064,0.118477272101359,0.138343276363777,,
BRB,Barbados,2021,84.4205316,0.0,0.0118265512664033,0.0,8.0198770096479,0.00721641774510882,7.84797752187261,0.309362900191603,0.328405869203115,,
BLR,Belarus,2000,70.401312,0.0,0.717797499737714,0.0,5.80000327485702,0.03933433969695,6.29963628199231,1.78844487580508,2.54557671523974,7.4,31.2
BLR,Belarus,2001,,0.0,0.710460753890118,0.0,4.72530605111095,0.0861676897416726,5.26389218814623,1.34865249857526,2.14528094220705,3.6,30.6
BLR,Belarus,2002,71.6950759,0.0,0.580866051623182,0.0,5.04526758311702,0.0526260096442433,5.71608251433059,1.17776447049082,1.81125653175824,2.5,30.3
BLR,Belarus,2003,78.2534316,0.0,0.584914959669557,0.0,7.04319246586394,0.0487649039711523,7.79491781867831,1.13171633278447,1.76539619642518,2.0,28.8
BLR,Belarus,2004,66.1808363,0.0,0.584867075560995,0.0,11.4497432088167,0.0319836035451253,12.2126184264071,1.1746798782904,1.79153055739652,0.8,26.5
BLR,Belarus,2005,71.672412,0.0,0.467646518806334,0.0,9.40000151584914,0.0193793483029706,10.1497671646981,1.28297270844558,1.76999857555488,0.5,27.6
BLR,Belarus,2006,68.9513011,0.0,0.433854409375931,0.0,9.99999473022963,0.033388719470755,10.6755867171242,1.21065194701197,1.67789507585865,0.2,28.3
BLR,Belarus,2007,71.421362,0.0,0.437201412913295,0.0,8.60000659811426,0.0249467887705305,9.09946004068696,1.09295340297526,1.55510160465908,0.2,29.6
BLR,Belarus,2008,73.4739606,0.0,0.370721692615958,0.0,10.1999994860937,0.0333050210480071,10.581305038428,1.1998245861583,1.60385129982227,0.1,27.8
BLR,Belarus,2009,71.9312649,0.0,0.382227279696342,0.0,0.199995231733979,0.0285917873832907,0.446705717445226,0.730286719935005,1.14110578701464,0.1,27.7
BLR,Belarus,2010,64.437893,0.0,0.418344087739127,0.0,7.75001707500896,0.0224285467978157,7.98573283435519,0.772806204282758,1.2135788388197,0.0,28.6
BLR,Belarus,2011,64.4963036,0.0,0.448593122441554,0.0,5.54997471638077,0.0346631203472808,5.7975501732946,1.17084554095057,1.6541017837394,0.0,27.2
BLR,Belarus,2012,65.9563004,0.0,0.650407393384968,0.0,1.70785253368828,0.0327663731609392,1.86726973670382,1.04464650090861,1.72782026745452,0.0,26.5
BLR,Belarus,2013,66.1967581,0.0,0.572086723622567,0.0,0.998719299661161,0.0314435283411334,1.03749004802856,0.832270804096301,1.43580105606,0.0,26.6
BLR,Belarus,2014,68.2003666,0.0,0.570814572907229,0.0,1.65112470228097,0.0190292191065204,1.59406202466224,0.734771849347757,1.32461564136151,0.0,27.2
BLR,Belarus,2015,67.8851086,0.0,0.70896089661581,0.0,-3.82957056812593,0.0205835331969136,-3.9572512636508,0.439126030844868,1.16867046065759,0.0,25.6
BLR,Belarus,2016,69.3580687,0.0,0.842239877079599,0.0,-2.5264464460425,0.0138373161215679,-2.61191381567238,0.386692377932086,1.24276957113325,0.0,25.3
BLR,Belarus,2017,66.3479286,0.0,1.04002673922668,0.0,2.53218349471909,0.0149563221222871,2.64480751685403,0.509192771843037,1.56417583319201,0.0,25.4
BLR,Belarus,2018,70.4663947,0.0,1.14402160905757,0.0,3.14919758275296,0.0224386419719246,3.36999150781449,0.81482381135107,1.98128406238056,0.0,25.2
BLR,Belarus,2019,73.1679864,0.0,1.00289755773858,0.0,1.44645548204305,0.0145331848819673,1.6513675093432,0.652174604477283,1.66960534709783,0.0,25.3
BLR,Belarus,2020,51.9165453,0.0,1.14810652957222,0.0,-0.672742918585868,0.00744687391133359,-0.251224685296094,0.36508491305747,1.52063831654103,0.0,24.4
BLR,Belarus,2021,55.3657663,0.0,1.00983526941144,0.0,2.43886210234947,0.0393613113787622,3.29081749370279,0.81410582144289,1.86330240223309,,
BEL,Belgium,2000,85.9204533,0.0,0.024592181982569,0.0,3.71670510672588,2.36893974858375e-05,3.46547823151502,0.0,0.0246158713800549,0.3,33.1
BEL,Belgium,2001,,0.0,0.0209970416496101,0.0,1.09960362419645,0.0,0.752467698420773,0.0,0.0209970416496101,,
BEL,Belgium,2002,85.2632165,0.0,0.0236396361540334,0.0,1.70689430349601,0.0,1.25199428184297,0.0,0.0236396361540334,,
BEL,Belgium,2003,80.7966086,0.0,0.0216927905709472,0.0,1.03795518162204,0.0,0.615852527269695,0.0,0.0216927905709472,0.2,28.1
BEL,Belgium,2004,77.4790373,0.0,0.0158636559921044,0.0,3.57120671942319,0.0,3.1239312841995,0.0,0.0158636559921044,0.0,30.5
BEL,Belgium,2005,79.8508534,0.0,0.0156710093876189,0.0,2.32173792911834,0.0,1.76045646457337,5.74329868610464e-05,0.0157284423744799,0.1,29.3
BEL,Belgium,2006,80.0320806,0.0,0.0177470443086643,0.0,2.55234087322462,0.0,1.87817418916214,0.00153504351379629,0.0192820878224606,0.1,28.1
BEL,Belgium,2007,80.4768547,0.0,0.0190730940958636,0.0,3.67692462515802,0.0,2.91838151983706,0.0,0.0190730940958636,0.1,29.2
BEL,Belgium,2008,78.0489444,0.0,0.0183626272056819,0.0,0.446905130727231,0.0,-0.343476136908251,0.0,0.0183626272056819,0.1,28.4
BEL,Belgium,2009,82.3636883,0.0,0.0173168270083258,0.0,-1.90644105515335,0.0,-2.69253471722568,0.0,0.0173168270083258,0.1,28.6
BEL,Belgium,2010,81.5488123,0.0,0.0192857936095954,0.0,2.71031150254662,0.0,1.77618341639121,0.0276859283389536,0.046971721948549,0.1,28.4
BEL,Belgium,2011,81.7843778,0.0,0.0192847612851918,0.0,1.93115502411325,0.0,0.613616927857308,0.0465608455427308,0.0658456068279226,0.1,28.1
BEL,Belgium,2012,82.0362545,0.0,0.0186402448918268,0.0,0.215803612089744,0.0,-0.403775116080638,0.0447323666928789,0.0633726115847057,0.1,27.5
BEL,Belgium,2013,82.1028899,0.0,0.019349242778331,0.0,0.305494549070232,0.0,-0.166173060728624,0.0397728832079876,0.0591221259863187,0.1,27.7
BEL,Belgium,2014,79.330541,0.0,0.0199877335135329,0.0,1.76554038149924,0.0,1.31477462306464,0.048118822461714,0.0681065559752469,0.1,28.1
BEL,Belgium,2015,77.1370022,0.0,0.0195238389999511,0.0,1.47416433731927,0.0,0.887876358046185,0.0157279649794816,0.0352518039794327,0.1,27.7
BEL,Belgium,2016,74.2033432,0.0,0.018810184249133,0.0,1.19350273007754,0.0,0.682454832714654,0.0115678220486407,0.0303780062977737,0.1,27.6
BEL,Belgium,2017,72.1250812,0.0,0.0166337659117625,0.0,1.47446761556785,0.0,1.08431151262542,0.0205164347675808,0.0371502006793434,0.1,27.4
BEL,Belgium,2018,73.1489848,0.0,0.0192310052377608,0.0,1.87796847383565,0.0,1.41528937457539,0.029217776231573,0.0484487814693338,0.1,27.2
BEL,Belgium,2019,72.3410456,0.0,0.0150775137305335,0.0,2.4428900448156,3.98584889407065e-05,1.89071932044187,0.0271254076077426,0.0422427798272169,0.1,27.2
BEL,Belgium,2020,72.1913766,0.0,0.0136986053757482,0.0,-4.7929839083518,3.13349862684409e-05,-5.20244011003201,0.0147576977551149,0.0284876381171316,0.0,26.0
BEL,Belgium,2021,73.7846749,0.0,0.0134810818415549,0.0,6.25445686466593,0.000136779184332235,5.8180102265206,0.0312735679835233,0.0448914290094104,0.0,26.6
BLZ,Belize,2000,67.5538332,0.0,0.204430865683504,0.00121728831019178,12.2406120663359,0.0,8.63286312471467,0.0,0.205648153993696,,
BLZ,Belize,2001,,0.0,0.204787677082691,6.83778575389436e-05,4.99356206143864,0.0,1.78938135201594,0.0,0.204856054940229,,
BLZ,Belize,2002,71.7134625,0.0,0.214397532559509,0.000127978934701093,5.39907320663811,0.0,2.25779720240918,0.0,0.214525511494211,,
BLZ,Belize,2003,72.1907959,0.0,0.209318770937123,0.000243124192989949,9.66522679614125,0.0,6.43447208603128,0.0,0.209561895130113,,
BLZ,Belize,2004,70.8619157,0.0,0.185339714258494,0.0,4.78066505273344,0.0,1.73082295725253,0.0,0.185339714258494,,
BLZ,Belize,2005,66.9888627,0.0,0.186389289180158,0.0,2.2191905367057,0.0,-0.719879317857163,0.0302356662908637,0.216624955471021,,
BLZ,Belize,2006,67.3307748,0.0,0.179549985829825,0.00343960264927482,4.51145460193301,0.0,1.55376134075311,2.1564696584244,2.3394592469035,,
BLZ,Belize,2007,68.6550361,0.0,0.214870470040539,0.00337912128061899,3.33939738340764,0.0,0.469905572241231,2.82529999150958,3.04354958283073,,
BLZ,Belize,2008,68.3482745,0.0,0.236465019338353,0.00405781354043484,-1.62747776449082,0.0,-4.29751566746636,4.54726478814353,4.78778762102232,,
BLZ,Belize,2009,65.7147205,0.0,0.234952419990504,0.00484743829496492,-0.446709636828217,0.0,-3.07491344525414,2.97041788271908,3.21021774100455,,
BLZ,Belize,2010,66.2681404,0.0,0.39246973566234,0.0,1.41741099233461,0.0124065859554827,-0.999227091889964,3.81365912702217,4.21853544863999,,
BLZ,Belize,2011,67.4491076,0.0,0.339164546399657,0.0,-0.13007112300869,0.0203645268625787,-2.28218512422295,5.39177359139515,5.75130266465738,,
BLZ,Belize,2012,67.4417369,0.0,0.317526351165503,0.0,3.94389321816617,0.0153731327815479,1.73206971753382,3.61620294980385,3.9491024337509,,
BLZ,Belize,2013,67.4192182,0.0,0.363793127243252,0.0,4.06646561608865,0.00591909443495492,1.86924052413502,2.37815923726399,2.7478714589422,,
BLZ,Belize,2014,66.4493403,0.0,0.385133042317329,0.0,3.89226067249989,0.00728046032130858,1.71986752597024,1.66821698471204,2.06063048735068,,
BLZ,Belize,2015,66.4328634,0.0,0.327114397901911,0.0,2.7602602736023,0.0037060105918705,0.623344723744751,0.50187422826991,0.832694636763692,,
BLZ,Belize,2016,66.3581587,0.0,0.382153916576116,0.0,-0.0187414958130319,0.00155713039584368,-2.31386521552362,0.324173047828252,0.707884094800211,,
BLZ,Belize,2017,66.3634062,0.0,0.355883928360172,0.0,-1.83323729057784,0.00159392128370483,-4.06828153670182,0.383066806127611,0.740544655771488,,
BLZ,Belize,2018,66.4003212,0.0,0.29146365619265,0.0,0.822068592512508,0.00306198813875167,-1.04044004654376,0.502364606863084,0.796890251194486,0.2,39.9
BLZ,Belize,2019,68.1731163,0.0,0.245734013114686,0.0,4.25658710030072,0.00247122713963401,2.74257530356437,0.336504088611723,0.584709328866043,,
BLZ,Belize,2020,76.1889426,0.0,0.342053635759296,0.0,-13.5228997055506,0.00122004390763011,-14.6255152617956,0.135640326595164,0.478914006262091,,
BLZ,Belize,2021,71.9904014,0.0,0.241103335046054,0.0,17.9899244143607,0.00165124541611378,16.6367646067625,0.280281956428533,0.523036536890701,,
BEN,Benin,2000,76.4260506,0.0,3.26095148548745,0.0,5.85771420543269,0.0,2.65043149973154,,3.26095148548745,,
BEN,Benin,2001,,0.0,3.08394730354894,0.000882020376149681,5.33313570603937,0.0,2.16452439056758,,3.08482932392509,,
BEN,Benin,2002,76.469197,0.0,3.30157148281624,0.00123780805294916,4.64303087074482,0.0,1.50964025698303,,3.30280929086919,,
BEN,Benin,2003,75.7567883,0.0,4.13975521375429,0.000492248080616823,3.44357677591658,0.0,0.336976510869505,,4.14024746183491,29.1,38.6
BEN,Benin,2004,68.9150967,0.0,3.12502077109554,0.000407521404380382,4.42968455385082,0.0,1.28077994352564,0.0,3.12542829249992,,
BEN,Benin,2005,73.8286788,0.0,3.07174993664387,0.000594103286320443,1.71316456361184,0.0,-1.51043339492205,0.0,3.07234403993019,,
BEN,Benin,2006,76.2473651,0.0,3.04690163342424,0.00186045998816038,3.94373882815798,0.0,0.750089697773319,0.0,3.0487620934124,,
BEN,Benin,2007,73.674572,0.0,3.62546764240471,0.00144740391759153,5.98634932177609,0.0,2.9001757042866,0.0,3.6269150463223,,
BEN,Benin,2008,74.0431878,0.0,3.64708715357606,0.00166749337302723,4.89657708429647,0.0,1.77647069609412,0.0,3.64875464694908,,
BEN,Benin,2009,73.0691693,0.0,3.7009436754826,0.00197465260379905,2.31929213912838,0.0,-0.703743155603306,0.0,3.7029183280864,,
BEN,Benin,2010,71.2410896,0.0,3.4197276134292,0.00260232665255709,2.11406472648392,0.0,-0.888244805144353,0.0,3.42232994008176,,
BEN,Benin,2011,71.7785024,0.0,3.47508303121539,0.00384931312798048,2.96375291904201,0.0,-0.0571230167535077,0.0,3.47893234434337,30.3,43.4
BEN,Benin,2012,71.9143063,0.0,3.9181716324023,0.00345672573555024,4.811223315688,0.0,1.74647753021327,0.0,3.92162835813785,,
BEN,Benin,2013,71.5550204,0.0,3.55909250254164,0.00207335421990244,7.19143372144946,0.0,4.076668026964,0.0,3.56116585676154,,
BEN,Benin,2014,68.2365557,0.0,3.70301975632305,0.00159576738192757,6.35767909791932,0.0,3.26077217060734,0.0,3.70461552370497,,
BEN,Benin,2015,67.9015838,0.0,4.24692848396006,0.0,1.77815106030278,0.0,-1.18432043750336,0.0533746520369224,4.30030313599698,31.9,47.6
BEN,Benin,2016,70.0281952,0.0,4.40224511342138,0.0,3.33967342629693,0.0,0.361166139903119,0.0514773561767198,4.4537224695981,,
BEN,Benin,2017,71.2851516,0.0,4.01085670110518,0.0,5.67156195150444,0.0,2.67041720047298,0.0874965519938235,4.09835325309901,,
BEN,Benin,2018,68.7128078,0.0,2.49180486072062,0.0,6.69725362180888,0.0,3.73701554279164,0.116502415263534,2.60830727598415,10.6,37.9
BEN,Benin,2019,62.5126327,0.0,2.37010864282112,0.0,6.86568662848335,0.0,3.98211326561793,0.09788725913474,2.46799590195586,,
BEN,Benin,2020,61.0570087,0.0,2.38286659636141,0.0,3.84879240030133,0.0,1.12020264806804,0.0451182412067022,2.42798483756811,,
BEN,Benin,2021,58.8795864,0.0,2.30442028320417,0.0,7.1554516457574,0.0,4.41335435119757,0.0,2.30442028320417,7.1,34.4
BMU,Bermuda,2000,77.9438311,0.0,0.0,0.0,9.31715641086083,0.0,8.56055025926008,0.0,0.0,,
BMU,Bermuda,2001,,0.0,0.0,0.0,7.22243553752608,0.0,6.67303905692422,0.0,0.0,,
BMU,Bermuda,2002,77.9810314,0.0,0.0,0.0,-1.47779059768867,0.0,-1.91378569899915,0.0,0.0,,
BMU,Bermuda,2003,77.8925948,0.0,0.0,0.0,3.41070667687531,0.0,3.00625355551543,0.0,0.0,,
BMU,Bermuda,2004,76.6614487,0.0,0.0,0.0,2.32126722323136,0.0,2.04483377809146,0.0,0.0,,
BMU,Bermuda,2005,79.0832182,0.0,0.0,0.0,1.67420611410508,0.0,1.4212811702547,0.0,0.0,,
BMU,Bermuda,2006,79.1340565,0.0,0.0,0.0,5.5438663804406,0.0,5.33726015507226,0.0,0.0,,
BMU,Bermuda,2007,79.2180142,0.0,0.0,0.0,3.34513970877607,0.0,3.05647529695661,0.0,0.0,,
BMU,Bermuda,2008,79.207673,0.0,0.0,0.0,-1.86595582635186,0.0,-2.31554307454078,0.0,0.0,,
BMU,Bermuda,2009,79.3294307,0.0,0.0,0.0,-5.6266977105161,0.0,-6.02013631834608,0.0,0.0,,
BMU,Bermuda,2010,82.2895183,0.0,0.0,0.0,-2.50287828947368,0.0,-2.74767294578886,0.0,0.0,,
BMU,Bermuda,2011,82.1815045,0.0,0.0,0.0,-3.74274431740703,0.0,-3.75482688131365,0.0,0.0,,
BMU,Bermuda,2012,82.1701025,0.0,0.0,0.0,-5.30529910675297,0.0,-5.17585752397146,0.0,0.0,,
BMU,Bermuda,2013,82.1352646,0.0,0.0,0.0,-0.279708545423034,0.0,-0.166771480196203,0.0,0.0,,
BMU,Bermuda,2014,79.8609401,0.0,0.0,0.0,-3.70106759364258,0.0,-3.63285540773872,0.0,0.0,,
BMU,Bermuda,2015,79.8342176,0.0,0.0,0.0,0.775529699568978,0.0,0.878744268938576,0.0,0.0,,
BMU,Bermuda,2016,79.7676814,0.0,0.0,0.0,-0.657206304259205,0.0,-0.633720640096868,0.0,0.0,,
BMU,Bermuda,2017,79.7758327,0.0,0.0,0.0,3.61141983706115,0.0,3.40119187834931,0.0,0.0,,
BMU,Bermuda,2018,82.5699367,0.0,0.0,0.0,-0.432801300339307,0.0,-0.827444988688441,0.0,0.0,,
BMU,Bermuda,2019,82.5871481,0.0,0.0,0.0,0.307106461240664,0.0,-0.124745932153232,0.0,0.0,,
BMU,Bermuda,2020,82.5776934,0.0,0.0,0.0,-6.97162571479863,0.0,-7.36898527070605,0.0,0.0,,
BMU,Bermuda,2021,82.5406007,0.0,0.0,0.0,4.76497899668355,0.0,4.3339140849598,0.0,0.0,,
BTN,Bhutan,2000,72.7759842,0.0933287461203952,3.89916917380531,0.0,3.35506838174288,0.0,0.881596585426465,0.0,3.99249791992571,,
BTN,Bhutan,2001,,0.227224671131255,3.63264056509087,0.0,7.32837435673082,0.0,4.8804269584859,0.0,3.85986523622213,,
BTN,Bhutan,2002,74.9872008,0.147715230880035,3.42644382607309,0.0,10.4437797168913,0.0,8.03559524029754,0.0,3.57415905695312,,
BTN,Bhutan,2003,79.0498151,0.108200870366884,3.2300457261519,0.0,7.78656040877364,0.0,5.5461872466835,0.0,3.33824659651879,5.1,40.9
BTN,Bhutan,2004,80.7668081,0.112179865529557,2.852846919092,0.0,5.15725736177561,0.0,3.07510668161098,0.0,2.96502678462155,,
BTN,Bhutan,2005,86.4373306,0.224305476447453,2.43703203065015,0.0296108217912019,6.93507146766659,0.0,5.10597951676202,0.0,2.6909483288888,,
BTN,Bhutan,2006,83.3397634,0.254239630000497,3.11249298869325,0.0279021600404686,5.6408051539139,0.0,4.23383383576189,0.0,3.39463477873421,,
BTN,Bhutan,2007,73.7138102,0.28236515513651,4.02106765673692,0.0,16.1047836542012,0.0,14.7631409986349,0.0,4.30343281187343,2.5,38.1
BTN,Bhutan,2008,77.1387223,0.669018206498215,3.5331917397065,0.0,4.52944877696235,0.0,3.35523609267926,0.0,4.20220994620471,,
BTN,Bhutan,2009,80.0730133,0.125747038230811,3.4099859222074,0.0,7.66749238553135,0.0,6.48266406090858,0.0,3.53573296043821,,
BTN,Bhutan,2010,78.7147561,0.269641600488603,5.03483943501182,0.0,11.9318738376229,0.0,10.7124208428696,0.0,5.30448103550043,,
BTN,Bhutan,2011,78.6498546,0.299775409988227,4.62121637554357,0.0,8.4892584842808,0.0,7.30476940871061,0.0,4.92099178553179,,
BTN,Bhutan,2012,79.1442935,0.21832837678294,4.01237323015893,0.0221312240981869,5.16482012683895,0.0,4.006257825918,0.0,4.25283283104005,0.7,38.8
BTN,Bhutan,2013,79.169757,0.0,3.349794480089,0.126629869230923,1.73634039505693,0.0,0.614996700864396,0.0,3.47642434931993,,
BTN,Bhutan,2014,85.6634162,0.0,3.35183023046917,0.0670274097883301,5.88108550658288,0.0,4.74506543590765,0.0,3.4188576402575,,
BTN,Bhutan,2015,82.9449359,0.0,3.96389283147411,0.0644025812863949,6.66080128866197,0.0,5.58370603464722,0.0,4.0282954127605,,
BTN,Bhutan,2016,84.8787832,0.0,4.39117052803892,0.0452314045297359,8.47594339232963,0.0,7.42464056841786,0.0,4.43640193256866,,
BTN,Bhutan,2017,84.987979,0.0,3.30997492484624,0.0540584874730229,2.08684522733067,0.0,1.21137239128886,0.0,3.36403341231926,0.4,37.4
BTN,Bhutan,2018,84.943449,0.0,1.91884521335964,0.0696622256776991,3.50187185732737,0.0,2.76296102776938,0.0,1.98850743903733,,
BTN,Bhutan,2019,85.7792773,0.0,2.08646612933744,0.103603698823657,5.75514851246506,0.0,5.05479153201512,0.0,2.1900698281611,,
BTN,Bhutan,2020,84.9479261,0.0,2.73962406711113,0.0524082823857014,-10.2183974208569,0.0,-10.8226112381065,0.0,2.79203234949683,,
BTN,Bhutan,2021,81.9371556,0.0,2.65821966747759,0.0750347930087043,4.42136738945015,0.0,3.68935319221934,0.0,2.73325446048629,,
BOL,Bolivia,2000,59.8148877,0.0,0.361398804732755,0.278147845667971,2.50781081484664,0.772562074092428,0.762647496539714,3.20071915897547,4.61282788346862,17.0,61.6
BOL,Bolivia,2001,,0.0,0.40627664317731,0.121156626329288,1.68379914527159,1.10433905071583,-0.0171004400534258,2.70191454521148,4.33368686543391,11.9,57.4
BOL,Bolivia,2002,59.9925808,0.0,0.417839981877555,0.224689917053631,2.48556576601922,1.10088698094808,0.785766518369655,3.20143436722118,4.94485124710044,12.9,59.3
BOL,Bolivia,2003,50.7835364,0.0,0.481903751573644,0.23473798970115,2.7113398065361,1.02122652481984,1.00515836386165,3.57840976144804,5.31627802754268,,
BOL,Bolivia,2004,55.6214078,0.0,0.459734192518509,0.56359830222864,4.1732955905708,1.31796776619707,2.43501168548734,5.08868092656529,7.4299811875095,5.8,55.0
BOL,Bolivia,2005,50.872166,0.0,0.464507522340972,0.913753281667752,4.42143313550196,2.83615706373774,2.67600660486002,7.33080300030145,11.5452208680479,9.6,58.5
BOL,Bolivia,2006,55.2680031,0.0,0.593578443969394,3.57670624063231,4.79700881067477,3.55806070652127,3.02573623361984,6.90511113358437,14.6334565247073,7.8,56.7
BOL,Bolivia,2007,55.0979763,0.0,0.603823920302715,4.52067350442681,4.56438425143126,3.98560882647042,2.79100340272169,4.87482833139779,13.9849345825977,5.8,54.5
BOL,Bolivia,2008,56.7745115,0.0,0.540486914656739,3.46252645043463,6.14849787777658,3.64008440973696,4.37162981176147,5.13358898631882,12.7766867611472,4.8,50.8
BOL,Bolivia,2009,61.6404052,0.0,0.512193886119305,1.63166193147975,3.35699958346049,3.30564306364059,1.65007711976043,1.99901854108232,7.44851742232197,4.8,49.2
BOL,Bolivia,2010,62.2050153,0.0,0.752848711619947,3.2482634773025,4.12672258996274,2.34929579123048,2.42845712945092,2.81120414194023,9.16161212209317,,
BOL,Bolivia,2011,60.843844,0.0,0.569436020067797,5.12663676709338,5.20409245282328,4.72620152059823,3.51064972680194,3.57882129837961,14.001095606139,2.9,46.1
BOL,Bolivia,2012,59.3825729,0.0,0.495336634150012,3.23074692838332,5.12227560125973,5.04123047708524,3.45406363162328,3.58582706729094,12.3531411069095,3.8,46.6
BOL,Bolivia,2013,61.5128261,0.0,0.527771950731095,2.55541456378636,6.79601141268498,5.55829339354152,5.12847091137223,3.31838837807072,11.9598682861297,3.0,47.6
BOL,Bolivia,2014,60.806572,0.0,0.533507062536753,2.18635765248212,5.46056949136766,4.77969194953676,3.84418415353171,3.03332355757079,10.5328802221264,2.5,47.8
BOL,Bolivia,2015,62.8995122,0.0,0.484734185185111,0.154530695755321,4.85718718508603,2.33856535298855,3.27865156316338,1.14024731448316,4.11807754841214,2.7,46.7
BOL,Bolivia,2016,61.4628881,0.0,0.550677417680815,0.707160512505969,4.26392086992173,0.926800497644539,2.72220716291487,0.788114698375915,2.97275312620724,3.3,45.2
BOL,Bolivia,2017,62.1237854,0.0,0.473458902275322,2.42321513255476,4.19520633364647,1.0880253133197,2.6837284349174,1.02986757658124,5.01456692473101,2.8,44.6
BOL,Bolivia,2018,62.6256651,0.0,0.501945655452041,1.16643513443381,2.86808404814794,2.2533911778168,1.40411994190022,1.4498952900262,5.37166725772886,1.8,42.6
BOL,Bolivia,2019,53.0155277,0.0,0.436523344746749,0.562741001877922,1.50672102666863,2.06571007254961,0.0889440250061426,1.0303191682966,4.09529358747088,1.0,41.6
BOL,Bolivia,2020,59.3078973,0.0,0.563622747867575,0.453988608258518,-12.7194690092717,1.20542213557419,-13.7898619967426,0.497346305966912,2.7203797976672,1.4,43.6
BOL,Bolivia,2021,61.0096773,0.0,0.43985726005293,5.91005603334556,10.0290488827886,1.85442902804369,8.91320528866063,1.26335187425347,9.46769419569564,0.9,40.9
BIH,Bosnia and Herzegovina,2000,52.955959,0.138280003033367,1.05942182921952,0.0579154373195127,5.41431598814764,0.0,4.66760703832642,0.0,1.2556172695724,,
BIH,Bosnia and Herzegovina,2001,,0.448961430454632,0.840497625656026,0.0318881569647862,2.42331312996704,0.0,1.94134419076346,0.0,1.32134721307544,0.2,30.0
BIH,Bosnia and Herzegovina,2002,60.1374037,0.141291322347015,0.717945180690488,0.0177361168867414,5.027444647203,0.0,4.81267516142945,0.0,0.876972619924244,,
BIH,Bosnia and Herzegovina,2003,57.6321188,0.129088331018867,0.67496377350428,0.0197041644928246,3.86713552011777,0.0,4.10275862847334,0.0,0.823756269015972,,
BIH,Bosnia and Herzegovina,2004,61.0816575,1.02502375676112,0.590959685520341,0.0901895502146079,6.32526794858342,0.0,7.28905393914994,0.0,1.70617299249607,0.1,34.0
BIH,Bosnia and Herzegovina,2005,55.7118361,0.613757035471359,0.512886822150729,0.703806919458126,3.89718320544974,0.0,5.02566097156414,0.0,1.83045077708021,,
BIH,Bosnia and Herzegovina,2006,59.2929885,0.617839638487773,0.567445538298801,0.458670810593586,5.41400299607282,0.0,6.27585979363216,0.0,1.64395598738016,,
BIH,Bosnia and Herzegovina,2007,57.6957734,0.816076787678695,0.517290132579565,0.791281846862712,5.85911689412598,0.0,7.1739207271968,0.0,2.12464876712097,0.2,34.3
BIH,Bosnia and Herzegovina,2008,58.4758337,2.37666975759293,0.514781482585194,0.746316087254571,5.44184730165964,0.0,7.20155128475226,0.0,3.63776732743269,,
BIH,Bosnia and Herzegovina,2009,55.8255944,0.77289496372878,0.420983750727111,0.264643735328446,-3.0044555389081,0.0,-1.31069341204288,0.0,1.45852244978434,,
BIH,Bosnia and Herzegovina,2010,55.068748,1.41865020328922,0.494000697024726,0.809638528559299,0.865667236280544,0.0,2.67372042856877,0.0,2.72228942887324,,
BIH,Bosnia and Herzegovina,2011,54.4509441,1.85949087082502,0.580903951562549,1.08585787931275,0.959511709726897,0.0,2.83942425948602,0.0,3.52625270170032,0.2,33.3
BIH,Bosnia and Herzegovina,2012,55.8057131,0.832298329684597,0.571704332598969,0.816582827983134,-0.821837252962993,0.0,1.11532015786369,0.0,2.2205854902667,,
BIH,Bosnia and Herzegovina,2013,58.1485349,0.389629817927477,0.566845999862391,0.805134663067053,2.34985873172397,0.0,4.02941435250273,0.0,1.76161048085692,,
BIH,Bosnia and Herzegovina,2014,64.8606336,0.258107281929994,0.518543073108648,0.459672382464352,1.15384793371298,0.0,2.45997274934615,0.0,1.23632273750299,,
BIH,Bosnia and Herzegovina,2015,61.5368736,0.196643861612622,0.566127152849557,0.255856935979025,4.28413016137854,0.0,5.65603511201289,0.0,1.0186279504412,0.3,32.9
BIH,Bosnia and Herzegovina,2016,59.5572972,0.235805940272804,0.531449962761338,0.279700782849483,3.24225822231566,0.0,4.59597025623206,0.0,1.04695668588363,,
BIH,Bosnia and Herzegovina,2017,60.5803364,0.302151206386166,0.623304729989487,0.356165463303674,3.24409895306594,0.0,4.57868807789549,0.0,1.28162139967933,,
BIH,Bosnia and Herzegovina,2018,60.9490035,0.322899368848151,0.573284897980651,0.156407536593965,3.82900399349064,0.0,5.10677209046635,0.0,1.05259180342277,,
BIH,Bosnia and Herzegovina,2019,60.6128666,0.219668427336333,0.547685201989734,0.0334032987362757,2.88585242083978,0.0,4.16109545157208,0.0,0.800756928062343,,
BIH,Bosnia and Herzegovina,2020,61.298956,0.184004951800987,0.5690925119238,0.0281513827376126,-3.01509335460439,0.0,-1.65750707667169,0.0,0.7812488464624,,
BIH,Bosnia and Herzegovina,2021,60.5871127,0.301983937935592,0.471634730600031,0.0397800429056463,7.39164256472846,0.0,9.19342480517756,0.0,0.813398711441269,0.1,30.3
BWA,Botswana,2000,85.6238382,0.139274596524146,0.303661827491605,1.9342105987552,1.98769583378552,0.0,-0.163772714868571,0.0,2.37714702277095,,
BWA,Botswana,2001,,0.252153733387292,0.309289004264908,0.602410887426727,0.250573949689084,0.0,-1.79114300046759,0.0,1.16385362507893,,
BWA,Botswana,2002,80.4316927,0.170687645060931,0.373204817819404,0.370227785209537,6.06953087648317,0.0,4.09320837350506,0.0,0.914120248089873,13.4,61.5
BWA,Botswana,2003,84.8459728,0.12183171274878,0.396162577967826,1.41345478237527,4.62589474959299,0.0,2.80097379395592,0.0,1.93144907309188,,
BWA,Botswana,2004,81.3841064,0.346717157221236,0.274351361424207,2.60289908335249,2.70582170611173,0.0,0.920692081948033,0.0,3.22396760199793,,
BWA,Botswana,2005,85.2710297,0.26837351869852,0.270545436774871,1.80451408678862,4.55664565323181,0.0,2.69660633056192,0.0,2.34343304226201,,
BWA,Botswana,2006,86.6761006,0.28588666950323,0.284730587325247,5.8715277565173,8.36387109282306,0.0,6.36142559180612,0.0,6.44214501334577,,
BWA,Botswana,2007,87.8274261,0.32800425160969,0.362139591709629,6.72227465431483,5.79255577727118,0.0,3.7618955229655,0.0,7.41241849763415,,
BWA,Botswana,2008,87.1855815,0.764905638314842,0.451392455304862,2.74590642530052,3.25207295796832,0.0,1.1992313160418,0.0,3.96220451892022,,
BWA,Botswana,2009,87.2367751,0.220914121745021,0.460189458124387,1.5646188550371,-14.1442346163423,0.0,-15.8997149078875,0.0,2.2457224349065,7.0,56.9
BWA,Botswana,2010,87.7108852,0.430760831584099,0.338205668184156,1.33622855939048,10.119723322694,0.0,7.82114699392078,0.0,2.10519505915873,,
BWA,Botswana,2011,86.930157,0.368466644271236,0.320802474143844,1.20501593357667,6.83841052493574,0.0,4.75557328946104,0.0,1.89428505199175,,
BWA,Botswana,2012,86.8170255,0.508801284243223,0.3965705520832,1.35326347337962,-0.170857099335691,0.0,-1.83175900387364,0.0,2.25863530970605,,
BWA,Botswana,2013,86.1754287,0.40661685146208,0.401523776516143,0.617000175777391,11.1029068737822,0.0,9.43871073960261,0.0,1.42514080375562,,
BWA,Botswana,2014,85.5467352,0.312542070209993,0.393987824721784,0.221227865232098,5.69714422072884,0.0,4.17099012944411,0.0,0.927757760163875,,
BWA,Botswana,2015,85.2287134,0.307384412369603,0.451493096896537,0.0458970459055873,-4.85132507409779,0.0,-6.19995412245493,0.0,0.804774555171728,6.5,54.9
BWA,Botswana,2016,82.698679,0.279219006721672,0.423673150730197,0.059400480666283,7.20442475914267,0.0,5.69319455388396,0.0,0.762292638118151,,
BWA,Botswana,2017,83.2599018,0.41284939046878,0.403459910643255,0.0638031677366841,4.11437856445083,0.0,2.6459126098983,0.0,0.880112468848718,,
BWA,Botswana,2018,82.8874409,0.514157744276992,0.293296197342987,0.062240812691455,4.18869237159223,0.0,2.72071433079989,0.0,0.869694754311434,,
BWA,Botswana,2019,85.6050279,0.326579622734528,0.275564083722137,0.0539100990692102,3.0317733945467,0.0,1.57639094067899,0.0,0.656053805525875,,
BWA,Botswana,2020,84.4026182,0.276198000728634,0.329607613881318,0.0692367788657271,-8.72888243996397,0.0,-10.0332383222742,0.0,0.675042393475679,,
BWA,Botswana,2021,83.9533789,0.500235146664399,0.295898276706959,0.242401015769655,11.9162724376008,0.0,10.2596472128547,0.0,1.03853443914101,,
BRA,Brazil,2000,72.6664467,6.98902048105947e-06,0.438064493350754,0.287289488101813,4.38794944745618,0.021960393735733,2.96222045087984,1.41179870802297,2.15912007223176,,
BRA,Brazil,2001,,0.00327075169283963,0.509251684618048,0.427934714658352,1.38989640095637,0.0258071276939522,0.0770005174179715,1.27147695936395,2.23774123802714,7.0,58.4
BRA,Brazil,2002,71.6290777,0.000383483940309902,0.681429263465327,0.427572122123379,3.05346185909312,0.0267500574610956,1.78204308366739,1.67933238308169,2.8154673100718,6.2,58.1
BRA,Brazil,2003,67.776362,0.000645916030098932,0.724539472420437,0.216753354731614,1.14082899824888,0.0202189007331639,-0.0458328311687239,1.73818665052402,2.70034429443933,6.7,57.6
BRA,Brazil,2004,62.1394834,0.0122345324556236,0.517651207997797,0.0993366848795947,5.75996463670954,0.0186665999783458,4.57169367299971,1.88707133960992,2.53496036492128,5.8,56.5
BRA,Brazil,2005,62.9208983,0.00780132134832764,0.422735363715426,0.824394034854481,3.20213206130431,0.0264140866308715,2.07730833836257,2.36913016995635,3.65047497650545,5.1,56.3
BRA,Brazil,2006,61.515373,0.00675465218294961,0.458308289543459,0.885931939469878,3.96198871122617,0.0305846758078658,2.86752083975395,2.44556560201409,3.82714515901824,4.3,55.6
BRA,Brazil,2007,62.0935476,0.00855782820001906,0.447859779319575,1.54918209203662,6.06987060678338,0.0293323805781565,5.00147015838483,2.06708286540223,4.10201494553661,4.2,54.9
BRA,Brazil,2008,62.9248544,0.0225501741442782,0.4093925100164,1.86813935454653,5.09419544658736,0.0335296474727113,4.09221626720056,2.44243714676148,4.7760488329414,3.4,54.0
BRA,Brazil,2009,67.878744,0.00722942828769676,0.424208814286566,0.590993460618904,-0.125812002161169,0.0319571904244483,-1.0163236214624,1.33048498208149,2.38487387569911,3.3,53.7
BRA,Brazil,2010,63.3433485,0.0091357537078027,0.49300454638061,1.63133477933765,7.52822581815364,0.0208700944797705,6.62782994932327,1.49436765608812,3.64871282999395,,
BRA,Brazil,2011,62.953285,0.0104996113695429,0.421846673483131,1.81291052174163,3.97442307944702,0.0453223777417706,3.13169854409105,2.04628720532789,4.33686638966397,2.9,52.9
BRA,Brazil,2012,64.1931786,0.009147101698668,0.459624079131087,1.28444928435221,1.92117598576537,0.0585963181642604,1.09733293821196,2.04370817642662,3.85552495977285,2.3,53.4
BRA,Brazil,2013,59.6486308,0.00935997407166011,0.514116810125036,1.36949504191434,3.00482266944432,0.0705641668851668,2.17333080532316,1.82332429100899,3.78686028400519,1.9,52.7
BRA,Brazil,2014,61.7708061,0.00677966895333873,0.527974362470003,0.819525992656112,0.503955740242247,0.0682078611571187,-0.303163572499983,1.86374490964098,3.28623279487755,1.6,52.1
BRA,Brazil,2015,57.4235354,0.00659466507714716,0.693497347620783,0.570992536585529,-3.54576339269425,0.047972921893605,-4.30639755912077,1.03926987894612,2.35832735012319,1.9,51.9
BRA,Brazil,2016,56.9027106,0.00639411981654579,0.799001693613266,0.771513115023924,-3.27591690782192,0.0209459201154779,-4.01012719354725,0.832280473743435,2.43013532231265,2.4,53.4
BRA,Brazil,2017,55.6089843,0.00543239879503841,0.745436739085668,0.827049853703138,1.32286905404399,0.0274701476531574,0.587668928736335,1.12836853918598,2.73375767842298,2.7,53.3
BRA,Brazil,2018,54.8735087,0.00693386352998793,0.804438384714903,0.839935533119731,1.783666761634,0.0651681042894358,1.09040860447158,1.90111531664903,3.61759120230309,2.7,53.9
BRA,Brazil,2019,53.5594912,0.00577379416810497,0.663749454566288,0.79915174911943,1.22077782360842,0.0723668776342963,0.562970837578547,1.6761311575078,3.21717303299592,2.8,53.5
BRA,Brazil,2020,58.5933483,0.00613690816198321,0.952656139464627,1.14458939921673,-3.2767587964736,0.0477663275367818,-3.83550546659214,1.07872778605369,3.22987656043381,1.0,48.8
BRA,Brazil,2021,59.1936982,0.0143152350634996,0.763404742957637,4.48894018515032,4.76260437908608,0.0699944991767358,4.3179316171849,2.60445733698427,7.94111199933246,2.9,52.9
VGB,British Virgin Islands,2000,,,,,,,,,,,
VGB,British Virgin Islands,2001,,,,,,,,,,,
VGB,British Virgin Islands,2002,,,,,,,,,,,
VGB,British Virgin Islands,2003,,,,,,,,,,,
VGB,British Virgin Islands,2004,,,,,,,,,,,
VGB,British Virgin Islands,2005,,,,,,,,,,,
VGB,British Virgin Islands,2006,,,,,,,,,,,
VGB,British Virgin Islands,2007,,,,,,,,,,,
VGB,British Virgin Islands,2008,,,,,,,,,,,
VGB,British Virgin Islands,2009,,,,,,,,,,,
VGB,British Virgin Islands,2010,,,,,,,,,,,
VGB,British Virgin Islands,2011,,,,,,,,,,,
VGB,British Virgin Islands,2012,,,,,,,,,,,
VGB,British Virgin Islands,2013,,,,,,,,,,,
VGB,British Virgin Islands,2014,,,,,,,,,,,
VGB,British Virgin Islands,2015,,,,,,,,,,,
VGB,British Virgin Islands,2016,,,,,,,,,,,
VGB,British Virgin Islands,2017,,,,,,,,,,,
VGB,British Virgin Islands,2018,,,,,,,,,,,
VGB,British Virgin Islands,2019,,,,,,,,,,,
VGB,British Virgin Islands,2020,,,,,,,,,,,
VGB,British Virgin Islands,2021,,,,,,,,,,,
BRN,Brunei Darussalam,2000,88.9927824,0.0,0.0698944569976741,0.0,3.47467627672586,11.4211547210859,1.2515924816352,23.4896305488652,34.9806797269488,,
BRN,Brunei Darussalam,2001,,0.0,0.0824545347613374,0.0,1.4660608198711,11.2438208054038,-0.64060526761881,16.742683402114,28.0689587422791,,
BRN,Brunei Darussalam,2002,83.2389786,0.0,0.080239343459669,0.0,3.9614389000248,9.41914724852506,1.8968766451203,16.1096999175722,25.6090865095569,,
BRN,Brunei Darussalam,2003,83.7953758,0.0,0.0893318742950672,0.0,3.58342909978997,11.4097226051516,1.62971827418733,16.6876107710204,28.186665250467,,
BRN,Brunei Darussalam,2004,84.6729909,0.0,0.0454650635366979,0.0,0.104538372603315,10.8502219394206,-1.67510542923259,19.7780085437059,30.6736955466632,,
BRN,Brunei Darussalam,2005,84.8821175,0.0,0.0551424619812067,0.0,-0.00392531660746442,8.85868980707189,-1.67695306815315,25.956729633831,34.870561902884,,
BRN,Brunei Darussalam,2006,84.9353916,0.0,0.0633743700724662,0.0,4.09841257308588,6.84285673752605,2.45784696303623,30.500356671909,37.4065877795075,,
BRN,Brunei Darussalam,2007,85.0233704,0.0,0.0788499429177812,0.0,-3.76362326254647,5.99662049691355,-5.37503174884661,27.5236863460397,33.5991567858711,,
BRN,Brunei Darussalam,2008,85.0309546,0.0,0.0701789166994344,0.0,-3.90071101715114,5.58937389908977,-5.66095294794741,26.3149392802544,31.9744920960436,,
BRN,Brunei Darussalam,2009,88.3118432,0.0,0.07869992159356,0.0,-1.90025367202547,6.78152360946728,-3.72462679896589,16.6918809538917,23.5521044849525,,
BRN,Brunei Darussalam,2010,87.4749131,0.0,0.0678487506900757,0.0,2.74136439456163,6.26653837953077,0.808737769071328,20.3808570661645,26.7152441963854,,
BRN,Brunei Darussalam,2011,82.2709199,0.0,0.0482891863530321,0.0,3.74440625524871,5.36775639944301,1.91129549119837,24.1925755555505,29.6086211413466,,
BRN,Brunei Darussalam,2012,81.2960012,0.0,0.0506331022741292,0.0,0.913135189664487,4.91811419211934,-0.62162371685136,20.2405416655378,25.2092889599313,,
BRN,Brunei Darussalam,2013,82.3519994,0.0,0.0538275644315073,0.0,-2.12478292664558,4.92311523843707,-3.46841841572171,16.496289516532,21.4732323194006,,
BRN,Brunei Darussalam,2014,87.360603,0.0,0.0664997052015929,0.0,-2.50788727590711,7.35949291695194,-3.80575468176978,14.6726548413146,22.0986474634681,,
BRN,Brunei Darussalam,2015,86.446939,0.0,0.053999637451945,0.0,-0.392383749502031,11.1648852580271,-1.68097052571925,7.67941403200076,18.8982989274798,,
BRN,Brunei Darussalam,2016,83.54484,0.0,0.0543214881931653,0.0,-2.47791771833224,9.00868081115163,-3.69864300009469,6.61076862656256,15.6737709259074,,
BRN,Brunei Darussalam,2017,84.3220613,0.0,0.0565689907931407,0.0,1.32872661057823,8.75820089006841,0.109331621558866,8.33582039119995,17.1505902720615,,
BRN,Brunei Darussalam,2018,85.452549,0.0,0.0628025565963484,0.0,0.0523710418528935,11.3983873234199,-1.09895909064488,11.046476859895,22.5076667399112,,
BRN,Brunei Darussalam,2019,84.6510273,0.0,0.0648931960097619,0.0,3.86884436177075,11.7839298120962,2.72616506285996,9.00049471310791,20.8493177212138,,
BRN,Brunei Darussalam,2020,85.7863149,0.0,0.0568878056912506,0.0,1.1335733495246,10.2374489601131,0.0657353317528475,3.45811781195258,13.7524545777569,,
BRN,Brunei Darussalam,2021,85.763733,0.0,0.0488644759154256,0.0,-1.59076260099606,13.8577460214654,-2.53123842091919,10.3734034426076,24.2800139399884,,
BGR,Bulgaria,2000,73.2340119,0.101417887783121,0.460819449062587,0.04334628179999,4.58722553234129,0.00252770248586447,5.10505581146323,0.0741391525631751,0.682250473694737,,
BGR,Bulgaria,2001,,0.334376008911218,0.327469159583831,0.025760203658008,3.82370222571771,0.00750141222220329,5.9111581316571,0.0192284252329358,0.714335209608195,1.2,32.7
BGR,Bulgaria,2002,72.8153453,0.0960634979265377,0.320414275807137,0.017954482563267,5.87193134676191,0.00432092270735906,8.19521660591987,0.0210526231438115,0.459805802148112,,
BGR,Bulgaria,2003,69.2294032,0.0827719717576597,0.314150443070292,0.0145644580109714,5.23715282493174,0.00290204563592261,6.07406091995806,0.0161830349966762,0.430571953471522,0.5,28.9
BGR,Bulgaria,2004,66.783822,0.624654478990527,0.330846081584248,0.109883692079409,6.5104241389717,0.0431724150903471,7.31740326884231,0.0286550756706803,1.13721174341521,,
BGR,Bulgaria,2005,71.1109125,0.326958692145695,0.289635999264335,0.281830642652777,7.05634916258309,0.0463019081658468,7.86550187137007,0.037174267548741,0.981901509777394,,
BGR,Bulgaria,2006,71.3715435,0.309202090108577,0.302786392066867,1.09488397380926,6.80259262432862,0.0873541922780936,7.61685289651042,0.0372114671373268,1.83143811540013,3.6,35.7
BGR,Bulgaria,2007,72.001074,0.435744738295089,0.278556028188919,0.8960925418945,6.65438512368812,0.0440111294416164,7.4414860834102,0.032067929991172,1.6864723678113,1.0,36.1
BGR,Bulgaria,2008,72.8453645,1.10494843954048,0.272464039139865,0.515520516734355,6.12955885899744,0.0431769272049978,6.87712697728189,0.0385928436056197,1.97470276622532,0.7,33.6
BGR,Bulgaria,2009,72.4408107,0.321963838214618,0.198003091131571,0.159923949769656,-3.34714308501542,0.0026718472138392,-2.72241640378013,0.0216533526362494,0.704216078965934,0.6,33.8
BGR,Bulgaria,2010,72.2769025,0.676778240205424,0.242161387883682,0.724359680957923,1.55536266288017,0.0111255684572656,2.22608184788542,0.0253291596859351,1.67975403719023,1.0,35.7
BGR,Bulgaria,2011,71.1650355,0.91873863918182,0.281885153962865,0.816225355852268,2.09017598337418,0.08909304721064,2.74691105411546,0.0367278516384984,2.14267004784609,1.4,34.3
BGR,Bulgaria,2012,72.5755043,0.372702923222966,0.260007440611318,0.847075070547068,0.748814556346105,0.087087212755187,1.33406575233641,0.0377761581591458,1.60464880529568,1.2,36.0
BGR,Bulgaria,2013,68.8062834,0.159088406568224,0.242573385786853,0.608878277562414,-0.542753400392826,0.0630866311706594,1.48365880262806,0.0340056163950494,1.1076323174832,1.1,36.6
BGR,Bulgaria,2014,70.0293534,0.139417174798032,0.223629727501349,0.36071035944508,0.949449772002041,0.0300440667016445,2.18296570880787,0.0309655080286577,0.784766836474764,0.9,37.4
BGR,Bulgaria,2015,69.0099166,0.115667271860324,0.254889688688144,0.260084624393388,3.39755351999294,0.0132341573376468,4.72028599415447,0.0148484893305972,0.6587242316101,2.0,38.6
BGR,Bulgaria,2016,69.4354757,0.106692897175964,0.225102566588803,0.177081545142641,3.02662820096305,0.00672704231790746,4.37288142099703,0.0107367793608996,0.526340830586215,1.1,40.6
BGR,Bulgaria,2017,72.8319025,0.144852465138495,0.265773225929047,0.316211256207862,2.74592737750996,0.00735612441515926,4.1152402016823,0.0150539945411986,0.749247066231762,0.7,40.4
BGR,Bulgaria,2018,76.0222279,0.135710834308309,0.24613036929239,0.270432989561586,2.33015054210419,0.00453020891529789,3.74323659397713,0.0215683047004454,0.678372706778028,0.5,41.3
BGR,Bulgaria,2019,75.7815088,0.0885343509010314,0.220943539056,0.248855463356659,3.79331964589196,0.00343786072088081,5.26898074561532,0.0184983412131835,0.580269555247755,0.5,40.3
BGR,Bulgaria,2020,73.0865465,0.0586012880990349,0.199737752823464,0.34845622392036,-3.13323543125917,0.0024673666719186,-2.15683346351801,0.00967333606272928,0.618935967577506,0.2,40.5
BGR,Bulgaria,2021,72.8363232,0.126365577523338,0.171861677306964,0.593627371344038,7.82817310703665,0.00649706344376637,8.54724289833413,0.0193926462885907,0.917744335906696,0.3,39.0
BFA,Burkina Faso,2000,67.4790499,0.0,5.29645467411053,0.0381539913096733,1.88847388906525,0.0,-1.10710660159205,0.0,5.33460866542021,,
BFA,Burkina Faso,2001,,0.0,4.75459313284443,0.0132398344894726,6.61340574539679,0.0,3.40975770830711,0.0,4.7678329673339,,
BFA,Burkina Faso,2002,62.2490824,0.0,5.70021285852972,0.027948686830372,4.35296382988099,0.0,1.17736897014072,0.0,5.7281615453601,,
BFA,Burkina Faso,2003,66.9607668,0.0,6.31252598933289,0.0111085881042359,7.80249388870359,0.0,4.49294688106092,0.0,6.32363457743713,31.0,43.3
BFA,Burkina Faso,2004,63.3329407,0.0,5.4112314133148,0.0260286434124574,4.47845213670386,0.0,1.24360966999572,0.0,5.43726005672726,,
BFA,Burkina Faso,2005,66.6235197,0.0,6.32918389992332,0.0443426028299964,8.66187322841225,0.0,5.29574030906821,0.0,6.37352650275332,,
BFA,Burkina Faso,2006,67.7704347,0.0,6.30230659220532,0.131141061007624,6.25316468817478,0.0,2.98889211912471,0.0,6.43344765321295,,
BFA,Burkina Faso,2007,72.0040291,0.0,7.81229482419407,0.000629309544028717,4.11137901761516,0.0,1.00131276742226,0.0,7.8129241337381,,
BFA,Burkina Faso,2008,68.5778478,0.0,8.12541241291799,0.471558294823088,5.79999174105387,0.0,2.73663676272773,0.0,8.59697070774107,,
BFA,Burkina Faso,2009,65.8329422,0.0,8.12049824388966,1.45795503529807,2.96195085866692,0.0,-0.000227773519867469,0.0,9.57845327918773,27.7,39.8
BFA,Burkina Faso,2010,60.5198266,0.0,6.86206836140786,4.22402377988937,8.44628157707625,0.0,5.31934915891263,0.0,11.0860921412972,,
BFA,Burkina Faso,2011,54.2154366,0.0,6.57470017859343,7.06149315713164,6.62256261306693,0.0,3.51633623623128,0.0,13.6361933357251,,
BFA,Burkina Faso,2012,54.8280938,0.0,7.29929416972416,5.10230867157689,6.45267237953146,0.0,3.28878346500349,0.0,12.4016028413011,,
BFA,Burkina Faso,2013,52.3153016,0.0,7.13344465953544,3.6188959933092,5.79258484509867,0.0,2.66508275857795,0.0,10.7523406528446,,
BFA,Burkina Faso,2014,53.9401871,0.0,7.52958346295634,2.78132209742585,4.32684561452976,0.0,1.27047655599692,0.0,10.3109055603822,18.6,35.3
BFA,Burkina Faso,2015,54.2871828,0.0,9.19665569406111,2.43619453376634,3.9212287937935,0.0,0.888259827767996,0.0,11.6328502278275,,
BFA,Burkina Faso,2016,50.3947575,0.0,8.9610459736662,3.65447126182336,5.95797670754024,0.0,2.9035090911533,0.0,12.6155172354896,,
BFA,Burkina Faso,2017,51.2782554,0.0,8.12959848016264,4.18031048444882,6.20348941121868,0.0,3.21640521697573,0.0,12.3099089646115,,
BFA,Burkina Faso,2018,49.4637727,0.0,5.22371448644151,3.65248145757513,6.60456906812341,0.0,3.76772678322459,0.0,8.87619594401664,15.5,43.0
BFA,Burkina Faso,2019,45.469811,0.0,4.88973857793487,3.43823460667145,5.88920497068135,0.0,3.24391866186016,0.0,8.32797318460633,,
BFA,Burkina Faso,2020,41.7072486,0.0,4.82055690708353,4.35726996984512,2.01077262406221,0.0,-0.443420002406739,0.0,9.17782687692865,,
BFA,Burkina Faso,2021,38.9026684,0.0,4.68280095373394,15.4526004842572,6.94252492572348,0.0,4.43100540861892,0.0,20.1354014379911,12.5,37.4
BDI,Burundi,2000,23.0741725,0.0,15.0609351884312,0.0,-0.856864058424151,0.0,-2.89542791949714,0.0,15.0609351884312,,
BDI,Burundi,2001,,0.0,18.7164186924751,0.0956593961618833,2.05580710835243,0.0,-0.469619802706177,0.0,18.812078088637,,
BDI,Burundi,2002,23.9134292,0.0,24.149520208517,0.15190525589864,4.44651941224797,0.0,1.54204707066606,0.0,24.3014254644156,,
BDI,Burundi,2003,24.882535,0.0,40.408299604519,0.0838956000414317,-1.22372796023444,0.0,-4.2953882781394,0.0,40.4921952045604,,
BDI,Burundi,2004,24.698766,0.0,30.3511612276012,0.103358958495224,4.83365776809453,0.0,0.997721140754805,0.0,30.4545201860965,,
BDI,Burundi,2005,40.274432,0.0,26.5497870891534,0.130980425387447,0.900000000901912,0.0,-2.77894802793541,0.0,26.6807675145409,,
BDI,Burundi,2006,44.1898012,0.0,23.6279344225975,0.321245039212551,5.41380714491444,0.0,1.68473642542624,0.0,23.9491794618101,37.3,33.4
BDI,Burundi,2007,46.3703939,0.0,32.0112249662978,0.34513180195038,3.44449364663615,0.0,-0.311187520314832,0.0,32.3563567682481,,
BDI,Burundi,2008,41.2085068,0.0,32.6579273976076,0.390316646128731,4.90874190813545,0.0,0.668760370648471,0.0,33.0482440437363,,
BDI,Burundi,2009,47.8349259,0.0,30.0655695330826,0.271088031124722,3.7870758305051,0.0,-1.33995105464051,0.0,30.3366575642074,,
BDI,Burundi,2010,37.0694711,0.0,23.6639205247196,0.189455216999623,5.09373697323055,0.0,0.287652254263818,0.0,23.8533757417192,,
BDI,Burundi,2011,34.4098574,0.0,24.6045714566291,0.384587492058988,4.02442793864228,0.0,0.368535841377152,0.0,24.9891589486881,,
BDI,Burundi,2012,33.3042337,0.0,17.1161258674102,0.434074064130662,4.42303118490126,0.0,0.762376963720541,0.0,17.5501999315408,,
BDI,Burundi,2013,37.2704925,0.0,17.5157633422963,0.217091976573797,4.92392485117456,0.0,1.2220776240641,0.0,17.7328553188701,34.4,38.6
BDI,Burundi,2014,47.7581237,0.0,17.1932826745191,0.261465662278109,4.24490803087248,0.0,0.765722877623617,0.0,17.4547483367972,,
BDI,Burundi,2015,31.1085528,0.0,15.3915619692032,0.142891182891181,-0.404525595204191,0.0,-2.63843207790325,0.0,15.5344531520944,,
BDI,Burundi,2016,29.9083295,0.0,18.9376098538483,0.16404012765731,3.20017470408993,0.0,1.43842310958158,0.0,19.1016499815056,,
BDI,Burundi,2017,30.1866725,0.0,18.237439690951,0.270235283454907,3.83185757061784,0.0,1.41976304054418,0.0,18.5076749744059,,
BDI,Burundi,2018,38.1593506,0.0,13.4317629933204,0.0,5.34224473186408,0.0,2.20950781978466,0.0,13.4317629933204,,
BDI,Burundi,2019,37.380141,0.0,13.1274376353104,0.0,4.45934202358784,0.0,1.08494176938687,0.0,13.1274376353104,,
BDI,Burundi,2020,40.3528211,0.0,13.8475521568267,0.0,0.306443811651718,0.0,-2.56910007414477,0.0,13.8475521568267,32.4,37.5
BDI,Burundi,2021,42.3498686,0.0,13.9570339894077,0.0,3.23707479372925,0.0,0.462596737226662,0.0,13.9570339894077,,
CPV,Cabo Verde,2000,86.4137887,17.0506562731343,0.414263908098694,0.0,14.2848688450919,0.0,12.5710382620585,0.0,17.4649201812329,,
CPV,Cabo Verde,2001,,23.7774303144037,0.485876114583811,0.0,2.23165454528898,0.0,0.682276166499946,0.0,24.2633064289875,13.5,52.5
CPV,Cabo Verde,2002,79.6200092,18.6660117494038,0.531525591731773,0.0,5.25089116960211,0.0,3.72907261625122,0.0,19.1975373411355,,
CPV,Cabo Verde,2003,81.4052175,13.6465215764818,0.709661888855865,0.0,4.17625932578332,0.0,2.78169096285627,0.0,14.3561834653377,,
CPV,Cabo Verde,2004,80.8346784,25.0815325396624,0.572439472205929,0.0,10.197072633926,0.0,8.82078735562469,0.0,25.6539720118683,,
CPV,Cabo Verde,2005,80.5820586,31.6104334488128,0.542588590614672,0.0,6.91245795720201,0.0,5.64634152921253,0.0,32.1530220394275,,
CPV,Cabo Verde,2006,82.160858,30.4031239366484,0.45016943586608,0.0,7.98375044795048,0.0,6.74862061785244,0.0,30.8532933725145,,
CPV,Cabo Verde,2007,81.5046239,21.5472166448193,0.505116420949176,0.0,15.1706879735517,0.0,13.9029028555293,0.0,22.0523330657685,7.8,47.2
CPV,Cabo Verde,2008,80.3960007,48.7224896766497,0.483297932113628,0.0,7.03901129565128,0.0,5.93628669264135,0.0,49.2057876087633,,
CPV,Cabo Verde,2009,83.1422267,21.2095054194917,0.540232164246811,0.0,-1.50358672385678,0.0,-2.43495532260619,0.0,21.7497375837386,,
CPV,Cabo Verde,2010,83.1646582,32.8175245458718,0.469845945590585,0.0,1.83641914989978,0.0,1.10867941118087,0.0,33.2873704914624,,
CPV,Cabo Verde,2011,83.2684341,39.6578022158308,0.476296109753348,0.0,3.92471821338283,0.0,3.58680088003479,0.0,40.1340983255841,,
CPV,Cabo Verde,2012,80.2570436,24.4650892301952,0.590757833350732,0.0,1.08364848376166,0.0,0.983345735610456,0.0,25.055847063546,,
CPV,Cabo Verde,2013,79.6449552,15.9841772281575,0.573761546715361,0.0,0.632136727385131,0.0,0.579092309567969,0.0,16.5579387748728,,
CPV,Cabo Verde,2014,76.9207474,11.3666676890308,0.642686554286606,0.0,0.696666840118581,0.0,0.676815488926465,0.0,12.0093542433174,,
CPV,Cabo Verde,2015,80.3031075,8.69712510622088,0.800998865280158,0.0,0.936026507808833,0.0,0.922631249857901,0.0,9.49812397150104,3.9,42.4
CPV,Cabo Verde,2016,80.0349179,9.38675264949474,0.805568147316067,0.0,4.28071482662371,0.0,4.24816232606327,0.0,10.1923207968108,,
CPV,Cabo Verde,2017,78.1987005,11.6082269487291,0.712082499647351,0.0,4.5513148102974,0.0,4.48221093147532,0.0,12.3203094483764,,
CPV,Cabo Verde,2018,80.2221202,13.9398394603711,0.403828710600868,0.0,3.70696458310842,0.0,3.60152349643896,0.0,14.343668170972,,
CPV,Cabo Verde,2019,80.231621,12.7633265623315,0.397803108889264,0.0,6.94782634051859,0.0,6.80449531732363,0.0,13.1611296712207,,
CPV,Cabo Verde,2020,80.2264026,11.0704275823815,0.512371099319999,0.0,-20.8052758990735,0.0,-20.8937523404244,0.0,11.5827986817016,,
CPV,Cabo Verde,2021,80.1387552,17.1799974804718,0.477725971600605,0.0,7.03353010694514,0.0,6.62540765957627,0.0,17.6577234520724,,
KHM,Cambodia,2000,48.7960786,0.0,2.46904397167855,0.0,9.99358032292079,0.0,8.25832877301973,0.0,2.46904397167855,,
KHM,Cambodia,2001,,0.0,2.53091563396547,0.0,7.38971065070517,0.0,5.72566644409127,0.0,2.53091563396547,,
KHM,Cambodia,2002,49.9381919,0.0,2.59547615171282,0.0,6.26507280509637,0.0,4.63862356700642,0.0,2.59547615171282,,
KHM,Cambodia,2003,49.3374987,0.0,3.41050263145395,0.0,10.2836813071691,0.0,8.62974314019115,0.0,3.41050263145395,,
KHM,Cambodia,2004,53.1828317,0.0,3.20411639282305,0.0,9.45769481103929,0.0,7.85639001144227,0.0,3.20411639282305,,
KHM,Cambodia,2005,54.6225732,0.0,1.80881542802358,0.0,13.3033338358455,0.0,11.6637861428805,0.0,1.80881542802358,,
KHM,Cambodia,2006,56.6047938,0.0,1.80686995063803,0.0,10.9433600681694,0.0,9.31792401297673,0.0,1.80686995063803,,
KHM,Cambodia,2007,55.6784825,0.0,2.24551946036928,0.0,10.398458101201,0.0,8.78143916559131,0.0,2.24551946036928,,
KHM,Cambodia,2008,58.0338337,0.0,3.09984061594357,0.0,7.47636606631011,0.0,5.85728555368171,0.0,3.09984061594357,,
KHM,Cambodia,2009,55.9447642,0.0,2.86278006732138,0.0,4.07477850599065,0.0,2.44674504763958,,2.86278006732138,,
KHM,Cambodia,2010,59.2765098,0.0,2.69595952988072,0.0,5.07691843229247,0.0,3.45435117133705,0.0,2.69595952988072,,
KHM,Cambodia,2011,60.3667857,0.0,3.05094914293833,0.0,7.28665813879552,0.0,5.66993084409259,0.0,3.05094914293833,,
KHM,Cambodia,2012,59.4519174,0.0,2.30628839011523,0.0,7.65025657870362,0.0,6.04756982656951,0.0,2.30628839011523,,
KHM,Cambodia,2013,59.5617435,0.0,1.91421458050803,0.0,7.8574997554252,0.0,6.25691498312409,0.0,1.91421458050803,,
KHM,Cambodia,2014,61.4052155,0.0,2.54882052672262,0.0,8.00032074618566,0.0,6.41109251902618,0.0,2.54882052672262,,
KHM,Cambodia,2015,63.1866709,0.0,1.81768657277543,0.0,7.20703472529512,0.0,5.652931676093,0.0,1.81768657277543,,
KHM,Cambodia,2016,64.5644489,0.0,1.84795765204296,0.0,7.90550116130704,0.0,6.34300627617029,0.0,1.84795765204296,,
KHM,Cambodia,2017,63.2663412,0.00178386081039408,1.93556922546603,0.0,8.07503915535979,0.0,6.59196495590379,0.0,1.93735308627642,,
KHM,Cambodia,2018,64.0932632,0.00292704173573828,0.875316751600748,0.0,8.77622376224463,0.0,7.43177030242717,0.0,0.878243793336486,,
KHM,Cambodia,2019,62.5885672,0.00230289385566912,0.712182796463877,0.0,7.93695013588524,0.0,6.58272364852731,0.0,0.714485690319546,,
KHM,Cambodia,2020,61.7916098,0.00240951192609204,0.936811435438378,0.0,-3.55572193406549,0.0,-4.96368199399319,0.000136728305235044,0.939357675669705,,
KHM,Cambodia,2021,63.3545387,0.00480544500071724,0.789446513603084,0.0,3.08984284148661,0.0,1.57862051550094,0.0410317572268778,0.835283715830679,,
CMR,Cameroon,2000,56.7350017,0.0,2.6628651167721,0.0193819949111035,3.83241779430614,0.0,1.13442792226186,5.65350106318017,8.33574817486337,,
CMR,Cameroon,2001,,0.0,2.06877215422552,0.0184512221716903,4.32426119221549,0.0,1.61992408023583,3.59717199204675,5.68439536844397,8.7,42.1
CMR,Cameroon,2002,51.2435832,0.0,2.20608144806868,0.0209055571751343,4.47702683369155,0.0,1.71295981541175,3.05284107934737,5.27982808459118,,
CMR,Cameroon,2003,54.8511198,0.0,2.75767262898529,0.00824392638455723,5.45315368881347,0.0,2.61581878981131,2.31676395154355,5.0826805069134,,
CMR,Cameroon,2004,56.388165,0.0,1.96234360721904,0.0100498206680563,7.04886281858374,0.0,4.14782057634264,2.75939445890458,4.73178788679167,,
CMR,Cameroon,2005,59.606154,0.0,2.09014934045751,0.0149995961676798,2.22827020924117,0.00212239577712391,-0.550411134631503,5.28439433394488,7.39166566634719,,
CMR,Cameroon,2006,61.3455921,0.0,2.31550757582177,0.039115141119154,3.80958327566137,0.00585559949313202,0.995178501621496,6.18342969188823,8.54390800832229,,
CMR,Cameroon,2007,60.0242569,0.0,2.89838869243946,0.0390110756046046,4.32758900972871,0.00493306401080332,1.44056500100977,6.03958891829607,8.98192175035093,11.4,42.8
CMR,Cameroon,2008,55.7835737,0.0,2.90640886427401,0.0441662425191704,2.8476778892105,0.00527683548042512,-0.054684354254718,7.12107584128101,10.0769277835546,,
CMR,Cameroon,2009,58.2237161,0.0,2.57099509308329,0.0619603414591366,2.57925177738754,0.00447956662499743,-0.318334274636157,3.18641938368574,5.82385438485316,,
CMR,Cameroon,2010,54.5261117,0.0,2.6533964056878,0.0721667406406687,2.89902472122014,0.0529414980109188,0.000136421484427274,4.14191421736693,6.92041886170631,,
CMR,Cameroon,2011,53.2019733,0.0,2.74867808069788,0.107504320036144,3.37921128506045,0.049940575845557,0.496174364645441,5.25804310748538,8.16416608406496,,
CMR,Cameroon,2012,52.250605,0.0,2.95315623920906,0.095786445422802,4.62597872209571,0.0951680418324432,1.723811615485,5.26170344833076,8.40581417479506,,
CMR,Cameroon,2013,51.6938747,0.0,3.07549256097324,0.0615594112069462,4.99552916130783,1.46664435256529e-17,2.08714719116143,4.19597685270569,7.33302882488587,,
CMR,Cameroon,2014,50.1503044,0.0,3.19154878025812,0.0436954410837232,5.71981814509198,0.122306805074881,2.56873406379989,3.67835628658685,7.03590731300358,10.0,46.6
CMR,Cameroon,2015,47.3930506,0.0,3.58476662684073,0.0446758359983917,5.66695298703932,0.109547491948903,2.40123368709621,1.89664344480798,5.63563339959601,,
CMR,Cameroon,2016,46.3802722,0.0,3.68193626512652,0.0547069367728853,4.53579423678801,0.075259562096555,1.45711722669677,1.55546940126434,5.36737216526029,,
CMR,Cameroon,2017,45.5083351,0.0,3.74936570139859,0.0415320830954527,3.54117654926007,0.0955529946977523,0.647004976201075,2.19707562839754,6.08352640758934,,
CMR,Cameroon,2018,40.7993905,0.0,2.96352500460885,0.0,3.95551423892049,0.356813520977837,1.11514946861584,2.78430133697793,6.10463986256462,,
CMR,Cameroon,2019,38.2687805,0.0,2.64243978469301,0.0,3.47505998194981,0.49071048227931,0.636415290549962,2.42269397588966,5.55584424286198,,
CMR,Cameroon,2020,38.1952254,0.0,2.7001388449436,0.0,0.259932915907115,0.361296047441197,-2.43476031121681,1.28058779283346,4.34202268521826,,
CMR,Cameroon,2021,38.9279612,0.0,2.57962248017974,0.0,3.33885747179505,0.584760671391585,0.631351991581198,2.36159953238547,5.52598268395679,8.2,42.2
CAN,Canada,2000,87.1681737,0.0678379849881592,0.198401413322676,0.180010591231763,5.13853918994158,2.69008812026294,4.16394850425988,1.47117947256471,4.60751758237025,0.2,33.4
CAN,Canada,2001,,0.111915500607763,0.156723495979202,0.122183454333239,1.87509813099847,2.24768527470397,0.77451943124467,0.858857509112782,3.49736523473696,0.2,33.6
CAN,Canada,2002,85.8650662,0.0859207575484165,0.164436460869649,0.138256427266278,2.99925533832644,1.52405736696144,1.88796483475868,0.955943439201293,2.86861445184707,0.2,33.6
CAN,Canada,2003,84.3454256,0.0703204719569824,0.13102699318623,0.153175450905851,1.8063851195103,2.64892897467011,0.895018577517163,1.12578576172741,4.12923765244659,0.2,33.8
CAN,Canada,2004,79.1553606,0.141081981512294,0.1510644359308,0.285289345037603,3.09236381038156,2.36322206157322,2.13581556968643,1.49755944499054,4.43821726904446,0.2,33.8
CAN,Canada,2005,81.929392,0.152155931468389,0.128069957618147,0.278767398290625,3.21045441502793,3.22083898396214,2.23757664033788,1.78498681477884,5.56481908611814,0.2,33.6
CAN,Canada,2006,82.8356768,0.153706697524731,0.11198956749045,0.602746949973667,2.63794375302722,1.41752853523662,1.60290147984234,1.79784487204702,4.0838166222725,0.2,34.1
CAN,Canada,2007,83.6977442,0.109096873104644,0.0965128807031694,0.785283814075548,2.04990459443619,1.1136047676712,1.06414483533945,1.79572860434846,3.90022693990303,0.1,33.8
CAN,Canada,2008,84.6064683,0.374150835026828,0.0727446877432663,0.513529436655604,0.995406371264522,1.5731684213923,-0.093342723123186,2.54002352343034,5.07361690424834,0.1,33.9
CAN,Canada,2009,89.459614,0.198211464291355,0.0601804736865079,0.203571172276145,-2.91508627059555,0.129656375469644,-4.02008815189166,1.33142171181656,1.92304119754021,0.2,34.0
CAN,Canada,2010,83.2780066,0.246577674456861,0.0706135095834182,0.449991271187577,3.09080633744851,0.0,1.95144743974238,1.36035981724265,2.12754227247051,0.1,33.6
CAN,Canada,2011,84.2833493,0.312902433338827,0.0734701452624117,0.555035051706879,3.1371944343876,0.0,2.13607718389216,1.65206257737853,2.59347020768665,0.1,32.7
CAN,Canada,2012,84.5696233,0.165451060942996,0.0664169858483286,0.33817353580594,1.75566133205234,0.0,0.658841996943821,0.873035162318975,1.44307674491624,0.1,33.5
CAN,Canada,2013,83.2379093,0.111210926632906,0.0726685221630847,0.280229667910082,2.32581356612762,0.0,1.25359012132115,1.25009355545576,1.71420267216183,0.2,33.8
CAN,Canada,2014,85.7536891,0.0762774146791335,0.0762735444875364,0.252537145628929,2.87346675579731,0.118317835064536,1.84840950153425,1.16512699520053,1.68853293506066,0.1,33.2
CAN,Canada,2015,86.0984726,0.0677434311762043,0.0768660562291727,0.153735192881661,0.64997101491096,0.0,-0.112369151907927,0.0345891578218769,0.332933838108915,0.2,33.7
CAN,Canada,2016,85.7484945,0.0762147109420282,0.0779731636355075,0.160582352644183,1.03855091989323,0.0,-0.0982963673716881,0.471724709301756,0.786494936523475,0.2,32.7
CAN,Canada,2017,83.3042064,0.0890428258212832,0.0863557550922512,0.204739486731936,3.03383491841392,0.0,1.80946447841099,0.816766635206739,1.19690470285221,0.2,33.3
CAN,Canada,2018,81.902439,0.0853870422151225,0.0613771171431524,0.125273089273862,2.74296341402246,0.0205383386190184,1.28092656218273,1.50562872928079,1.79820431653194,0.1,32.5
CAN,Canada,2019,81.3392569,0.053736494242235,0.0705504636032084,0.188938776268746,1.90843193887251,0.0,0.429657594374362,1.6199500962193,1.93317583033348,0.1,31.8
CAN,Canada,2020,82.045178,0.0442539359555517,0.0751574921932715,0.233498836098608,-5.03823342794087,0.0,-6.06240641639141,0.8889084820818,1.24181874632923,0.0,29.9
CAN,Canada,2021,78.8835053,0.0730211132400775,0.0680306464521413,1.18426034810901,5.95052804984759,0.793958417895896,5.36528783461416,2.82978528865474,4.94905581435186,0.1,31.1
CYM,Cayman Islands,2000,77.9438311,,,,,,,,,,
CYM,Cayman Islands,2001,,,,,,,,,,,
CYM,Cayman Islands,2002,77.9810314,,,,,,,,,,
CYM,Cayman Islands,2003,77.8925948,,,,,,,,,,
CYM,Cayman Islands,2004,84.1472722,,,,,,,,,,
CYM,Cayman Islands,2005,86.0714478,,,,,,,,,,
CYM,Cayman Islands,2006,86.1222878,0.0,0.0,0.0,,0.0,,0.0,0.0,,
CYM,Cayman Islands,2007,86.2062456,0.0,0.0,0.0,3.16262522652799,0.0,0.141681726123494,0.0,0.0,,
CYM,Cayman Islands,2008,86.1959044,0.0,0.0,0.0,-0.357401201092983,0.0,-3.20928610347219,0.0,0.0,,
CYM,Cayman Islands,2009,88.3887634,0.0,0.0,0.0,-7.20048244664706,0.0,-9.78775091467642,0.0,0.0,,
CYM,Cayman Islands,2010,87.1809371,0.0,0.0,0.0,-2.71563526217577,0.0,-5.37886645271013,0.0,0.0,,
CYM,Cayman Islands,2011,87.0967521,0.0,0.0,0.0,1.16906219839106,0.0,-1.57276020805743,0.0,0.0,,
CYM,Cayman Islands,2012,87.0878662,0.0,0.0,0.0,1.22975365701149,0.0,-1.48099828738833,0.0,0.0,,
CYM,Cayman Islands,2013,87.0607133,0.0,0.0,0.0,1.27933101999021,0.0,-1.34351961199967,0.0,0.0,,
CYM,Cayman Islands,2014,87.687755,0.0,0.0,0.0,2.65452798451271,0.0,0.0864584263895267,0.0,0.0,,
CYM,Cayman Islands,2015,87.6669274,0.0,0.0,0.0,2.8331222262961,0.0,0.360803236980843,0.0,0.0,,
CYM,Cayman Islands,2016,82.5382366,0.0,0.0,0.0,3.23997433895669,0.0,0.85449283996779,0.0,0.0,,
CYM,Cayman Islands,2017,82.5468526,0.0,0.0,0.0,3.18404592334522,0.0,0.889645893903833,0.0,0.0,,
CYM,Cayman Islands,2018,82.6074581,0.0,0.0,0.0,4.26726745249641,0.0,2.04407129171315,0.0,0.0,,
CYM,Cayman Islands,2019,87.6795319,0.0,0.0,0.0,3.91563534249416,0.0,1.77641822923059,0.0,0.0,,
CYM,Cayman Islands,2020,87.6721629,0.0,0.0,0.0,-4.95480696516726,0.0,-6.83262897536278,0.0,0.0,,
CYM,Cayman Islands,2021,90.8915031,0.0,0.0,0.0,4.86941655353661,0.0,2.73935936787683,0.0,0.0,,
CAF,Central African Republic,2000,35.1676023,0.0,11.1807734027722,0.00268071275368099,-2.48943244028874,0.0,-5.13401462675454,0.0,11.1834541155259,,
CAF,Central African Republic,2001,,0.0,10.8665905408925,0.00433400512692771,4.46473902640867,0.0,2.17071826482889,0.0,10.8709245460195,,
CAF,Central African Republic,2002,32.427553,0.0,11.3539894837758,0.00521228510367512,3.61654219150596,0.0,1.37690566221247,0.0,11.3592017688794,,
CAF,Central African Republic,2003,35.4756399,0.0,11.7012893866539,0.00230510920825197,-5.39748521855877,0.0,-7.63416642788093,0.0,11.7035944958621,,
CAF,Central African Republic,2004,40.1468683,0.0,8.16761786775853,0.000693933579054636,5.99488422798696,0.0,3.72625182811642,0.0,8.16831180133758,,
CAF,Central African Republic,2005,41.3471684,0.0,8.63313281019365,0.00218731694397849,0.908210514871953,0.0,-1.35012540536219,0.0,8.63532012713763,,
CAF,Central African Republic,2006,36.4176355,0.0,10.0112091539586,0.00373003251029934,4.77108543044105,0.0,2.64652651726671,0.0,10.0149391864689,,
CAF,Central African Republic,2007,36.4763911,0.0,9.94407564354005,0.00366106045431971,4.60753485452025,0.0,2.61065388109087,0.0,9.94773670399437,,
CAF,Central African Republic,2008,36.7970588,0.0,11.7251243751801,0.0176030768666518,2.05413096200485,0.0,-0.0996463174017777,0.0,11.7427274520468,33.9,56.2
CAF,Central African Republic,2009,43.1620714,0.0,8.73520386004208,0.0283705393270576,8.58726042640994,0.0,9.30502220176477,0.0,8.76357439936913,,
CAF,Central African Republic,2010,36.5700666,0.0,7.8638187353622,0.0347440245644676,4.63081843223307,0.0,5.47038096593693,0.0,7.89856275992667,,
CAF,Central African Republic,2011,39.1023216,0.0,8.40575697500705,0.0447415565872955,4.19461533741989,0.0,2.55065326927321,0.0,8.45049853159435,,
CAF,Central African Republic,2012,33.9342509,0.0,9.12549087234517,0.042192971015475,5.05376125356918,0.0,4.00963689358869,0.0,9.16768384336065,,
CAF,Central African Republic,2013,29.1833198,0.0,13.2496581520766,0.0460300011133632,-36.3919770983887,0.0,-36.8245466038613,0.0,13.29568815319,,
CAF,Central African Republic,2014,23.4252011,0.0,11.232508502298,0.0335637510136221,0.0810705153264877,0.0,0.497506544343594,0.0,11.2660722533116,,
CAF,Central African Republic,2015,33.6022017,0.0,12.6643378766715,0.0282855145599758,4.33712103020231,0.0,4.19878078824811,0.0,12.6926233912315,,
CAF,Central African Republic,2016,36.8824737,0.0,13.0244754891268,0.0337874046918489,4.75031684122342,0.0,2.87598768927953,0.0,13.0582628938186,,
CAF,Central African Republic,2017,34.6946725,0.0,13.3701640044601,0.0474263730896755,4.52727821346231,0.0,2.7861131027974,0.0,13.4175903775497,,
CAF,Central African Republic,2018,33.5480547,0.0,11.1230599631798,0.0556825136573876,3.78944359275462,0.0,1.9780319759616,0.0,11.1787424768372,,
CAF,Central African Republic,2019,34.2446868,0.0,9.74143833461729,0.0696846840058246,3.09999999999999,0.0,1.72290159793216,0.0,9.81112301862311,,
CAF,Central African Republic,2020,26.0838429,0.0,9.69738531930019,0.187943545798735,0.899999996857062,0.0,-0.744488614542561,0.0,9.88532886509892,,
CAF,Central African Republic,2021,28.8455909,0.0,9.49214772137022,0.76804803651011,0.982919996264229,0.0,-0.705468755505223,0.0,10.2601957578803,34.4,43.0
TCD,Chad,2000,40.4747018,0.0,10.5734977135563,0.0,-0.879681024156014,0.0,-4.24950215601882,0.0,10.5734977135563,,
TCD,Chad,2001,,0.0,8.36504776729485,0.0,11.6581346550771,0.0,7.95445706927111,0.0,8.36504776729485,,
TCD,Chad,2002,36.1980208,0.0,8.65186088391704,0.0,8.4912098197177,0.0,4.77730878889039,0.0,8.65186088391704,,
TCD,Chad,2003,40.4183188,0.0,9.59550342274883,0.0,14.7216670123589,0.0,10.2279881027344,4.74383447804891,14.3393379007977,29.3,39.8
TCD,Chad,2004,40.2011707,0.0,5.06646344974252,0.0,33.6293718498522,0.0,27.8073148127989,29.8599644670772,34.9264279168197,,
TCD,Chad,2005,40.4208213,0.0,3.64957178479374,0.00440105835601705,17.3325337352162,0.0,12.6968038844502,32.6666259924004,36.3205988355502,,
TCD,Chad,2006,35.6711046,0.0,3.39765970119851,0.0110102374005071,-0.54282957080251,0.0,-4.05733919631511,30.8512410137952,34.2599109523942,,
TCD,Chad,2007,36.483591,0.0,4.09231968708557,0.0107913517039891,4.20017418353298,0.0,0.671852924810707,28.9574096374403,33.0605206762299,,
TCD,Chad,2008,34.730988,0.0,4.24744740727189,0.00785128126343534,3.08119033854541,0.0,-0.463468027746472,29.6642941556194,33.9195928441547,,
TCD,Chad,2009,47.618666,0.0,4.71043340556016,0.0103492447249394,-1.40828262637592,0.0,-4.86874608907731,14.6756159361222,19.3963985864073,,
TCD,Chad,2010,47.2797756,0.0,3.73802900960051,0.0116300353875234,13.6738272725339,0.0,9.80713114990233,20.0317465897842,23.7814056347722,,
TCD,Chad,2011,46.1936404,0.0,3.75353152364583,0.0169080248308308,4.49542967058827,0.0,0.870883386044198,24.3983730486377,28.1688125971144,18.4,43.3
TCD,Chad,2012,45.8633403,0.0,4.26216054509243,0.0,9.06180392253447,0.0,5.29734255099544,20.5311950776099,24.7933556227023,,
TCD,Chad,2013,45.5821481,0.0,4.26303360593808,0.0014025320669766,2.83821524730293,0.0,-0.767831669389352,15.7791942816497,20.0436304196548,,
TCD,Chad,2014,43.1917592,0.0,4.31922201939071,0.00106445436073507,2.06283074361411,0.0,-1.51652756694816,11.3679339086533,15.6882203824047,,
TCD,Chad,2015,46.7159018,0.0,5.67318871246126,0.00102209769486153,3.30415979779805,0.0,0.0674074944662948,6.2969962979888,11.9712071081449,,
TCD,Chad,2016,42.9758871,0.0,6.51175753528777,0.00142486258583427,-4.12250332637034,0.0,-7.08506190157246,6.59687876223435,13.110061160108,,
TCD,Chad,2017,42.5316168,0.0,6.60960421717628,0.0,-1.61746922820204,0.0,-4.81719582036631,10.2750096848343,16.8846139020106,,
TCD,Chad,2018,42.657761,0.0,4.32777401006192,0.0,5.74111580758154,0.0,2.24768972082788,16.6121673665612,20.9399413766231,12.8,37.5
TCD,Chad,2019,41.0898392,0.0,4.07919932216284,0.0,5.38282202874814,0.0,2.04363651447466,15.5707595430138,19.6499588651766,,
TCD,Chad,2020,41.0848275,0.0,4.70124014283584,0.0,-0.393646582380399,0.00367854634251894,-3.51319644390499,9.22817147863275,13.9330901678111,,
TCD,Chad,2021,37.038907,0.0,4.57787415477362,0.0,0.293442648033434,0.013490946600622,-3.10209208613276,16.7515661611417,21.3429312625159,,
CHI,Channel Islands,2000,,,0.0,0.0,,,,,0.0,,
CHI,Channel Islands,2001,,,0.0,0.0,,,,,0.0,,
CHI,Channel Islands,2002,,,0.0,0.0,,,,,0.0,,
CHI,Channel Islands,2003,,,0.0,0.0,,,,,0.0,,
CHI,Channel Islands,2004,,,0.0,0.0,,,,,0.0,,
CHI,Channel Islands,2005,,,0.0,0.0,,,,,0.0,,
CHI,Channel Islands,2006,,,0.0,0.0,,,,,0.0,,
CHI,Channel Islands,2007,,,0.0,0.0,,,,,0.0,,
CHI,Channel Islands,2008,,,,,,,,,,,
CHI,Channel Islands,2009,,,,,,,,,,,
CHI,Channel Islands,2010,,,,,-3.60663231572742,,-4.28117501896055,,,,
CHI,Channel Islands,2011,,,,,1.12504310895372,,0.438026517384117,,,,
CHI,Channel Islands,2012,,,,,-5.75366122139113,,-6.37565059386247,,,,
CHI,Channel Islands,2013,,,,,0.493931120528785,,-0.133468759749221,,,,
CHI,Channel Islands,2014,,,,,2.42710178482311,,1.8297582773701,,,,
CHI,Channel Islands,2015,,,,,0.374367083829384,,-0.0726855379298144,,,,
CHI,Channel Islands,2016,,,,,1.21302407657195,,0.948076599842508,,,,
CHI,Channel Islands,2017,,,,,1.80648131383585,,1.5363504960191,,,,
CHI,Channel Islands,2018,,,,,1.1222435658518,,0.736021076194476,,,,
CHI,Channel Islands,2019,,,,,1.57335596156342,,1.15023329351136,,,,
CHI,Channel Islands,2020,,,,,-8.89677926591959,,-9.22341035779262,,,,
CHI,Channel Islands,2021,,,,,9.93680136985076,,9.60318203511517,,,,
CHL,Chile,2000,76.0490682,0.0,0.416011724609717,4.3408550303353,4.9716214882971,0.0492733030540225,3.72361873178446,0.0648093154178196,4.87094937341686,3.1,52.8
CHL,Chile,2001,,0.00137950035539109,0.511792362706909,3.31968916729076,3.15403492459967,0.0562807667278416,1.96875181903661,0.0510190743548732,3.94016087143578,,
CHL,Chile,2002,82.5425275,0.0,0.778077491733223,2.82461629362167,3.20279913520113,0.0437175691931366,2.06991885847773,0.0501709401792536,3.69658229472728,,
CHL,Chile,2003,79.3667318,1.86613613263971e-07,0.5550393113707,4.38038439919149,4.72324526861041,0.0255686799154457,3.63301530196716,0.0506283318232754,5.01162090891452,2.9,51.5
CHL,Chile,2004,76.7445575,0.00436179509414074,0.413738445575159,9.08081866316417,6.67425416822923,0.019692704959145,5.60291985486168,0.0480418034693177,9.56665341226193,,
CHL,Chile,2005,81.6312344,0.00452910146140704,0.434217132404555,9.27535102760256,5.83704571917758,0.0355430214805236,4.79182839139716,0.0466681498310735,9.79630843278012,,
CHL,Chile,2006,80.7497436,0.00396307707123133,0.405534974488473,16.8703851667569,6.04999082563968,0.0384461522535262,5.01952135827457,0.0305200002965691,17.3488493708667,1.0,47.7
CHL,Chile,2007,78.8253048,0.00262239345949179,0.520496015015878,16.5646131991133,5.16823098528431,0.0395838125596647,4.14386212927862,0.0244412955141765,17.1517567156625,,
CHL,Chile,2008,78.6853399,0.017518031560179,0.628706553302093,13.0984754101501,3.78939280635238,0.0413250084352478,2.75755699285021,0.0394143420844663,13.8254393455321,,
CHL,Chile,2009,80.5530728,0.00413931434107068,0.587715134082397,8.12539086996139,-1.11803723642878,0.0505988665683244,-2.11061042692428,0.0241963153528489,8.79204050030603,0.9,47.4
CHL,Chile,2010,81.3000734,0.00803498205936179,0.616495495596412,11.317663311545,5.85165102224047,0.0282523464279479,4.79363748014636,0.0177167005915164,11.9881628362203,,
CHL,Chile,2011,76.1380292,0.00946025062745968,0.566021853462164,11.524686737595,6.22389678509138,0.0440500118610045,5.18104033334399,0.0202996901928584,12.1645185437385,0.5,46.9
CHL,Chile,2012,76.021408,0.00677063368138203,0.519691887331636,8.45777139773805,6.15534001855494,0.0362681843736354,5.14158431251035,0.0339242699071752,9.05442637303188,,
CHL,Chile,2013,75.7046809,0.0209492686777565,0.573829483564454,7.00031067490142,3.30850824710085,0.0300928851237097,2.32789256098182,0.0371419227856785,7.66232423505302,0.3,46.8
CHL,Chile,2014,78.1672106,0.0242195938381422,0.640187552028643,6.15970096777187,1.79264947139259,0.0237423341784095,0.783002086375433,0.0299545823134528,6.87780503013052,,
CHL,Chile,2015,77.4767227,0.0152173546318032,0.718286897682067,3.28771652306778,2.15194249981184,0.0163761783716805,1.11370445947465,0.00702175038442219,4.04461870413776,0.2,45.3
CHL,Chile,2016,76.036093,0.0133752190489627,0.747814491215409,2.42915567711849,1.753038749071,0.00818465808036596,0.52983351729867,0.00716567782254964,3.20569572328577,,
CHL,Chile,2017,75.9626148,0.0156030837579444,0.862586901472617,4.40604754508335,1.35769537343957,0.0100470032058539,-0.235110167425177,0.00833339168997084,5.30261792520974,0.2,45.3
CHL,Chile,2018,77.4109534,0.015765082710182,0.794710492382897,4.99157894253016,3.99002947789977,0.0228131047345746,2.14988195463914,0.0122096396579944,5.83707726201581,,
CHL,Chile,2019,68.7252227,0.00773911690521945,0.765194809303828,1.75323566107489,0.644223402631923,0.0313384615447608,-0.952396500724504,0.01138461169495,2.56889266052365,,
CHL,Chile,2020,68.2219116,0.0024227961414755,0.860652964691752,4.60239970949196,-6.1396969411886,0.0143455551337787,-6.97738648556296,0.00734834195127083,5.48716936741024,0.9,47.0
CHL,Chile,2021,68.3937218,0.0001519770108825,0.642780125199411,16.2274265774554,11.3374032409913,0.0213598763535539,10.8469342332232,0.0126983242549898,16.9044168802743,,
CHN,China,2000,61.3416651,0.146386681969002,0.222728103385288,0.143065124667862,8.57357328926101,0.14650852993033,7.72142235903391,2.03905175243341,2.6977401923859,,
CHN,China,2001,,0.801896055646553,0.210789669455107,0.124862064663083,8.32404695347056,0.134243959482196,7.54005288797013,1.32058497741337,2.59237672666031,,
CHN,China,2002,58.0527003,0.263542850237849,0.20640257959759,0.127806840215127,9.23604870383861,0.114450402325318,8.50661398311242,1.24409369454799,1.95629636692387,18.2,42.0
CHN,China,2003,56.0710792,0.220007406138794,0.240689050804823,0.137301920518456,10.1138119025242,0.134315827720248,9.43008751939767,1.28559248986066,2.01790669504299,,
CHN,China,2004,58.2173345,2.48180871668287,0.188707218726145,0.263034043120524,10.1404291872206,0.156262243265364,9.48820783119425,1.63506369666261,4.72487591845752,,
CHN,China,2005,56.3452765,1.84458902608905,0.143362505187732,0.719382293325194,11.4535130030645,0.164824325904146,10.7999508064974,2.23061473485701,5.10277288536313,10.3,40.9
CHN,China,2006,56.8318168,1.8434710833023,0.138537980548949,1.17112949883967,12.6752842281595,0.142534786756028,12.0478875638328,2.2255244607283,5.52119781017524,,
CHN,China,2007,57.3479835,2.10209759333344,0.182953176504025,2.15745853560002,14.1507710506103,0.125539522363848,13.5561478146964,1.75983053566581,6.32787936346715,,
CHN,China,2008,56.4442797,4.95292742699964,0.225378563420553,2.36221058764274,9.66877608164454,0.117610932160963,9.10828477328671,1.9902860340032,9.6484135442271,8.2,43.0
CHN,China,2009,60.5881052,1.70995200685933,0.199418441148153,0.996362930664087,9.40610014336416,0.11303728959797,8.86328559816117,0.899050539990343,3.91782120825988,,
CHN,China,2010,55.3445851,2.74101073299239,0.188631846924808,2.02001128407646,10.5916903885704,0.114498931303681,10.0588648070302,1.22257362123247,6.2867264165298,6.1,43.7
CHN,China,2011,55.0877666,3.531173681463,0.164685773754062,2.33286209782444,9.46205248298186,0.111272165477375,8.86552016620182,1.54520918045373,7.68520289897261,4.3,42.4
CHN,China,2012,55.3418691,1.77837319641686,0.141421178461122,0.783715365961303,7.8578201481217,0.101496660091287,7.12864747408331,1.28348679227813,4.0884931932087,3.5,42.2
CHN,China,2013,56.2820438,1.08227721470867,0.126224407607297,0.604283761994796,7.77842954757257,0.0941454766793496,7.06293206554041,1.07614082250695,2.98307168349706,1.1,39.7
CHN,China,2014,56.9460927,0.795129720884853,0.142383969781314,0.358822126128755,7.46100735778161,0.125698597465449,6.78578256558413,0.888100390466572,2.31013480472694,0.7,39.2
CHN,China,2015,56.5636835,0.404630230720423,0.0967515179176365,0.203345375101355,6.98162255562367,0.134795850990954,6.36137631292877,0.335243616051991,1.17476659078236,0.4,38.6
CHN,China,2016,57.3289648,0.413140466173888,0.103468084376343,0.185155152566946,6.7736886867727,0.104843531709252,6.16357090866066,0.245866848453772,1.0524740832802,0.2,38.5
CHN,China,2017,62.4219089,0.53771676055273,0.120213781350851,0.235890375798972,6.89123916636191,0.106612708521095,6.24623915563534,0.313804041024999,1.31423766724865,0.1,39.1
CHN,China,2018,61.8459925,0.582602393231466,0.0973259924176176,0.178921788137024,6.757806142324,0.153295372359551,6.25969538838069,0.413038667779282,1.42518421392494,0.0,38.5
CHN,China,2019,63.5270765,0.448117054740137,0.0873021038880976,0.272313304955158,6.06737806333672,0.160723457303557,5.69178029552671,0.298457754882779,1.26691367576973,0.0,38.2
CHN,China,2020,60.7244539,0.359558405712834,0.0860228439754596,0.168349189697692,2.33950385203023,0.135539849767672,2.09618372204399,0.114304451775114,0.863774740928771,0.0,37.1
CHN,China,2021,61.4673891,0.607568894164746,0.0708433815950244,0.510049245324858,8.57038414981781,0.210524604380993,8.47352592384939,0.308578757061099,1.70756488252672,0.0,35.7
COL,Colombia,2000,29.8839848,0.00594743270414655,0.148326811166219,0.389708655622565,2.92486148176778,0.111515277869386,1.25270223212341,5.13691457442314,5.79241275178545,12.8,58.4
COL,Colombia,2001,,0.0917148556563016,0.145577434723163,0.152327976739115,1.67789830787579,0.119128827948719,0.0920725777672828,3.3895291211657,3.898278216233,13.8,57.3
COL,Colombia,2002,25.3197419,0.0189143133586352,0.139516276969955,0.224937813829373,2.50398046659659,0.0943543415243117,0.939608606713477,3.4723491449574,3.95007189063968,8.0,56.0
COL,Colombia,2003,26.0280015,0.012881055924233,0.155687458830806,0.620164530768051,3.91827190322513,0.0735630238143874,2.36282939630979,3.70073313323441,4.56302920257189,7.6,53.6
COL,Colombia,2004,31.939793,1.06821593565836,0.109424467464506,0.841593768194265,5.33302206759905,0.0624997059439029,3.79715867736165,3.84640284854431,5.92813672580534,6.6,55.0
COL,Colombia,2005,31.7315837,0.596433944424005,0.0965998792342974,0.80580348647962,4.82876110773741,0.100445843787992,3.37111077766936,4.6618753019502,6.26115845587611,6.0,53.9
COL,Colombia,2006,34.5742712,0.667109273396652,0.108781780826151,1.23045243442855,6.71686869844402,0.138003736740983,5.31174394421016,5.14627956079988,7.29062678619221,,
COL,Colombia,2007,38.2877257,1.00789274631713,0.0930564086209007,1.22421445839599,6.73819469090975,0.137520220909257,5.39446786231066,4.23708928157192,6.6997731158152,,
COL,Colombia,2008,37.8071024,2.52115179783189,0.095402921197433,0.483899310883528,3.28344618616541,0.153846594070654,2.04799051810861,5.53392629328463,8.78822691726813,6.4,55.0
COL,Colombia,2009,39.1755145,0.693707471444523,0.129557535076959,0.558259226379061,1.13964864548062,0.205016544784415,-0.0317051022677077,3.27049268265203,4.85703346033699,5.7,54.1
COL,Colombia,2010,43.1639794,1.27474708918259,0.172103286971127,0.735935017297204,4.49465897070922,0.126227349398466,3.31434936742798,4.39207978728564,6.70109253013503,5.0,54.4
COL,Colombia,2011,45.9787128,1.77817848904041,0.134342784008874,0.779801054641043,6.94789198173555,0.235528552582625,5.80823503363762,6.932640671944,9.86049155221695,4.0,53.3
COL,Colombia,2012,43.151392,1.03216023590783,0.127700993861575,0.686447911012174,3.91263576716115,0.245199962236551,2.87569627540904,6.20532168790636,8.29683079092449,4.9,53.6
COL,Colombia,2013,43.7037921,0.731247317458531,0.150722492023095,0.349514038217319,5.13399351995672,0.27873333434137,4.14129387844136,5.87412217837008,7.3843393604104,4.5,53.5
COL,Colombia,2014,48.8925418,0.592321749950267,0.160052347346257,0.264573877688045,4.49903000110972,0.249868141338717,3.5703066542077,5.26376178203189,6.53057789835517,4.2,53.6
COL,Colombia,2015,49.5727208,0.570764338950047,0.178719664637305,0.174415252189526,2.95590137527523,0.154268801916413,2.06923227113727,2.62770808784162,3.70587614553491,3.9,52.0
COL,Colombia,2016,50.9727937,0.708360151216034,0.184468318968829,0.28236548926945,2.08738250162794,0.0625158675282947,1.08114925712198,1.86176731845908,3.09947714544169,3.9,51.7
COL,Colombia,2017,52.5716247,0.859687671858285,0.151403746105176,0.217285980775992,1.35936086788746,0.0740134626050438,-0.101221554133033,2.42584234973897,3.72823321108347,3.6,50.9
COL,Colombia,2018,54.5255309,0.870600652866166,0.108675201327311,0.146434355249825,2.56432428277704,0.174481375671232,0.695264947238812,3.64006660382347,4.940258188938,3.9,51.6
COL,Colombia,2019,50.4304751,0.666127039502179,0.101012799765967,0.19876158397522,3.18685539245533,0.19571942392748,1.36014067984289,3.14271008185612,4.30433092902696,4.5,52.5
COL,Colombia,2020,54.2459136,0.389999760965154,0.138644809443495,0.334771272385278,-7.18591413760859,0.124980430688447,-8.50949477621059,1.56279790261714,2.55119417609951,7.3,54.4
COL,Colombia,2021,48.5602739,0.725814104210245,0.0879916865767101,0.910145514972726,10.8011981904878,0.175988272187925,9.5929782838861,3.42402487593374,5.32396445388134,4.4,55.1
COM,Comoros,2000,55.9620029,0.0,1.39951988105558,0.0,-1.00701887109655,0.0,-2.88945143643761,0.0,1.39951988105558,,
COM,Comoros,2001,,0.0,1.27343022376926,0.0,5.41959971808741,0.0,3.27352621774114,0.0,1.27343022376926,,
COM,Comoros,2002,63.1043837,0.0,1.37514673190594,0.0,4.59768263263243,0.0,2.40756578317429,0.0,1.37514673190594,,
COM,Comoros,2003,49.3574431,0.0,1.65536751885293,0.0,1.93442812313498,0.0,-0.011062920777249,0.0,1.65536751885293,,
COM,Comoros,2004,56.9844717,0.0,1.23259320703783,0.0,3.10041210399676,0.0,1.16411909687749,0.0,1.23259320703783,7.6,55.9
COM,Comoros,2005,54.0754905,0.0,1.29730854580131,0.0,5.66520240193151,0.0,3.53060047143931,0.0,1.29730854580131,,
COM,Comoros,2006,59.1886745,0.0,1.26530963882956,0.0,-1.75444679449394,0.0,-3.71626145355258,0.0,1.26530963882956,,
COM,Comoros,2007,48.8723804,0.0,1.58338531970231,0.0,0.803599788247752,0.0,-1.18558697748325,0.0,1.58338531970231,,
COM,Comoros,2008,48.8622117,0.0,1.71669245535594,0.0,3.96461118871815,0.0,1.91937430669343,0.0,1.71669245535594,,
COM,Comoros,2009,57.2511769,0.0,1.74911916314292,0.0,3.24074074074075,0.0,1.2079203319485,0.0,1.74911916314292,,
COM,Comoros,2010,57.6523605,0.0,1.59344239758779,0.0,3.77776673684423,0.0,1.73513066388675,0.0,1.59344239758779,,
COM,Comoros,2011,56.8804191,0.0,1.63354218561465,0.0,4.14350668765977,0.0,2.08263580496299,0.0,1.63354218561465,,
COM,Comoros,2012,59.1460867,0.0,1.91653686564634,0.0,3.1684098843342,0.0,1.11391111554475,0.0,1.91653686564634,,
COM,Comoros,2013,61.8017529,0.0,1.84106336379863,0.0,4.46624729869704,0.0,2.28116402689325,0.0,1.84106336379863,,
COM,Comoros,2014,65.6326741,0.0,1.97695678379704,0.0,2.10665760321017,0.0,-0.0905995194762568,0.0,1.97695678379704,12.0,45.3
COM,Comoros,2015,64.2429749,0.0,2.46576426845081,0.0,1.14735632260047,0.0,-0.96541889629961,0.0,2.46576426845081,,
COM,Comoros,2016,61.4537187,0.0,2.50675650816682,0.0,3.3204465548877,0.0,1.22281058132006,0.0,2.50675650816682,,
COM,Comoros,2017,62.478104,0.0,2.36385311111587,0.0,3.81576287489548,0.0,1.76762596404485,0.0,2.36385311111587,,
COM,Comoros,2018,58.9314888,0.0,1.55194278873705,0.0,3.64245114733689,0.0,1.63821442372796,0.0,1.55194278873705,,
COM,Comoros,2019,58.1216877,0.0,1.48652356146246,0.0,1.76078023564568,0.0,-0.178239892265168,0.0,1.48652356146246,,
COM,Comoros,2020,58.1003511,0.0,1.59920965443734,0.0,-0.195556841918759,0.0,-2.13462938280972,0.0,1.59920965443734,1.7,34.2
COM,Comoros,2021,59.0937521,0.0,1.62843413378353,0.0,2.04245238320844,0.0,0.0455645511488143,0.0,1.62843413378353,,
COD,"Congo, Dem. Rep.",2000,22.3342967,0.0,6.57116959913481,0.0774613162726291,-6.91092731714194,0.0,-9.84965913432067,0.862629545247728,7.51126046065517,,
COD,"Congo, Dem. Rep.",2001,,0.0,16.5869183715486,0.115803321235549,-2.10017302429294,0.0,-5.15214146648994,1.71728779678104,18.4200094895652,,
COD,"Congo, Dem. Rep.",2002,27.2767245,0.0,17.2884588952621,0.12708365849521,2.94776518253177,0.0,-0.150938086630475,1.45214336853988,18.8676859222972,,
COD,"Congo, Dem. Rep.",2003,30.1130389,0.0,27.7433556144152,0.216470606221018,5.57782231227127,0.0,2.53825002982666,1.59353042142954,29.5533566420657,,
COD,"Congo, Dem. Rep.",2004,28.0440471,0.0,21.5433464070402,0.405551757964498,6.73837393320788,0.0,3.64120168825156,2.13752329731202,24.0864214623167,65.3,41.6
COD,"Congo, Dem. Rep.",2005,30.4536938,0.0,19.5577636384875,1.52097033196487,6.1351511550716,0.0,2.92453150441195,2.66413154294407,23.7428655133964,,
COD,"Congo, Dem. Rep.",2006,30.824081,0.0,16.3793005756254,5.05804607329062,5.10894433184896,0.00513769571119614,1.91803613632446,2.58333183654341,24.0258161811706,,
COD,"Congo, Dem. Rep.",2007,31.263693,0.0,20.7893236872295,2.41940915087099,8.58332298445387,0.00855333648062325,5.34752781053874,2.54642184974013,25.7637080243213,,
COD,"Congo, Dem. Rep.",2008,32.730543,0.0,21.2686142155494,4.34789395952976,7.43333574200602,0.00896323541592904,4.24171595779457,2.83293568116403,28.4584070916592,,
COD,"Congo, Dem. Rep.",2009,39.7386061,0.0,23.0651610808746,3.809428143282,0.541570197421564,0.00813765944593777,-2.51860845278931,1.37907393656144,28.261800820164,,
COD,"Congo, Dem. Rep.",2010,31.2204646,0.0,17.7354068020072,6.41161516606728,8.61867717510543,0.00779976296726188,5.21103758230342,1.80606291179953,25.9608846428413,,
COD,"Congo, Dem. Rep.",2011,28.9220533,0.0,17.0388913993808,9.3917398141362,-0.403164081254445,0.00957307017895588,-3.61710580676336,2.44284320183572,28.8830474855316,,
COD,"Congo, Dem. Rep.",2012,28.0279579,0.0,17.4413649126141,7.62424604775848,8.66859360586926,,5.10047276903202,2.05735950238427,27.1229704627568,41.0,42.1
COD,"Congo, Dem. Rep.",2013,27.875614,0.0,16.3743976286036,7.80936228605857,17.5159124688348,,13.5855917153835,1.5624595976329,25.746219512295,,
COD,"Congo, Dem. Rep.",2014,27.4916572,0.0,16.5325136965002,6.96634515795802,7.30227750870263,0.000561016888275066,3.72497982298587,1.0574581164719,24.5568779878184,,
COD,"Congo, Dem. Rep.",2015,31.5476986,0.0,16.473695291406,3.2899447509583,6.35973756164829,0.00021856597277561,2.90483865777841,0.345534121829134,20.1093927301662,,
COD,"Congo, Dem. Rep.",2016,27.9914272,0.0,17.8037964847478,2.46160219519804,0.393832798154563,4.59100664006211e-05,-3.09891686152069,0.306678110044986,20.5721227000572,,
COD,"Congo, Dem. Rep.",2017,27.2322679,0.0,17.1039784926126,7.00172639884998,4.24121047272719,4.85414901302104e-05,0.498126250776636,0.659902410781335,24.7656558437341,,
COD,"Congo, Dem. Rep.",2018,33.49551,0.0,9.5403311441327,8.09288830144681,6.07168870646615,6.12298906058406e-05,2.57995294310305,0.783495113502667,18.4167757889728,,
COD,"Congo, Dem. Rep.",2019,37.7644428,0.0,8.48541274305594,3.63527603517241,0.555384294580819,6.04172796864765e-05,-2.58176822938702,0.629309383334329,12.7500585788424,,
COD,"Congo, Dem. Rep.",2020,35.0400198,0.0,9.93475683809697,5.63458993212314,0.775427992354622,0.0,-2.41880983949436,0.358850561150071,15.9281973313702,48.7,44.7
COD,"Congo, Dem. Rep.",2021,38.0263926,0.0,9.36463181694085,28.8127978039482,6.42961005647355,0.0,3.03871005349485,0.649836903019219,38.8272665239082,,
COG,"Congo, Rep.",2000,36.4655118,0.0,3.72987150141885,0.000634467059634891,7.5759803952642,0.0,3.53179165255042,55.9533665542603,59.6838725227388,,
COG,"Congo, Rep.",2001,,0.0,4.80528928742161,0.000722654768183349,3.80260189913561,0.0,-0.041524211389671,43.2924415564204,48.0984534986102,,
COG,"Congo, Rep.",2002,34.9979393,0.0,6.01024565691409,0.000855530950456708,4.58187006108889,0.0,2.1400863574699,40.6339102482945,46.645011436159,,
COG,"Congo, Rep.",2003,44.6442589,0.0,6.49659594087369,0.0003757662868597,0.813264076303781,,-1.96564823937744,32.8203228243625,39.3172945315231,,
COG,"Congo, Rep.",2004,45.4402718,0.0,3.32029649271918,0.00433357312227434,3.47663162118089,,-0.000136349476449027,36.7574181614469,40.0820482272883,,
COG,"Congo, Rep.",2005,44.2385009,0.0,3.11241330810725,0.00352047916312986,7.75575897806648,0.0373602563649983,3.9415931821321,44.9456173814714,48.0989114251068,22.7,47.3
COG,"Congo, Rep.",2006,50.8551681,0.0,3.05068262465246,0.00675492863484863,7.98623836334291,0.136515195916912,4.01799119733973,50.1208093428642,53.3147620920685,,
COG,"Congo, Rep.",2007,51.496092,0.0,3.33148271936883,0.00708564504835651,-6.61399480441001,0.194880093886761,-9.96945133776909,43.9536353057112,47.4870837640152,,
COG,"Congo, Rep.",2008,52.2516351,0.0,3.5448820864976,0.00700479907864409,6.30637595585259,0.232242539355073,2.86698415150693,48.8603735696485,52.6445029945798,,
COG,"Congo, Rep.",2009,59.3735999,0.0,3.20760377978834,0.00988882600394737,11.6372888615758,0.34102428913248,7.26428280496805,32.0193923725837,35.5779092675085,,
COG,"Congo, Rep.",2010,56.8009862,0.0,2.49416286944495,0.0141542458702399,9.93126543095578,0.490499136773879,5.47046970435608,40.9410251641332,43.9398414162223,,
COG,"Congo, Rep.",2011,55.2150468,0.0,2.40874917403059,0.0197193859186748,2.20591936286718,0.749128501169339,-1.06295910259951,48.6661331517592,51.8437302128778,16.0,48.9
COG,"Congo, Rep.",2012,54.4771831,0.0,2.55639493326565,0.0163254434710574,9.94715314257564,0.697104154265071,6.91517273107118,38.0875246076633,41.3573491386651,,
COG,"Congo, Rep.",2013,56.0282249,0.0,2.54648429237964,0.0108389927350306,-0.712434451876447,0.90171887030378,-3.09694323656935,29.6858074019147,33.1448495573332,,
COG,"Congo, Rep.",2014,57.7930395,0.0,2.33503397532944,0.00887586844693833,6.64606540928447,0.491681471556293,4.1002792779107,24.8226399767107,27.6582312920434,,
COG,"Congo, Rep.",2015,52.942842,0.0,3.07099819575177,0.010085419968275,0.415193061293763,0.529950921594635,-1.98214587471384,12.2746700668843,15.885704604199,,
COG,"Congo, Rep.",2016,52.8986092,0.0,3.79547030936576,0.0150847854361375,-8.68524343913786,0.388986974310453,-10.8700508595295,12.8004971968497,17.0000392659621,,
COG,"Congo, Rep.",2017,52.7489317,0.0,4.33704755532118,0.0112608678152659,-5.59477371915547,0.435295524625467,-7.86139425991523,25.0227768251894,29.8063807729514,,
COG,"Congo, Rep.",2018,54.1142196,0.0,3.85745956661878,0.0,-2.30431780125842,0.562029195762642,-4.6581397485937,38.248715891351,42.6682046537325,,
COG,"Congo, Rep.",2019,55.7072394,0.0,3.01677441404187,0.0,1.12447391976529,0.374465630241367,-1.27988440285151,35.8517991110343,39.2430391553175,,
COG,"Congo, Rep.",2020,56.0583227,0.0,3.57129318474378,0.0,-6.26777227963225,0.238426693941222,-8.48578578986992,22.4084125429251,26.2181324216101,,
COG,"Congo, Rep.",2021,57.0560333,0.0,2.9727410958572,0.0,1.01507036990908,0.356926091847818,-1.37465389510481,34.3828809069635,37.7125480946685,,
CRI,Costa Rica,2000,77.3356885,0.0,1.0137692631934,0.000646314517951147,3.80207210664838,0.0,1.80819157520567,0.0,1.01441557771135,4.3,47.4
CRI,Costa Rica,2001,,0.0,1.050720686109,0.000497762772491522,3.49117013515725,0.0,1.65293200355205,0.0,1.05121844888149,3.1,51.5
CRI,Costa Rica,2002,81.7856914,0.0,0.951776248802268,0.00095180489289832,3.41687615891895,0.0,1.72295969081905,0.0283908073416018,0.981118861036768,2.9,51.8
CRI,Costa Rica,2003,76.1467767,0.0,0.98097937519238,0.00200982825469008,4.31718000096654,0.0,2.72728707655179,0.0374595979479728,1.02044880139504,2.8,49.3
CRI,Costa Rica,2004,77.7265223,0.0,0.93482741118721,0.00490037392806359,4.42459978667458,0.0,2.90067536924128,0.0613781507663448,1.00110593588162,2.6,48.4
CRI,Costa Rica,2005,80.0237175,0.0,0.973833720845623,0.0149614957385484,3.97666631433462,0.0,2.48427891885412,0.13263457054308,1.12142978712725,1.8,47.5
CRI,Costa Rica,2006,80.6908838,0.0,1.28793534130059,0.0583936415535772,7.3266951372695,0.0,5.83402518356301,0.145655110180747,1.49198409303492,1.9,49.3
CRI,Costa Rica,2007,79.7853711,0.0,1.37239862824046,0.0883425044126957,8.21513209207497,0.0,6.7597950880332,0.177661149458376,1.63840228211153,1.1,49.3
CRI,Costa Rica,2008,75.7933293,0.0,1.3017194957062,0.00701556216592066,4.73817511214847,0.0,3.32734138007224,0.177814056910713,1.48654911478283,1.4,48.6
CRI,Costa Rica,2009,78.1993684,0.0,1.17795012999201,0.00794854259965576,-0.87345608994562,0.0,-2.18936700680091,0.0442489217587359,1.2301475943504,1.5,50.6
CRI,Costa Rica,2010,79.4541674,0.0,1.60982054344363,0.0173466150644474,5.36034347722267,0.0,4.06134321043838,0.0,1.62716715850808,0.9,48.0
CRI,Costa Rica,2011,76.6845977,0.0,1.23059605246014,0.033253848839724,4.40315921836142,0.0,3.18309276687559,0.0,1.26384990129987,1.0,48.8
CRI,Costa Rica,2012,77.0920998,0.0,1.15330585162739,0.0242863788778182,4.88259252932575,0.0,3.66596872237885,0.0649850267861909,1.2425772572914,0.9,48.4
CRI,Costa Rica,2013,77.153462,0.0,1.28004345278562,0.00342713896408193,2.49476596233289,0.0,1.36003474738322,0.0577584252152377,1.34122901696494,0.9,49.2
CRI,Costa Rica,2014,77.5166561,0.0,1.3335436844848,0.00229688333739257,3.54210997703849,0.0,2.43499508652508,0.0518301508258059,1.387670718648,0.9,48.6
CRI,Costa Rica,2015,78.6355453,0.0,1.11246057199442,0.00141785290308843,3.65208093006359,0.0,2.55664326251552,0.0200960578384208,1.13397448273593,0.9,48.4
CRI,Costa Rica,2016,78.4171178,0.0,1.2152189312892,0.00213415610925803,4.20432320775184,0.0,3.15607053449173,0.0158677459016205,1.23322083330008,0.8,48.7
CRI,Costa Rica,2017,78.5448694,0.0,1.12598376993451,0.00200025050881263,4.15769914676933,0.0,3.17871988571305,0.00585553483434446,1.13383955527767,0.6,48.3
CRI,Costa Rica,2018,76.735494,0.0,0.936530070716898,0.0,2.85285959760458,0.0,1.9267557137394,0.00900722494170017,0.945537295658598,0.9,48.0
CRI,Costa Rica,2019,76.5896171,0.0,0.752703492939289,0.0,2.70813912948329,0.0,1.85075764226454,0.00698634796129753,0.759689840900586,0.6,48.2
CRI,Costa Rica,2020,81.6952443,0.0,0.901332331520209,0.0,-4.14159340574358,0.0,-4.803591296633,0.00341590826010993,0.904748239780319,1.3,49.2
CRI,Costa Rica,2021,83.2688714,0.0,0.754441580498447,0.0,8.21817953969082,0.0,7.6692169270473,0.00896579369125843,0.763407374189705,0.7,48.7
CIV,Cote d'Ivoire,2000,43.8634744,0.0,2.33761600477411,0.0,-0.265789462275947,0.21648578432124,-2.98789209303686,0.308013121439312,2.86211491053466,,
CIV,Cote d'Ivoire,2001,,0.0,1.86945333668158,0.0,-2.15401249077306,0.268183612174263,-4.73706957562547,0.184450908626382,2.32208785748223,,
CIV,Cote d'Ivoire,2002,26.8912475,0.0,1.81782276899122,0.0,-2.73052647441901,0.191211922520124,-5.21173930372343,0.449871788392484,2.45890647990383,14.3,41.3
CIV,Cote d'Ivoire,2003,30.5830767,0.0,1.92749978907432,0.0123903278170218,-4.72586658630681,0.161409274386099,-7.07101837658274,0.547536157690114,2.64883554896755,,
CIV,Cote d'Ivoire,2004,28.2039018,0.0,1.45103886446991,0.0,3.18503822575397,0.173819970816715,0.712925866714116,0.868358242832743,2.49321707811937,,
CIV,Cote d'Ivoire,2005,25.7756499,0.0,1.45857095914574,0.0,0.996065564854788,0.126214192619765,-1.38664840401142,2.12719162540331,3.71197677716882,,
CIV,Cote d'Ivoire,2006,33.3087296,0.0,1.47922268374704,0.00907627499073501,2.81557859252327,0.407012042239876,0.421959618326611,3.70627347527892,5.60158447625658,,
CIV,Cote d'Ivoire,2007,33.0149141,0.0,1.77953766108715,0.0,1.10142976793477,0.274487306472778,-1.22415870474471,2.92984750032697,4.9838724678869,,
CIV,Cote d'Ivoire,2008,34.6103971,0.0,1.90768602761435,0.110068813260895,4.7826659787672,0.307395693178292,2.42600024388695,3.23685198449427,5.56200251854781,18.2,43.2
CIV,Cote d'Ivoire,2009,49.4858199,0.0,1.83447616244734,0.240205141462773,3.60332156667053,0.245314581949486,1.32618518113594,1.55323608726763,3.87323197312723,,
CIV,Cote d'Ivoire,2010,34.2952466,0.0,1.97683794132654,0.0937491381749339,6.84804939907013,0.283475786785777,4.5193074547668,1.97607516845206,4.33013803473931,,
CIV,Cote d'Ivoire,2011,37.8888772,0.0,2.12923468361246,0.654511620365384,-5.37044724000579,0.362965532638359,-7.40424970030114,2.38568766510419,5.53239950172039,,
CIV,Cote d'Ivoire,2012,39.9454062,0.0,2.42796236799746,0.530274437341492,7.62041176451649,0.393227820298858,5.39583595248281,2.01610713884301,5.36757176448081,,
CIV,Cote d'Ivoire,2013,45.2489852,0.0,2.14475507972274,0.368977123492966,10.7602131311256,0.320411424987291,8.5732243032672,1.32089224861062,4.15503587681362,,
CIV,Cote d'Ivoire,2014,48.1807412,0.0,2.0564736172434,0.351420911174992,9.37199994240375,0.319671081972001,6.75169825092141,0.691789500523942,3.41935511091434,,
CIV,Cote d'Ivoire,2015,52.5049057,0.0,2.08311829430822,0.361552777361383,7.19494942728191,0.261322774444977,4.14232947521536,0.366602851194199,3.07259669730878,17.0,41.5
CIV,Cote d'Ivoire,2016,51.1147452,0.0,2.10759701676303,0.559881099662443,7.17275963956332,0.178681873738581,4.10858359182184,0.384370728252087,3.23053071841614,,
CIV,Cote d'Ivoire,2017,48.1100354,0.0,1.98953607572324,0.400849571195147,7.41076242592504,0.186969561218541,4.42161228468103,0.811412807702894,3.38876801583982,,
CIV,Cote d'Ivoire,2018,50.2088875,0.0,1.47066903768452,0.455348393491403,4.84314605889178,0.253454611297185,2.05334874793748,0.930497052970617,3.10996909544373,5.2,37.2
CIV,Cote d'Ivoire,2019,48.5828489,0.0,1.30790324801116,0.574500241538047,6.72137167584978,0.218403089389861,3.96244737490909,0.857465003549306,2.95827158248838,,
CIV,Cote d'Ivoire,2020,45.9579809,0.0,1.31857899198966,0.724356662445554,0.699728593494228,0.177485744990039,-1.81621061689408,0.371217181360166,2.59163858078542,,
CIV,Cote d'Ivoire,2021,50.5963204,0.0,1.2244190059936,2.50107699952363,7.06253713446816,0.309353155239366,4.4463193708041,0.70017290136454,4.73502206212113,4.7,35.3
HRV,Croatia,2000,71.7843973,0.0,0.27396066444897,0.0,2.94765913375998,0.176674487364417,3.96819591961956,0.630971359439616,1.081606511253,0.0,31.3
HRV,Croatia,2001,,0.0,0.20393112714838,0.0,3.11089328552634,0.396410593313288,7.15557497333592,0.407483342326942,1.00782506278861,0.0,31.1
HRV,Croatia,2002,77.2396984,0.0,0.171152194105346,0.0,5.80141595577015,0.241271445951601,5.73914762696708,0.356223054391995,0.768646694448941,,
HRV,Croatia,2003,76.254512,0.0,0.182004604092313,0.0,5.56842901730823,0.214753155142564,5.5383780446826,0.301237202501552,0.697994961736429,,
HRV,Croatia,2004,75.9652881,0.0,0.170636624417313,0.0,4.17049297825163,0.159234241412183,4.14142900899388,0.332637436119168,0.662508301948664,0.0,29.7
HRV,Croatia,2005,75.3629088,0.0,0.167879414599719,0.0,4.32819454299167,0.12906463895286,4.19397635804874,0.422317306157924,0.719261359710503,,
HRV,Croatia,2006,78.1770034,0.0,0.20127506090524,0.0,5.06986521577841,0.304770836075399,5.04515240807896,0.419644384243852,0.92569028122449,,
HRV,Croatia,2007,79.1835026,0.0,0.201117288859576,0.0,5.04884076732965,0.345824936878855,5.07179924204281,0.370493477014705,0.917435702753136,,
HRV,Croatia,2008,78.5547545,0.0,0.209750893951263,0.0,1.97176786914632,0.449762185799552,1.98388228188433,0.441053907428522,1.10056698717934,0.0,33.7
HRV,Croatia,2009,78.593405,0.0,0.184334765817354,1.1239374783111e-05,-6.81168973851901,0.337104007943048,-6.71376495542094,0.257276727386522,0.778726740521708,0.7,32.6
HRV,Croatia,2010,77.8383505,0.0,0.210971233267681,5.91090700556906e-05,-1.33616285467264,0.423248920946002,-1.11211829111342,0.283128862746704,0.917408126030443,0.9,32.4
HRV,Croatia,2011,77.5649424,0.0,0.281541972016793,0.000143807176916117,-0.111527124990047,0.590019896003995,0.233948098216914,0.422234790549554,1.29394046574726,0.4,32.3
HRV,Croatia,2012,77.2554101,0.0,0.309752067878693,0.000148656652477393,-2.23702049605232,0.559782333488413,-1.77225046048896,0.424759009341811,1.2944420673614,0.6,32.5
HRV,Croatia,2013,77.8226012,0.0,0.292198540311346,0.000177669439351041,-0.132561080066893,0.435741263753703,0.491232719081154,0.380362350794203,1.1084798242986,0.5,32.0
HRV,Croatia,2014,76.7087681,0.0,0.244827909549667,0.000183009036417709,-0.559537666687092,0.289997413757728,0.20548399994118,0.332340412986531,0.867348745330344,0.6,32.1
HRV,Croatia,2015,76.3380325,0.0,0.24181425915839,0.000260731871048492,2.32056679330526,0.267533069090353,3.54970254475377,0.188549002176531,0.698157062296322,0.4,31.1
HRV,Croatia,2016,76.7489407,0.0,0.225492879866506,0.00021564799047202,3.46613146011039,0.133193976413268,4.59625905495034,0.152408109394096,0.511310613664342,0.4,30.9
HRV,Croatia,2017,76.5731112,0.0,0.278932187391255,0.000352999675433414,3.2840626939789,0.156560711183931,4.95698866850903,0.222493492276796,0.658339390527416,0.4,30.4
HRV,Croatia,2018,79.0287809,0.0,0.254506149251206,0.000304050965583092,2.91107146210912,0.197945973157546,4.26898598804596,0.320303857626588,0.773060031000923,0.3,29.7
HRV,Croatia,2019,78.6648898,0.0,0.241443273100307,0.0,3.10247285336254,0.101877299594189,4.13065464683689,0.276145552955415,0.619466125649912,0.2,28.9
HRV,Croatia,2020,76.9588991,0.0,0.252537598880259,0.0,-8.31046995309319,0.0454518090024755,-7.48629145426857,0.141105225031332,0.439094632914067,0.2,29.5
HRV,Croatia,2021,76.7657831,0.0,0.2176446256734,0.0,12.6312741312741,0.183195535140786,13.6540779633306,0.280358036189526,0.681198197003712,0.2,28.9
CUB,Cuba,2000,72.3034234,0.0,0.0777662855718157,0.758448871373936,5.9147601740486,0.0359991017269573,5.56315407850497,1.03392160067739,1.9061358593501,,
CUB,Cuba,2001,,0.0,0.0740450759412024,0.286976709278629,3.18502990449461,0.0353626627565963,2.86074719657753,0.779894730792667,1.17627917876909,,
CUB,Cuba,2002,72.6693454,0.0,0.111901476669784,0.398376406700825,1.42482126141282,0.0256172551808774,1.12278132692103,0.831779750838195,1.36767488938968,,
CUB,Cuba,2003,70.933409,0.0,0.104378375204706,0.801614763360525,3.79274022304334,0.0205500721682942,3.49676185017218,0.993675537981586,1.92021874871511,,
CUB,Cuba,2004,71.0059358,0.0,0.0868273818153629,1.41256359931533,5.77053807021559,0.0208004922554342,5.49410195800384,1.18579942444702,2.70599089783315,,
CUB,Cuba,2005,73.062101,0.0,0.0850372713818344,1.14142467909218,11.2016564219094,0.0374885182921214,10.9666851161532,1.37378607233087,2.637736541097,,
CUB,Cuba,2006,74.2834696,0.0,0.102822533053143,2.08765491529857,12.0658631129953,0.0676605557087799,11.9069237505458,1.4879931750339,3.74613117909438,,
CUB,Cuba,2007,73.0986505,0.0,0.0950922719739273,4.9731457818943,7.26213696647943,0.0816960299384737,7.17925242550075,1.5704638638002,6.72039794760689,,
CUB,Cuba,2008,73.4872996,0.0,0.0873138386510374,0.989721930731839,4.11682804164681,0.0837279708502994,4.07542754472641,2.02585670473765,3.18662044497083,,
CUB,Cuba,2009,73.7240062,0.0,0.0932524639296496,0.592984043923936,1.4513054307407,0.0895315001563061,1.42474509664487,0.987366610395309,1.7631346184052,,
CUB,Cuba,2010,73.6565168,0.0,0.122333206164896,1.1702972760544,2.39035229650723,0.0567309411882793,2.36597236588088,1.34124170669609,2.69060313010367,,
CUB,Cuba,2011,69.9285412,0.0,0.0981434962907755,0.884147807708422,2.80230083647626,0.104448229136775,2.76444210196216,1.84020872037107,2.92694825350704,,
CUB,Cuba,2012,69.9915825,0.0,0.0892789581522591,0.326318370339285,3.01490028898772,0.105749002098167,3.00028175038565,1.66617403150143,2.18752036209115,,
CUB,Cuba,2013,71.0891761,0.0,0.102673607978233,0.0536041471000662,2.74760256257211,0.11276462547149,2.79314623294214,1.44283922428397,1.71188160483376,,
CUB,Cuba,2014,75.7299549,0.0,0.106467229041005,0.195859030603102,1.04757663187654,0.109578029251644,1.15852883229009,1.25544342902406,1.66734771791981,,
CUB,Cuba,2015,75.8822886,0.0,0.0913634183774704,0.109233697562895,4.4383335888395,0.0532537527362868,4.53753785531039,0.439949990553393,0.693800859230045,,
CUB,Cuba,2016,76.3869662,0.0,0.0990395692939297,0.0238749644752808,0.512843095700745,0.0207658045978483,0.597183645134152,0.325419833747477,0.469100172114536,,
CUB,Cuba,2017,75.6815934,0.0,0.0921151540394997,0.0906302871023188,1.80979178380274,0.0232276417840159,1.97075471516408,0.457704950515475,0.66367803344131,,
CUB,Cuba,2018,75.5904409,0.0,0.0774262752926278,0.243514309322097,2.24794852913217,0.0494182663276201,2.43656837458022,0.731495348136671,1.10185419907902,,
CUB,Cuba,2019,77.1553649,0.0,0.0663165616928447,0.261017130526117,-0.163087223606624,0.0497037958193293,0.0532186639248664,0.543713406970896,0.920750895009186,,
CUB,Cuba,2020,77.317512,0.0,0.0741055386504987,0.244316813023768,-10.9494359030206,0.02442943653562,-10.7383538682124,0.222499890127649,0.565351678337536,,
CUB,Cuba,2021,74.4256073,,,,1.25448735650322,,1.74778827156759,,,,
CUW,Curacao,2000,,,,,,,,,,,
CUW,Curacao,2001,,,,,-0.695753704098053,,3.00794601323111,,,,
CUW,Curacao,2002,,,,,0.397065216763636,,0.274293371213943,,,,
CUW,Curacao,2003,,,,,0.288186681651752,,-1.75868169706047,,,,
CUW,Curacao,2004,,,,,0.208461073109362,,-1.50534018302206,,,,
CUW,Curacao,2005,,,,,0.676425345201665,,-1.85843997498654,,,,
CUW,Curacao,2006,,,,,1.63593468987035,,-0.940961791444465,,,,
CUW,Curacao,2007,,,,,2.46996322836787,,0.466173824147887,,,,
CUW,Curacao,2008,,,,,2.18804308019168,,0.910342294763453,,,,
CUW,Curacao,2009,,,,,-0.531308242338184,,-1.17689651776027,,,,
CUW,Curacao,2010,,,,,0.0823066088131412,,-1.17626862745298,,,,
CUW,Curacao,2011,,0.0,0.0,0.0,0.50845748203723,,-0.90956664776219,,0.0,,
CUW,Curacao,2012,,0.0,0.0,0.0,-0.34895082430242,,-1.1725619495316,,0.0,,
CUW,Curacao,2013,,0.0,0.0,0.0,-0.635696907591139,,-1.75580782515972,,0.0,,
CUW,Curacao,2014,,0.0,0.0,0.0,-0.637397373327133,,-1.96746652701209,,0.0,,
CUW,Curacao,2015,,0.0,0.0,0.0,0.458151544160046,,-0.858779914555939,,0.0,,
CUW,Curacao,2016,,0.0,0.0,0.0,-1.06770848655277,,-2.11116210733545,,0.0,,
CUW,Curacao,2017,,0.0,0.0,0.0,-1.2762081008495,,-1.59116272960222,,0.0,,
CUW,Curacao,2018,,0.0,0.0,0.0,-2.10411133101029,,-1.58863051943423,,0.0,,
CUW,Curacao,2019,,0.0,0.0,0.0,-3.20613230348162,,-2.04109664387006,,0.0,,
CUW,Curacao,2020,,0.0,0.0,0.0,-18.4384696124769,,-17.4108327282771,,0.0,,
CUW,Curacao,2021,,0.0,0.0,0.0,4.18371018614259,,5.22183871931962,,0.0,,
CYP,Cyprus,2000,78.0067392,0.0,0.00239575999608649,0.0168027182428898,5.96530445494226,0.0,4.84416050602792,0.0,0.0191984782389763,,
CYP,Cyprus,2001,,0.0,0.00201678256062489,0.00786149446271734,3.95256258200938,0.0,2.83811951306716,0.0,0.00987827702334223,,
CYP,Cyprus,2002,72.6569288,0.0,0.0014547804818063,0.00949225875864242,3.72297491128981,0.0,2.54108667123634,0.0,0.0109470392404487,,
CYP,Cyprus,2003,72.8181501,0.0,0.00103047134537432,0.00686359832762761,2.62329962315329,0.0,1.38363254964506,0.0,0.00789406967300194,,
CYP,Cyprus,2004,71.3261492,0.0,0.00078318114541277,0.00798728378322582,5.02627226665527,0.0,3.63073785684536,0.0,0.00877046492863859,0.1,30.1
CYP,Cyprus,2005,75.5263593,0.0,0.000730238018891157,0.0,4.85298762175586,0.0,3.35375226035941,0.00120177163901405,0.00193200965790521,0.0,30.3
CYP,Cyprus,2006,76.8705497,0.0,0.000588866032790885,0.0,4.71378358593959,0.0,2.98125084368819,0.00127433498559614,0.00186320101838702,0.0,31.1
CYP,Cyprus,2007,77.7333994,0.0,0.00152167347209913,0.00494683036744994,5.09822614854798,0.0,2.88426389868701,0.00117988658125929,0.00764839042080836,0.0,31.1
CYP,Cyprus,2008,79.572056,0.0,0.00154223780939191,0.00300667236227514,3.64698922103939,0.0,1.07674041142521,0.0150445662460913,0.0195934764177584,0.0,31.7
CYP,Cyprus,2009,79.3931468,0.0,0.000780140687077133,0.0178052349957399,-2.01508203683694,0.0,-4.61048255739776,0.00868111599731847,0.0272664916801355,0.1,32.1
CYP,Cyprus,2010,78.9884444,0.0,0.000659111606401295,0.0384173210170689,2.28267100119788,0.0,-0.357614019094044,0.00549581724887354,0.0445722498723438,0.0,31.5
CYP,Cyprus,2011,79.287685,0.0,0.000688548591265619,0.0610565826464798,0.416711868408683,0.0,-2.1129375771815,0.0100066330418738,0.0717517642796192,0.0,32.6
CYP,Cyprus,2012,79.4455839,0.0,0.000879226538418237,0.0612559497233609,-3.44738151374587,0.0,-4.90738549673117,0.0105936802654269,0.072728856527206,0.0,34.3
CYP,Cyprus,2013,78.1310078,0.0,0.000756568371340934,0.0409904332747014,-6.58747751118347,0.0,-6.48031760121023,0.00316216169680669,0.0449091633428491,0.0,37.0
CYP,Cyprus,2014,77.9047176,0.0,0.000773795567203845,0.0318131656258371,-1.77605867728616,0.0,-1.48883694697456,0.00228489772489687,0.0348718589179378,0.1,35.6
CYP,Cyprus,2015,77.5634733,0.0,0.000997368384577925,0.0188605287867583,3.41892038889013,0.0,3.19512275980128,0.0,0.0198578971713362,0.0,34.0
CYP,Cyprus,2016,78.9998839,0.0,0.00119501651457679,0.0,6.57359080924678,0.0,6.01835711404337,0.000276297291237262,0.00147131380581406,0.0,32.9
CYP,Cyprus,2017,77.4041516,0.0,0.00129440300345047,0.00409708338237163,5.75083236554525,0.0,4.85340888107815,0.0,0.0053914863858221,0.0,31.4
CYP,Cyprus,2018,77.1017013,0.0,0.000958143995037843,0.00373416802406763,6.27166360056404,0.0,5.05105337795295,0.0,0.00469231201910547,0.0,32.7
CYP,Cyprus,2019,78.5331873,0.0,0.00081055766746727,0.00280269409965182,5.87559583386607,0.0,4.46826562163456,0.0,0.00361325176711909,0.1,31.2
CYP,Cyprus,2020,73.6462217,0.0,0.000806848746242535,0.00712423748271897,-3.22063018637567,0.0,-4.51403585865228,0.0,0.0079310862289615,0.0,31.7
CYP,Cyprus,2021,74.0794418,0.0,0.000839544041055134,0.0119250208694213,11.3975590801512,0.0,9.74651161533515,0.0,0.0127645649104764,0.0,31.3
CZE,Czechia,2000,76.2654613,0.205842193385371,0.30868561264955,0.0,4.010669619984,0.0074433765801998,4.3027395227283,0.0350742549672057,0.557045437582327,,
CZE,Czechia,2001,,0.456704658658971,0.287084188708879,0.0,2.9172195289956,0.0104317183351056,3.30462712952885,0.02445812874736,0.778678694450316,,
CZE,Czechia,2002,82.5917533,0.224411134093946,0.20904483893221,0.0,1.51345949139996,0.00612076571062581,1.7094695893478,0.0304619403231985,0.47003867905998,0.0,26.6
CZE,Czechia,2003,81.364278,0.169331400191245,0.206202855314636,0.0,3.300836832613,0.00626227213298935,3.33040637361914,0.0351709363162619,0.416967463955133,,
CZE,Czechia,2004,77.9667238,0.654724081984303,0.189418239408118,0.0,4.73633969683438,0.0057278736002702,4.70446820099657,0.0383298465371606,0.888200041529852,0.0,27.5
CZE,Czechia,2005,83.7156252,0.540246052284705,0.172756140439348,0.0,6.37502886086791,0.00404299364304145,6.22798628216121,0.0508088454131561,0.76785403178025,0.0,26.9
CZE,Czechia,2006,84.2332968,0.528275970815551,0.185449124771748,0.0,6.62317299177447,0.00757328297226435,6.33483268224242,0.0436075630517138,0.764905941611277,0.0,26.7
CZE,Czechia,2007,84.635097,0.456650977636518,0.195393350953533,0.0,5.48882595164517,0.00715433190801212,4.87504670244317,0.0367473553909014,0.695946015888964,0.1,26.0
CZE,Czechia,2008,85.1185815,1.3243839026066,0.156178640168879,0.0,2.61226807205139,0.0101994932672347,1.76470872925512,0.0429704222612688,1.53373245830398,0.0,26.3
CZE,Czechia,2009,84.1953432,0.523809142646871,0.143567880021802,0.0,-4.79832416684926,0.00930088435824045,-5.33917399896316,0.0244055189347667,0.70108342596168,0.0,26.2
CZE,Czechia,2010,84.6716739,0.768828148333853,0.165929686910492,0.0,2.71466509907701,0.00920461377488738,2.41582948883936,0.0217719950834572,0.965734444102689,0.0,26.6
CZE,Czechia,2011,85.1925072,0.873763828516135,0.153618114791696,0.0,1.77238085338473,0.0120883197213644,1.56218619113156,0.0306168472969245,1.07008711032612,0.0,26.4
CZE,Czechia,2012,85.0744443,0.4337699262957,0.160563939979121,0.0,-0.770668190622743,0.0157107832668183,-0.909418387644408,0.0305352758913579,0.640579925432997,0.0,26.1
CZE,Czechia,2013,85.005901,0.178348044959311,0.162362033313272,0.0,-0.0418124160447491,0.0146450305832525,-0.0749629946207335,0.0274970082447114,0.382852117100547,0.0,26.5
CZE,Czechia,2014,85.0958818,0.146547348893172,0.162727778588859,0.0,2.24521219862635,0.0108856455416215,2.13762755318902,0.0252681890510458,0.345428962074698,0.0,25.9
CZE,Czechia,2015,84.6939927,0.12546374892164,0.169642722697322,0.0,4.95875848915604,0.00866395440407604,4.75262406436026,0.0102914811209634,0.314061907144002,0.0,25.9
CZE,Czechia,2016,84.0305673,0.126840441052511,0.172163254640676,0.0,2.58087013921376,0.00434768843866165,2.3840542545404,0.00692491287997829,0.310276297011828,0.0,25.4
CZE,Czechia,2017,83.3175368,0.143846138961089,0.213964042740389,0.0,5.17356529967881,0.00566647010243837,4.8945501951199,0.00881622275858796,0.372292874562504,0.0,24.9
CZE,Czechia,2018,83.7215235,0.133105028971712,0.23615605754452,0.0,2.83030588267866,0.00759912966037681,2.48698770067625,0.0125584051035841,0.389418621280193,0.0,25.0
CZE,Czechia,2019,83.5971951,0.0910332301509012,0.29543666693327,0.0,3.56577658128261,0.00499837538789554,3.15874802851988,0.0083220468689857,0.399790319341053,0.0,25.3
CZE,Czechia,2020,81.4082597,0.0544222892525117,0.35468020378351,0.0,-5.30487955463876,0.00239675481758074,-5.53491969820153,0.00507207922757448,0.416571327081177,0.0,26.2
CZE,Czechia,2021,82.9227315,0.0939363572598997,0.27927082252104,0.0,4.02901832055149,0.0121354470762149,5.93106968937249,0.00965696429550218,0.394999591152656,0.0,26.2
DNK,Denmark,2000,90.2941407,0.0,0.0292464023669401,0.0,3.72400899471576,0.122725555837185,3.37790720232864,1.36695481609054,1.51892677429467,0.1,23.8
DNK,Denmark,2001,,0.0,0.0129092995799892,0.0,0.95003224600012,0.267235206342421,0.588959728591007,0.95285040740933,1.23299491333174,,
DNK,Denmark,2002,89.6180766,0.0,0.0113672645690419,0.0,0.456530018779986,0.18661106349342,0.13609648331196,0.977649521931382,1.17562784999384,,
DNK,Denmark,2003,86.5752081,0.0,0.0114596432525401,0.0,0.441091006625101,0.15791182172375,0.168251992521974,0.93307700460479,1.10244846958108,0.2,25.6
DNK,Denmark,2004,83.1183398,0.0,0.00888425988836269,0.0,2.77635180744053,0.142752210617765,2.51108744805822,1.15749023574584,1.30912670625197,0.2,24.9
DNK,Denmark,2005,85.295002,0.0,0.0145758693094045,0.00298278138657987,2.35960882992528,0.127641278622012,2.07801485327876,1.57548312247966,1.72068305179766,0.2,25.2
DNK,Denmark,2006,84.544568,0.0,0.0122869895742902,0.00279857476941565,3.81648769908172,0.26476481017211,3.47585987311464,1.5417001087756,1.82155048329142,0.1,25.9
DNK,Denmark,2007,87.4742691,0.0,0.0147962281888116,0.00480264927966494,0.987173815945127,0.214718019127171,0.540321532272571,1.37515571112353,1.60947260771918,0.0,26.2
DNK,Denmark,2008,86.9263153,0.0,0.0141731217887413,0.00603744624773316,-0.417178439991005,0.383971968799415,-1.00055940971312,1.70355050889399,2.10773304572988,0.1,25.2
DNK,Denmark,2009,86.5085779,0.0,0.0146752899821252,0.00561807105668662,-4.97447905669058,0.24866631252569,-5.48158280998165,0.914832469823829,1.18379214338833,0.2,26.7
DNK,Denmark,2010,85.8853352,0.0,0.0171826041558455,0.0,1.58289703108802,0.217594784657197,1.13266938250023,0.983292205895114,1.21806959470816,0.0,27.2
DNK,Denmark,2011,85.6252474,0.0,0.015240764101815,0.000892637102572135,1.3108037609606,0.250851104600287,0.894526404293345,1.3683944127568,1.63537891856148,0.0,27.3
DNK,Denmark,2012,83.7172224,0.0,0.0164860101368364,0.00281871358647831,-0.00543230161670749,0.241906401833698,-0.380977125445526,1.2608873326792,1.52209845823621,0.0,27.8
DNK,Denmark,2013,83.3239817,0.0,0.0202087914713673,0.000595737548355968,1.39267343161971,0.187630867262796,0.970845909690212,0.967648067154255,1.17608346343677,0.3,28.5
DNK,Denmark,2014,85.2102567,0.0,0.0224742397792256,0.0,1.27799983192831,0.126066308813821,0.765766155124069,0.834668694474792,0.983209243067839,0.1,28.4
DNK,Denmark,2015,83.3159021,0.0,0.0226080111124951,0.0,2.10441456445301,0.108895890420425,1.38566632188861,0.389980667105512,0.521484568638432,0.1,28.2
DNK,Denmark,2016,81.8158814,0.0,0.0194152178787944,0.0,3.07304549209093,0.0613042603242628,2.27180151789635,0.261758496429453,0.342477974632511,0.2,28.2
DNK,Denmark,2017,81.5224092,0.0,0.0170505833767376,0.0,3.05647723922718,0.0860977642930863,2.39559065097636,0.367052364111918,0.470200711781742,0.1,28.7
DNK,Denmark,2018,83.0073538,0.0,0.019414192788715,0.0,1.8600074900921,0.109349577406559,1.35619600199787,0.459098841781269,0.587862611976543,0.1,28.2
DNK,Denmark,2019,81.242189,0.0,0.0154071082620836,0.0,1.71140093932736,0.0583699793281617,1.34779245340653,0.372447675054216,0.446224762644461,0.2,27.7
DNK,Denmark,2020,80.7263059,0.0,0.0131424205812259,0.0,-1.78010601831291,0.0121535304658443,-2.06613837683189,0.137036781200766,0.162332732247836,0.1,27.5
DNK,Denmark,2021,80.2591122,0.0,0.0132691377186323,0.0,6.50025445756295,0.0551051312906266,6.03966577353796,0.270290117190291,0.33866438619955,0.1,28.3
DJI,Djibouti,2000,56.6305136,0.0,0.382079268168498,0.0,,0.0,,0.0,0.382079268168498,,
DJI,Djibouti,2001,,0.0,0.415974590900068,0.0,,0.0,,0.0,0.415974590900068,,
DJI,Djibouti,2002,59.6821364,0.0,0.454277724249501,0.0,,0.0,,0.0,0.454277724249501,10.5,40.0
DJI,Djibouti,2003,52.8211015,0.0,0.623059168138342,0.0,,0.0,,0.0,0.623059168138342,,
DJI,Djibouti,2004,61.2836594,0.0,0.573154706409986,0.0,,0.0,,0.0,0.573154706409986,,
DJI,Djibouti,2005,53.7294856,0.0,0.539507984654084,0.0,,0.0,,0.0,0.539507984654084,,
DJI,Djibouti,2006,63.5512042,0.0,0.616385691846383,0.0,,0.0,,0.0,0.616385691846383,,
DJI,Djibouti,2007,65.8873061,0.0,0.523310116566421,0.0,,0.0,,0.0,0.523310116566421,,
DJI,Djibouti,2008,71.1294699,0.0,0.790439021922725,0.0,,0.0,,0.0,0.790439021922725,,
DJI,Djibouti,2009,75.1307255,0.0,0.743212074330782,0.0,,0.0,,0.0,0.743212074330782,,
DJI,Djibouti,2010,72.016924,0.0,0.838156180608274,0.0,,0.0,,0.0,0.838156180608274,,
DJI,Djibouti,2011,67.9062334,0.0,0.888463490648047,0.0,,0.0,,0.0,0.888463490648047,,
DJI,Djibouti,2012,67.8992675,0.0,0.945907199473507,0.0,,0.0,,0.0,0.945907199473507,10.9,45.1
DJI,Djibouti,2013,60.8463858,0.0,0.526727088783967,0.0,,0.0,,0.0,0.526727088783967,11.8,44.1
DJI,Djibouti,2014,59.3289913,0.0,0.788998443214345,0.0,7.19298728463697,0.0,5.28018025983934,0.0,0.788998443214345,,
DJI,Djibouti,2015,57.4700879,0.0,0.662618364843773,0.0,7.30898563450799,0.0,5.45836831293627,0.0,0.662618364843773,,
DJI,Djibouti,2016,53.8101722,0.0,0.484424417766637,0.0,7.1234323372872,0.0,5.33331529745931,0.0,0.484424417766637,,
DJI,Djibouti,2017,52.993998,0.0,0.571398008790601,0.0,5.458091517212,0.0,3.73971530980459,0.0,0.571398008790601,9.1,41.6
DJI,Djibouti,2018,60.8259835,0.0,0.278959298930402,0.0,4.77433934943193,0.0,3.10861540140996,0.0,0.278959298930402,,
DJI,Djibouti,2019,59.3303305,0.0,0.358531614173272,0.0,5.54508081154978,0.0,3.91378440928256,0.0,0.358531614173272,,
DJI,Djibouti,2020,58.0505993,0.0,0.322148755925581,0.0,1.2021151728969,0.0,-0.306867602824667,0.0,0.322148755925581,,
DJI,Djibouti,2021,56.8861688,0.0,0.277110490356489,0.0,4.40715667561153,0.0,2.91169899255628,0.0,0.277110490356489,,
DMA,Dominica,2000,73.3008642,0.0,0.0249171756986981,0.0,2.3402193777688,0.0,2.8764856526242,0.0,0.0249171756986981,,
DMA,Dominica,2001,,0.0,0.0242728754618539,0.0,-0.0638434428881567,0.0,0.262506178015016,0.0,0.0242728754618539,,
DMA,Dominica,2002,73.3380645,0.0,0.0221389612774031,0.0,-3.08742052359268,0.0,-3.19940574714551,0.0,0.0221389612774031,,
DMA,Dominica,2003,74.7370373,0.0,0.0228107663152698,0.0,5.80495468629533,0.0,5.5517552208191,0.0,0.0228107663152698,,
DMA,Dominica,2004,80.519294,0.0,0.0220286901534381,0.0,4.09783662273917,0.0,3.91890401306556,0.0,0.0220286901534381,,
DMA,Dominica,2005,80.376707,0.0,0.0216343439628061,0.0,0.915286472779144,0.0,0.790489438557572,0.0,0.0216343439628061,,
DMA,Dominica,2006,82.5093038,0.0,0.0286807337863141,0.0,4.40077479812059,0.0,4.29152770069501,0.0,0.0286807337863141,,
DMA,Dominica,2007,80.4894473,0.0,0.0270653732412566,0.0,5.3579375575878,0.0,5.29519443966164,0.0,0.0270653732412566,,
DMA,Dominica,2008,82.5708745,0.0,0.026123998947793,0.0,7.12131217762231,0.0,7.11042175462228,0.0,0.026123998947793,,
DMA,Dominica,2009,82.6727098,0.0,0.0219865512592661,0.0,-1.13575145648322,0.0,-1.15010790521457,0.0,0.0219865512592661,,
DMA,Dominica,2010,84.6634508,0.0,0.0491548799650004,0.0,-0.105610857694984,0.0,-0.0983573113798997,0.0,0.0491548799650004,,
DMA,Dominica,2011,84.5731096,0.0,0.0412282999821639,0.0,0.0427388878891435,0.0,-0.238324807305119,0.0,0.0412282999821639,,
DMA,Dominica,2012,84.5635747,0.0,0.0414520814234463,0.0,-0.15739179314221,0.0,-0.2512858516139,0.0,0.0414520814234463,,
DMA,Dominica,2013,84.5344352,0.0,0.0539374373872897,0.0,0.0045039972976042,0.0,-0.851878257402049,0.0,0.0539374373872897,,
DMA,Dominica,2014,85.4934526,0.0,0.0651451844425706,0.0,2.33521742067693,0.0,1.37836503321573,0.0,0.0651451844425706,,
DMA,Dominica,2015,84.8904806,0.0,0.0474677077229137,0.0,-3.37338262476895,0.0,-3.42415928778391,0.0,0.0474677077229137,,
DMA,Dominica,2016,81.8875233,0.0,0.0602343950060558,0.0,1.44724556489263,0.0,2.6190351438682,0.0,0.0602343950060558,,
DMA,Dominica,2017,84.8445243,0.0,0.0559454272358846,0.0,-7.5443637547282,0.0,-6.04609004192379,0.0,0.0559454272358846,,
DMA,Dominica,2018,84.8896624,0.0,0.0348243046150246,0.0,2.964010610466,0.0,3.45033107598908,0.0,0.0348243046150246,,
DMA,Dominica,2019,82.7489638,0.0,0.0284260300710226,0.0,3.94809757938053,0.0,4.3983147374291,0.0,0.0284260300710226,,
DMA,Dominica,2020,87.0500185,0.0,0.0462893309270096,0.0,-15.7064024545862,0.0,-15.323436855213,0.0,0.0462893309270096,,
DMA,Dominica,2021,87.0208227,0.0,0.0330678676450178,0.0,5.37983838954712,0.0,5.96160559948913,0.0,0.0330678676450178,,
DOM,Dominican Republic,2000,63.6298001,0.0,0.0239684281764079,0.317058364257036,4.65172550299128,0.0,2.96955695961634,0.0,0.341026792433444,2.9,51.5
DOM,Dominican Republic,2001,,0.0,0.0227890061773118,0.0,2.46937023763239,0.0,0.870183146599885,0.0,0.0227890061773118,2.0,50.0
DOM,Dominican Republic,2002,63.162825,0.0,0.0194646715603647,0.00818310706534512,4.48650367045651,0.0,2.9290209406912,0.0,0.0276477786257098,3.1,49.7
DOM,Dominican Republic,2003,55.718872,0.0,0.0263908367122386,0.515241558007629,-1.34935744782766,0.0,-2.75964568450404,0.0,0.541632394719868,3.6,52.1
DOM,Dominican Republic,2004,58.1533844,0.0,0.0261963564342343,1.18793379308578,2.58556667449577,0.0,1.18538383413113,0.0,1.21413014952002,4.6,52.1
DOM,Dominican Republic,2005,59.2115536,0.0,0.0164827820724517,0.704552608290341,9.43178931977285,0.0,8.00660714348427,0.0,0.721035390362793,2.9,50.0
DOM,Dominican Republic,2006,63.2623629,0.0,0.0347563601497664,1.57147795106193,9.17120650955299,0.0,7.81376318948548,0.0,1.6062343112117,2.3,52.0
DOM,Dominican Republic,2007,64.527305,0.0,0.0317119433923239,2.49633606037311,7.41840577774235,0.0,6.11794398001162,0.0,2.52804800376544,2.3,48.9
DOM,Dominican Republic,2008,65.4106236,0.0,0.0303136988066284,0.203833346821756,3.26808671288212,0.0,2.00088270726057,0.0,0.234147045628384,2.0,48.1
DOM,Dominican Republic,2009,64.886063,0.0,0.0277916316515481,0.0957122813826542,1.00345293018719,0.0,-0.268926599782176,0.0,0.123503913034202,1.7,48.9
DOM,Dominican Republic,2010,64.9199956,0.0,0.0561269389469561,0.116273238164466,8.40114541209596,0.0,7.02231182986095,0.0,0.172400177111422,1.3,47.3
DOM,Dominican Republic,2011,64.873245,0.0,0.0448568712636011,0.295353946361018,3.19196227475523,0.0,1.89038252427819,0.0,0.340210817624619,1.4,47.7
DOM,Dominican Republic,2012,66.4306599,0.0,0.0421673349725936,0.404673373832009,2.77567100848816,0.0,1.50210074555162,0.0,0.446840708804603,1.3,46.1
DOM,Dominican Republic,2013,65.7284045,0.0,0.0553201134359215,0.974400856614988,4.93473300709881,0.0,3.66423400861591,0.0,1.02972097005091,1.1,47.7
DOM,Dominican Republic,2014,66.8331451,0.0,0.0641599203946252,0.9733496247505,7.11122629673892,0.0,5.84760695663518,0.0,1.03750954514513,1.1,44.3
DOM,Dominican Republic,2015,67.8938356,0.0,0.0475531591552256,0.487794699076486,6.98771131236387,0.0,5.76452490966611,0.0,0.535347858231712,0.9,45.2
DOM,Dominican Republic,2016,68.5519931,0.0,0.0608896219981325,1.22105831015897,6.71974078681295,0.0,5.54040978660888,0.0,1.2819479321571,0.8,45.7
DOM,Dominican Republic,2017,67.4637175,0.0,0.0512601701837899,0.98408437077863,3.93386176401576,0.0,2.80931921775627,0.0,1.03534454096242,0.4,42.2
DOM,Dominican Republic,2018,65.9469346,0.0,0.036540576935264,0.83234888656992,7.09751640210159,0.0,5.95314205477773,0.0,0.868889463505184,0.3,43.7
DOM,Dominican Republic,2019,66.7744903,0.0,0.0336235048170234,1.0218209372648,4.8940301149584,0.0,3.81572682273033,0.0,1.05544444208182,0.3,41.9
DOM,Dominican Republic,2020,69.9277076,0.0,0.0439117686281755,1.19539932542519,-7.92905234231061,0.0,-8.88467221699831,0.0,1.23931109405337,0.4,39.6
DOM,Dominican Republic,2021,71.8780557,0.0,0.032322990953766,2.0447901942435,14.0124289062207,0.0,12.8319080410071,0.0,2.07711318519727,0.3,38.5
ECU,Ecuador,2000,53.0023646,0.0,0.353764628808119,0.0312504676242629,1.09180164720277,0.0149274346317537,-0.648225387551591,16.3324950885101,16.7324376195742,14.5,56.3
ECU,Ecuador,2001,,0.0,0.293881074495603,0.0101999192713221,4.20627185748789,0.0125625783754855,2.41820763888565,9.09069290930629,9.40733648144871,,
ECU,Ecuador,2002,51.3477383,0.0,0.250010764620851,0.0591764232924235,4.92809549611376,0.00525597396512167,3.10935393746668,8.07370405839442,8.38814722027282,,
ECU,Ecuador,2003,47.5674417,0.0,0.238845200527549,0.104498850632412,2.88450036512064,0.00528724428841997,1.08541692667872,8.39147653417875,8.74010782962713,7.4,53.5
ECU,Ecuador,2004,50.2157047,0.0,0.230239324591933,0.0862266175887913,6.83239736646514,0.00534534839599283,4.9766254911447,12.2508252521177,12.5726365426945,7.8,53.9
ECU,Ecuador,2005,51.2783186,0.0,0.209052304128494,0.0904096131303906,5.39862243994342,0.0137364930608804,3.59103374682795,16.5366396462506,16.8498380565704,5.9,53.1
ECU,Ecuador,2006,52.7744977,0.0,0.263955071486812,0.120095801469637,4.34113198577639,0.01848153963096,2.56360111087805,17.9868791091883,18.3894115217757,3.9,52.3
ECU,Ecuador,2007,54.3935977,0.0,0.294768768075374,0.0715927422537484,1.90242859700484,0.0200087462005954,0.176823126136227,16.5138217754915,16.9001920320212,4.2,53.4
ECU,Ecuador,2008,56.3343682,0.0,0.267515886301042,0.0223541929369212,6.56492068224719,0.0174278432820981,4.76318326284088,18.654574856841,18.9618727793611,3.8,49.8
ECU,Ecuador,2009,56.9752237,0.0,0.277257223757117,0.140750723222177,1.0910129698311,0.0215040580227175,-0.618743696364604,8.82457083402611,9.26408283902812,3.4,48.5
ECU,Ecuador,2010,54.6041353,0.0,0.43634400590223,0.144998503952396,4.02913787986621,0.0152411813949828,2.2990259381485,11.1941478463167,11.7907315375663,2.6,48.8
ECU,Ecuador,2011,53.2044433,0.0,0.350545906433361,0.193071406393461,8.48147656332823,0.0219014648757271,6.71524931054121,16.0118572281981,16.5773760059007,2.3,45.9
ECU,Ecuador,2012,54.6078078,0.0,0.334498838726345,0.183332769961552,5.783212336172,0.0448272573078322,4.11233799510666,13.9638597674194,14.5265186334151,2.1,46.1
ECU,Ecuador,2013,61.395906,0.0,0.373993054876864,0.164424799645526,7.21123653679159,0.0450469705695697,5.61780573490684,12.2978605117168,12.8813253368088,1.4,46.9
ECU,Ecuador,2014,65.6082987,0.0,0.375842676044914,0.0892047794978054,4.22606520388456,0.0426715913878213,2.74412306472649,11.0826381316277,11.5903571785583,1.2,45.0
ECU,Ecuador,2015,62.7810581,0.0,0.353777217138995,0.0643810131639396,0.119692109287612,0.0190291431700831,-1.30274985042635,4.19483660505841,4.63202397853143,1.7,46.0
ECU,Ecuador,2016,63.0368482,0.0,0.404653909314901,0.0828958421781742,-0.687954245877947,0.00893255255772126,-2.12550882201938,3.26158550456448,3.75806780861528,1.7,45.0
ECU,Ecuador,2017,63.7182247,0.0,0.375864582422932,0.0849569513997177,5.97039880954841,0.00999933513610049,4.36195467405905,4.51289936555742,4.98372023451617,1.5,44.7
ECU,Ecuador,2018,64.7456762,0.0,0.318999357333842,0.0,1.04429460679607,0.0183213291864609,-0.674558960176682,6.75910009874679,7.0964207852671,1.5,45.4
ECU,Ecuador,2019,62.3101269,0.0,0.276947616236113,0.0,0.1654044646003,0.0174551929671252,-1.51253154807527,5.52629823993135,5.82070104913459,1.5,45.7
ECU,Ecuador,2020,63.3085413,0.0,0.352870526886709,0.0,-9.24509619165865,0.00867627170111582,-10.3108339169142,2.56275988674609,2.92430668533391,2.9,47.3
ECU,Ecuador,2021,62.5069701,0.0,0.282583696370884,0.0,9.42189269033631,0.0136026725030243,8.57789544186942,6.40325083301788,6.69943720189179,1.5,45.8
EGY,"Egypt, Arab Rep.",2000,58.2796447,0.000265061368549735,0.124284373862495,0.0130912613990578,6.37000382991766,0.80988360858388,4.09609057659976,6.47222160611776,7.41974591133175,,
EGY,"Egypt, Arab Rep.",2001,,0.000459170936936456,0.148322612020039,0.0238511839077044,3.53525197391507,1.12609010255356,1.35955211640928,5.17066273278314,6.46938580220137,,
EGY,"Egypt, Arab Rep.",2002,55.2507763,0.000269149941677168,0.184484961715139,0.021749873798385,2.39020402675627,1.1880642465276,0.258696269362616,5.90580704386046,7.30037527584326,,
EGY,"Egypt, Arab Rep.",2003,52.0632968,0.000298346274150596,0.27156503120705,0.0190720913893449,3.19345473756772,1.34012258500625,1.05358246795282,7.50637371077042,9.13743176464721,,
EGY,"Egypt, Arab Rep.",2004,50.8490751,0.00129422341845415,0.263656333252003,0.0153400376478508,4.09207161019908,1.60233568193565,1.96524683769799,9.49448631419397,11.3771125904479,0.6,31.8
EGY,"Egypt, Arab Rep.",2005,54.0258855,0.000627948550282449,0.229668459070647,0.0486708417393921,4.4717444710621,2.33458675802498,2.38032461730565,11.8509312061057,14.464485213491,,
EGY,"Egypt, Arab Rep.",2006,54.3377682,0.0,0.235176049364276,0.0612878709250083,6.84383819369884,2.8202302183493,4.77751297925985,11.7296934107586,14.8463875493972,,
EGY,"Egypt, Arab Rep.",2007,58.194206,0.0,0.180181517108948,0.0966122421911583,7.08782742675582,2.45152200895889,5.08546727843067,10.7818588338143,13.5101746020733,,
EGY,"Egypt, Arab Rep.",2008,58.5218891,0.0,0.254204416912174,0.693023407802065,7.15628356711522,2.18068996423443,5.17381069982021,12.4545677729971,15.5824855619458,0.6,31.1
EGY,"Egypt, Arab Rep.",2009,56.1431806,0.0,0.214061027887349,0.619163373480266,4.67359980000663,2.05000012334665,2.7155259211155,6.24755741424533,9.1307819389596,,
EGY,"Egypt, Arab Rep.",2010,48.8002345,0.0,0.221850956824007,0.214767137416821,5.14723485746742,1.5962103417445,3.14977851159885,7.41778712942652,9.45061556541184,0.2,30.2
EGY,"Egypt, Arab Rep.",2011,37.0462076,0.0,0.234686331944969,0.468680136986449,1.76457194806041,1.89361087079368,-0.354646268621011,9.74186285549743,12.3388401952225,,
EGY,"Egypt, Arab Rep.",2012,38.7439308,0.0,0.227571178906447,0.501480973530533,2.22619979818487,1.63298671232615,-0.042967018335915,8.38345897037217,10.7454978351353,0.2,28.3
EGY,"Egypt, Arab Rep.",2013,35.027376,0.0,0.184310375575773,0.284318834974563,2.18546605363386,1.48462315590397,-0.14323388106547,7.82863019779494,9.78188256424924,,
EGY,"Egypt, Arab Rep.",2014,40.1160411,0.0,0.274533176651313,0.182287318747029,2.91591188052836,1.15200734272802,0.599558564662246,6.82340013626772,8.43222797439408,,
EGY,"Egypt, Arab Rep.",2015,39.967655,0.0,0.230230249005605,0.125986889944651,4.37201907781687,0.717587471392014,2.2041585800734,3.05526433674059,4.12906894708286,0.1,31.8
EGY,"Egypt, Arab Rep.",2016,39.5891865,0.0,0.176265102597653,0.176063334468341,4.34664345601914,0.506687001503198,2.24497375695228,2.35006516963224,3.20908060820144,,
EGY,"Egypt, Arab Rep.",2017,40.7648362,0.0,0.309903964144662,0.213844527771503,4.18122099961562,1.04828310066825,2.12015477140174,4.12683269397819,5.69886428656261,0.5,31.5
EGY,"Egypt, Arab Rep.",2018,44.3372496,0.0,0.154667441958425,0.073788825824687,5.33110861887155,1.89151906248592,3.35166753239859,5.47658822874947,7.59656355901849,,
EGY,"Egypt, Arab Rep.",2019,45.4490688,0.0,0.170234765776553,0.0,5.55209307084222,1.67276468331077,3.71584088502073,3.8819618632175,5.72496131230483,0.3,31.9
EGY,"Egypt, Arab Rep.",2020,46.809485,0.0,0.12752568813358,0.0,3.55016483883115,1.27251663281876,1.88111976012442,1.85770095140202,3.25774327235436,,
EGY,"Egypt, Arab Rep.",2021,47.6720665,0.0,0.107579624880014,0.0,3.29064601193245,2.04572586744071,1.76220484274864,2.98581458250197,5.1391200748227,0.2,28.5
SLV,El Salvador,2000,65.5818393,0.0,0.497077305664038,0.0,1.12790697674419,0.0,0.626535379070958,0.0,0.497077305664038,7.7,51.5
SLV,El Salvador,2001,,0.0,0.485786941180763,0.0,0.879613659882722,0.0,0.462204790046101,0.0,0.485786941180763,8.6,51.3
SLV,El Salvador,2002,65.4443922,0.0,0.456800582996543,0.0,1.57291844759789,0.0,1.25783126943534,0.0139375107962022,0.470738093792746,8.8,51.9
SLV,El Salvador,2003,60.5493385,0.0,0.445015903949503,0.0,1.56539303147618,0.0,1.36275661190544,0.0195408780039438,0.464556781953447,10.1,50.4
SLV,El Salvador,2004,63.3848636,0.0,0.430648837938149,0.0,0.889404485692197,0.0,0.787383831431995,0.0217385679327602,0.452387405870909,7.0,47.8
SLV,El Salvador,2005,64.70213,0.0,0.41142655457742,0.0,2.68083009363194,0.0,2.66532259162382,0.135195934882048,0.546622489459469,6.4,48.5
SLV,El Salvador,2006,62.3107418,0.0,0.543464353950394,0.0,4.3369986028604,0.0,4.39364908718933,0.56647035112419,1.10993470507458,3.9,45.7
SLV,El Salvador,2007,65.7302391,0.0,0.565857134335423,0.0,1.84760220587859,0.0,1.72041607620905,0.458911583353226,1.02476871768865,2.6,45.2
SLV,El Salvador,2008,66.8570269,0.0,0.591889847865169,0.0,2.15440298282768,0.0,1.82447186659891,0.577913009476031,1.1698028573412,3.8,46.9
SLV,El Salvador,2009,63.2527135,0.0,0.576957617783252,0.0,-2.10876837627522,0.0,-2.41599153160278,0.138481519538933,0.715439137322185,3.7,45.8
SLV,El Salvador,2010,66.532444,0.0,1.02874215933074,0.0,2.15419536693635,0.0,1.81801613607789,0.0,1.02874215933074,3.2,43.5
SLV,El Salvador,2011,66.2860095,0.0,0.831986551878755,0.0,3.80688113429295,0.0,3.43396823026714,0.000375231029418766,0.832361782908174,2.7,42.3
SLV,El Salvador,2012,69.2463755,0.0,0.770673649472211,0.0,2.82262371802327,0.0,2.42155666583095,0.000341986807496248,0.771015636279707,2.3,41.8
SLV,El Salvador,2013,63.8876178,0.0,0.938615461501715,0.0,2.23562439198375,0.0,1.82154176742195,0.000303211604748274,0.938918673106463,1.9,43.4
SLV,El Salvador,2014,64.1791153,0.0,1.05479036830975,0.0,1.70870628357073,0.0,1.31071422282479,0.000268957154654745,1.0550593254644,1.7,41.6
SLV,El Salvador,2015,63.4839557,0.0,0.850742982932215,0.0,2.40000008852115,0.0,2.05686593954016,0.0,0.850742982932215,1.2,40.6
SLV,El Salvador,2016,61.6051676,0.0,1.0221138126124,0.0,2.53906241135864,0.0,2.25589267443243,0.0,1.0221138126124,1.4,40.0
SLV,El Salvador,2017,60.1543384,0.0,0.888054016614555,0.0,2.24761908134138,0.0,2.0380895055328,0.000106394703334763,0.88816041131789,1.1,38.0
SLV,El Salvador,2018,58.7190176,0.0,0.663487637976865,0.0,2.4124442237792,0.0,2.30913946286621,0.00016205248904761,0.663649690465912,0.9,38.6
SLV,El Salvador,2019,62.2422412,0.0,0.562223559900046,0.0,2.43747159065784,0.0,2.39613321946494,0.0001255650591976,0.562349124959244,0.7,38.8
SLV,El Salvador,2020,63.3356789,0.0,0.764112473471984,0.0,-7.893101359867,0.0,-8.07562588564387,6.48310040641576e-05,0.764177304476048,,
SLV,El Salvador,2021,62.1021567,0.0,0.535114528890792,0.0,11.9047617015957,0.0,11.5271594106656,0.000150418698822045,0.535264947589614,2.0,39.0
GNQ,Equatorial Guinea,2000,65.8153601,0.0,5.62492432848025,0.0978975496561164,18.2137799569674,0.0926276422557398,12.1516339606444,82.776896134566,88.5923456549581,,
GNQ,Equatorial Guinea,2001,,,3.58222038918591,0.0691601506605683,63.3798754250602,,53.2356880825419,,,,
GNQ,Equatorial Guinea,2002,57.2896806,,3.12235546565171,0.0718391062881275,19.4628340359251,,12.258597420866,,,,
GNQ,Equatorial Guinea,2003,61.4148273,,2.10036466077586,0.0264932735234888,13.9552503163825,,7.24786542705019,,,,
GNQ,Equatorial Guinea,2004,57.7121991,,0.883890361007034,0.00428950795997095,37.9987268556423,,30.0162976688723,,,,
GNQ,Equatorial Guinea,2005,54.9509686,0.0,0.749109807982188,0.00474831430110576,16.7487006053541,0.339171438571116,10.9012034435108,55.1960848556935,56.289114416548,,
GNQ,Equatorial Guinea,2006,67.6052778,0.0,0.711835670011504,0.0108120144456804,7.70491760658767,0.817082839693709,3.03105558195507,52.3927895781938,53.9325201023447,,
GNQ,Equatorial Guinea,2007,67.6698565,0.0,0.552830896318893,0.00952149026556786,15.2821139194857,1.36522658762627,10.1968975693747,48.2167537217234,50.1443326959341,,
GNQ,Equatorial Guinea,2008,64.7571567,0.0,0.538814974508779,0.00826383389348364,17.7991091333811,2.28124170671599,12.5326733451216,43.6095454927149,46.4378660078331,,
GNQ,Equatorial Guinea,2009,69.5850849,0.0,0.582682761024879,0.0127965579301832,1.34335628806095,2.70304389691587,-3.22046029526918,24.4384804506248,27.7370036664958,,
GNQ,Equatorial Guinea,2010,68.0813489,0.0,0.36876041625937,0.0152098871575581,-8.92417588851806,2.87867275035343,-13.0151718370352,33.0485071859477,36.311150239718,,
GNQ,Equatorial Guinea,2011,64.8603518,0.0,0.335772162008503,0.0192729679767373,6.52392362989873,3.40190695668927,1.99905762799257,33.9272042714921,37.6841563581666,,
GNQ,Equatorial Guinea,2012,64.5671495,0.0,0.394710906115835,0.0172020834501826,8.31287184445641,3.59654715458514,3.98800386782088,34.9943032804264,39.0027634245776,,
GNQ,Equatorial Guinea,2013,62.511191,0.0,0.439973131959887,0.0118247399487419,-4.13319850131583,3.89363267396189,-7.8885603944365,29.0020263766332,33.3474569225038,,
GNQ,Equatorial Guinea,2014,56.3346551,0.0,0.515417644531082,0.00973975357181263,0.415066301596866,3.71720499957102,-3.43058595312914,22.8648774988219,27.1072398964958,,
GNQ,Equatorial Guinea,2015,57.1724923,0.0,0.95690589683015,0.0,-9.11004114881537,3.96755999067266,-12.4917142663428,12.576041460388,17.5005073478909,,
GNQ,Equatorial Guinea,2016,58.9763844,0.0,1.42208835005297,0.0,-8.81641723219757,3.3292341665039,-12.0971098998986,11.7086428410267,16.4599653575836,,
GNQ,Equatorial Guinea,2017,59.1463873,0.0,1.89655614453407,0.0,-5.66750850486686,3.92567796997632,-8.94053555047577,16.1366726241749,21.9589067386853,,
GNQ,Equatorial Guinea,2018,59.3885122,0.0,2.04521752052811,0.0,-6.23654406734575,5.43066594009262,-9.37041905185943,20.3264698484548,27.8023533090755,,
GNQ,Equatorial Guinea,2019,60.0851443,0.0,1.94910432041089,0.0,-5.48182537893445,4.67462374102181,-8.52391282041842,18.813552099543,25.4372801609757,,
GNQ,Equatorial Guinea,2020,59.3927775,0.0,2.21570341919007,0.0,-4.79108083383294,3.7137787424555,-7.35874657366674,10.7521167179464,16.6815988795919,,
GNQ,Equatorial Guinea,2021,60.4031285,0.0,1.92985225995556,0.0,0.860269956382069,6.63018966086863,-1.56652040015599,14.9400221325798,23.500064053404,,
ERI,Eritrea,2000,36.2918329,0.0,4.84571215628825,0.0765427492085766,-3.14198590251638,0.0,-4.61837133772084,0.0,4.92225490549683,,
ERI,Eritrea,2001,,0.0,4.48546244861725,0.0287429038263754,8.75543552816325,0.0,5.69571154371637,0.0,4.51420535244362,,
ERI,Eritrea,2002,53.8186789,0.0,3.09853412022536,0.0,3.0054291917378,0.0,-0.47685782309577,0.0,3.09853412022536,,
ERI,Eritrea,2003,49.1018785,0.0,4.52985692591209,0.0,-2.65551592487554,0.0,-6.59492016605172,0.0,4.52985692591209,,
ERI,Eritrea,2004,51.8874793,0.0,3.25547987512514,0.00375311022046128,1.45173556595506,0.0,-2.6238903510386,0.0,3.2592329853456,,
ERI,Eritrea,2005,50.0571585,0.0,3.27084324603557,0.0053283500262208,2.57444955124846,0.0,0.14882340502966,0.0,3.27617159606179,,
ERI,Eritrea,2006,50.7965782,0.0,2.80591496819798,0.0135063317087056,-0.969217110711355,0.0,-2.51821345546691,0.0,2.81942129990668,,
ERI,Eritrea,2007,48.9264692,0.0,3.94860584678344,0.0141651728193634,1.42682221120323,0.0,-0.04176960463559,0.0,3.96277101960281,,
ERI,Eritrea,2008,52.3790843,0.0,4.26677002958965,0.0177377732232871,-9.78303001782456,0.0,-12.1248431632963,0.0,4.28450780281294,,
ERI,Eritrea,2009,54.5031711,0.0,2.3862033760028,0.015535992266264,3.8765015275421,0.0,1.3025781558331,0.0,2.40173936826907,,
ERI,Eritrea,2010,50.6738862,0.0,2.48284932852526,0.0390277466462253,2.19419034888082,0.0,0.205918877679608,0.0,2.52187707517148,,
ERI,Eritrea,2011,50.6064395,0.0,2.3256637760381,24.6305983607814,8.67980010138049,0.0,6.74798297853228,0.0,26.9562621368195,,
ERI,Eritrea,2012,50.3067411,,,,,,,,,,
ERI,Eritrea,2013,49.0944736,,,,,,,,,,
ERI,Eritrea,2014,54.7608658,,,,,,,,,,
ERI,Eritrea,2015,52.4110252,,,,,,,,,,
ERI,Eritrea,2016,53.1037114,,,,,,,,,,
ERI,Eritrea,2017,51.6451921,,,,,,,,,,
ERI,Eritrea,2018,50.0762283,,,,,,,,,,
ERI,Eritrea,2019,49.2154045,,,,,,,,,,
ERI,Eritrea,2020,47.6073256,,,,,,,,,,
ERI,Eritrea,2021,48.3502402,,,,,,,,,,
EST,Estonia,2000,81.430406,0.0,2.17877291677121,0.0,10.0876385800462,0.0,9.55642258870186,1.53035528821004,3.70912820498125,0.7,35.8
EST,Estonia,2001,,0.0,2.13407208988511,0.0,5.88074589534277,0.0,6.55731967784041,0.940432350616132,3.07450444050124,0.7,36.0
EST,Estonia,2002,80.6163294,0.0,1.68758080445156,0.0,6.93300082616575,0.0,7.61250041092767,0.769330159854059,2.45691096430562,0.7,35.8
EST,Estonia,2003,81.4138506,0.0,1.52384573650587,0.0,7.59630181032645,0.0,8.27372395680648,0.628213867743043,2.15205960424891,1.6,37.2
EST,Estonia,2004,76.4539927,0.0,0.879145224122585,0.0,6.80070110758655,0.0,7.44108988454812,0.718607971781233,1.59775319590382,0.7,33.6
EST,Estonia,2005,77.6396385,0.0,0.633299740536681,0.0,9.52305386462066,0.0,10.1516023275001,1.00907540024629,1.64237514078297,0.5,33.4
EST,Estonia,2006,78.2744693,0.0,0.588267404138868,0.0,9.76257131206653,0.0,10.4117043601584,1.05803169914904,1.6462991032879,0.5,33.7
EST,Estonia,2007,78.5057491,0.0,0.45467226854709,0.0,7.57091879311882,0.0,8.06276601408268,1.12130367695077,1.57597594549786,0.3,31.2
EST,Estonia,2008,77.2952717,0.0,0.512364258866361,0.0,-5.12531154308803,0.0,-4.87057915292706,1.58302746810645,2.09539172697282,0.3,31.9
EST,Estonia,2009,77.2812392,0.0,0.622147069474355,0.0,-14.6302225427906,0.0,-14.4654981470721,0.956769785029067,1.57891685450342,0.3,31.4
EST,Estonia,2010,79.1020251,0.0,0.838785843997608,0.0,2.4497502063999,0.0,2.68366165094633,0.720826423519741,1.55961226751735,0.5,32.0
EST,Estonia,2011,78.1653452,0.0,0.889538427492448,0.0,7.60697458913162,0.0,7.93414724975237,0.895652000201936,1.78519042769438,0.7,32.5
EST,Estonia,2012,77.9251865,0.0,0.957377443523965,0.0,3.67201872506541,0.0,4.04377186018716,1.01314866161022,1.97052610513419,0.5,32.9
EST,Estonia,2013,80.63728,0.0,0.890836698741817,0.0,1.75649379621869,0.0,2.1192820000981,0.908405977818845,1.79924267656066,0.7,35.1
EST,Estonia,2014,83.3984558,0.0,0.797797875496218,0.0,3.32278988182702,0.0,3.59411590769302,0.967779937618074,1.76557781311429,0.6,34.6
EST,Estonia,2015,81.1286169,0.0,0.868049728469609,0.0,1.83815262882932,0.0,1.77141701957223,0.577870298883675,1.44592002735328,0.4,32.7
EST,Estonia,2016,80.809179,0.0,0.851635065133593,0.0,3.09301920751959,0.0,3.06301090349199,0.395237695104046,1.24687276023764,0.3,31.2
EST,Estonia,2017,80.2859166,0.0,1.08446674179545,0.0,5.63467248963991,0.0,5.50685731354206,0.648969670439222,1.73343641223467,0.2,30.4
EST,Estonia,2018,79.5395993,0.0,1.02239313872309,0.0,3.69969756161726,0.0,3.33940936378892,0.995460170965617,2.01785330968871,0.2,30.3
EST,Estonia,2019,79.9625636,0.0,0.883141945947517,0.0,3.72664943466884,0.0,3.3419636171697,0.924587689843327,1.80772963579084,0.4,30.8
EST,Estonia,2020,81.5734269,0.0,0.949269749168634,0.0,-2.88380751483778,0.0,-3.07548007766944,0.480973513029608,1.43024326219824,0.2,30.7
EST,Estonia,2021,81.0612214,0.0,0.758996770060817,0.0,8.25488044580031,0.0,8.14019436008853,0.962229214145247,1.72122598420606,0.2,31.8
SWZ,Eswatini,2000,60.9437799,0.189353306502732,2.77538791933973,0.0,1.76017328388222,0.0,0.721283694963475,0.0,2.96474122584246,29.4,53.1
SWZ,Eswatini,2001,,0.309258466417908,3.15312689956509,0.0,1.41221393287066,0.0,0.48113089277777,0.0,3.46238536598299,,
SWZ,Eswatini,2002,62.8109048,0.293444161299127,4.17973258615992,0.0,4.0886479398829,0.0,3.26561899934499,0.0,4.47317674745905,,
SWZ,Eswatini,2003,61.7603419,0.230948851392131,2.62534511665664,0.0,4.53865525672528,0.0,3.82725927049805,0.0,2.85629396804877,,
SWZ,Eswatini,2004,60.93706,0.609981752707433,1.75994623647004,0.0,3.61711931922247,0.0,2.99348109442741,0.0,2.36992798917747,,
SWZ,Eswatini,2005,57.7121598,0.390358332774146,1.66316368838697,0.0,5.99228289096037,0.0,5.4163606626928,0.0,2.05352202116111,,
SWZ,Eswatini,2006,61.768261,0.402830471706429,1.61120812856706,0.0,6.72880946564094,0.0,6.19597048349081,0.0,2.01403860027349,,
SWZ,Eswatini,2007,64.2010635,0.563215649827655,2.09143478448497,0.0,4.31772144872362,0.0,3.71813879735403,0.0,2.65465043431262,,
SWZ,Eswatini,2008,62.9485381,1.24172908912956,2.53346134507128,0.0,1.44055358727118,0.0,0.758242258979109,0.0,3.77519043420084,,
SWZ,Eswatini,2009,66.7646308,0.253220270716695,2.41855159240126,0.0,1.43311134247756,0.0,0.784947122409747,0.0,2.67177186311795,26.8,51.4
SWZ,Eswatini,2010,65.8663009,0.181367359083379,2.03802835488475,0.0,3.82443487429767,0.0,3.21763655344279,0.170197299227968,2.3895930131961,,
SWZ,Eswatini,2011,56.6733235,0.208422536147497,2.13577535096273,0.0,1.83973625916165,0.0,1.27643647351354,0.298564481507319,2.64276236861755,,
SWZ,Eswatini,2012,56.9131064,0.150205014904108,2.18560579152161,1.41862291427182,4.09048190124592,0.0,3.53199247160502,0.42623661227343,4.18067033297096,,
SWZ,Eswatini,2013,56.5446939,0.111475552315871,2.3332033325131,1.65031152723727,4.09458522119226,0.0,3.53016648859264,0.405654265154514,4.50064467722075,,
SWZ,Eswatini,2014,59.1025969,0.0916667255052954,2.57475377526292,0.460663457117491,2.05738179246586,0.0,1.49073514248317,0.312695221324426,3.43977917921013,,
SWZ,Eswatini,2015,58.2716249,0.0697393884469083,3.21339930677813,0.0,1.70425806017289,0.0,1.12454682394791,0.124269749067541,3.40740844429257,,
SWZ,Eswatini,2016,58.2348978,0.110834094905383,4.37776737674853,0.0,2.94916821059911,0.0,2.34965752297238,0.116108859833854,4.60471033148777,17.7,54.6
SWZ,Eswatini,2017,59.3977021,0.137972175952829,3.90142829385118,0.0,3.52095345987983,0.0,2.74440888521023,0.0,4.03940046980401,,
SWZ,Eswatini,2018,56.553976,0.120450164054326,3.02334998911882,0.0,0.0653956557843571,0.0,-0.853481330729949,0.0,3.14380015317315,,
SWZ,Eswatini,2019,60.4579416,0.0804154048931186,3.19566107054748,0.0,6.43186888691574,0.0,5.4445627805287,0.0,3.2760764754406,,
SWZ,Eswatini,2020,62.5658248,0.0757427100687126,3.3059019329322,0.0,-2.95183453409287,0.0,-3.9978006899122,0.0,3.38164464300091,,
SWZ,Eswatini,2021,58.5724729,0.13654443934385,2.8626079405632,0.0,4.23621913615419,0.0,3.03852368946784,0.0,2.99915237990705,,
ETH,Ethiopia,2000,43.6116403,0.0,18.3566108994778,0.128654580125834,6.07321748125295,0.0,2.86806618904541,0.0,18.4852654796037,,
ETH,Ethiopia,2001,,0.0,18.0210767782612,0.127735991152237,8.30130632267965,0.0,5.06530432457272,0.0,18.1488127694134,,
ETH,Ethiopia,2002,40.1250346,0.0,23.0139796569436,0.17534349266371901,1.51472570667433,0.0,-1.52885894017255,0.0,23.1893231496073,,
ETH,Ethiopia,2003,39.7449809,0.0,36.060207422098,0.0811136221682243,-2.16135972256865,0.0,-5.07288652380292,0.0,36.1413210442662,,
ETH,Ethiopia,2004,44.8066469,0.0,27.7679687860224,0.0430245623456206,13.5726031401471,0.0,10.221815108184,0.0,27.810993348368,10.3,29.8
ETH,Ethiopia,2005,37.9277583,0.0,23.4241724453534,0.0690212146807151,11.8187659491625,0.0,8.5508986289875,0.0,23.4931936600342,,
ETH,Ethiopia,2006,37.033294,0.0,18.6846362512686,0.144218575298411,10.8347270679373,0.0,7.62653694970021,0.0,18.828854826567,,
ETH,Ethiopia,2007,37.0800241,0.0,21.7730379878267,0.138498847152681,11.4561670019891,0.0,8.23770708038126,0.0,21.9115368349794,,
ETH,Ethiopia,2008,37.5232506,0.0,18.6650468391895,0.105336515691304,10.7885216870332,0.0,7.62786742867665,0.00896601037346542,18.7793493652542,,
ETH,Ethiopia,2009,43.5127874,0.00183769562201587,16.3074639219253,0.118868129460701,8.8025531990487,0.0,5.7563855983106,0.00356799829063055,16.4317377452986,,
ETH,Ethiopia,2010,38.9726552,0.00724499256922988,15.5250945121129,0.281800575724129,12.5505383347633,0.0,9.4043448666486,0.00585567747283122,15.8199957578791,10.4,33.2
ETH,Ethiopia,2011,39.7903787,0.00507727643001671,16.7104877885444,0.704513480541926,11.1782962297008,0.0,8.06141676362226,0.00817466949683841,17.4282532150132,,
ETH,Ethiopia,2012,38.3326332,0.0,14.3735213212433,0.54884423822428,8.64781163513926,0.0,5.64374376946701,0.00581501263991497,14.9281805721075,,
ETH,Ethiopia,2013,42.0613399,0.0,13.6586280201092,0.343869213386082,10.5822700502552,0.0,7.61661454720691,0.00790396796314875,14.0104012014584,,
ETH,Ethiopia,2014,45.7974959,0.0,13.1485479309725,0.22916319835117,10.2574929627477,0.0,7.33861859355025,0.0067708864607757,13.3844820157845,,
ETH,Ethiopia,2015,44.3110499,0.0,12.0781975873925,0.112168490610375,10.3924630141307,0.0,7.4680767605293,0.00285682989554231,12.1932229078984,9.6,35.0
ETH,Ethiopia,2016,41.3027375,9.90538673681238e-05,11.1121926834604,0.118963294088809,9.43348265981905,0.0,6.5099145630674,0.00272401031151283,11.2339790417281,,
ETH,Ethiopia,2017,39.9376631,0.000130013475187816,9.76569485732401,0.112045765891954,9.56418965754014,0.0,6.61862070026751,0.0,9.87787063669115,,
ETH,Ethiopia,2018,45.303812,0.000148574727905969,6.33260677814057,0.0361203941244651,6.81614778557282,0.0,3.97407545942133,0.0,6.36887574699294,,
ETH,Ethiopia,2019,45.7555776,0.000104208156503271,5.47574141406869,0.027894091470397,8.36408573111346,0.0,5.48664147824387,0.0,5.50373971369559,,
ETH,Ethiopia,2020,38.6764124,8.32489506864312e-05,5.41299497323561,0.0846223803550529,6.05953089248577,0.0,3.22311599681393,0.0,5.49770060254135,,
ETH,Ethiopia,2021,31.4927932,0.000163832810177573,5.60232241207702,0.264587228725472,5.64153069324176,0.0,2.85565763143852,0.0,5.86707347361267,10.8,31.1
FRO,Faroe Islands,2000,,0.0,0.0,0.0,,0.0,,0.0,0.0,,
FRO,Faroe Islands,2001,,0.0,0.0,0.0,,0.0,,0.0,0.0,,
FRO,Faroe Islands,2002,,0.0,0.0,0.0,,0.0,,0.0,0.0,,
FRO,Faroe Islands,2003,,0.0,0.0,0.0,,0.0,,0.0,0.0,,
FRO,Faroe Islands,2004,,0.0,0.0,0.0,,0.0,,0.0,0.0,,
FRO,Faroe Islands,2005,,0.0,0.0,0.0,,0.0,,0.0,0.0,,
FRO,Faroe Islands,2006,,0.0,0.0,0.0,,0.0,,0.0,0.0,,
FRO,Faroe Islands,2007,,0.0,0.0,0.0,,0.0,,0.0,0.0,,
FRO,Faroe Islands,2008,,0.0,0.0,0.0,,0.0,,0.0,0.0,,
FRO,Faroe Islands,2009,,0.0,0.0,0.0,-4.55329824103478,0.0,-5.02867328771298,0.0,0.0,,
FRO,Faroe Islands,2010,,0.0,0.0,0.0,-0.379817991218616,0.0,-0.105461192690626,0.0,0.0,,
FRO,Faroe Islands,2011,,0.0,0.0,0.0,3.56636317884431,0.0,3.80958689031866,0.0,0.0,,
FRO,Faroe Islands,2012,,0.0,0.0,0.0,7.08148344487884,0.0,7.64028513939343,0.0,0.0,,
FRO,Faroe Islands,2013,,,0.0,0.0,5.85614389735763,0.0,5.95488006639857,0.0,0.0,,
FRO,Faroe Islands,2014,,,0.0,0.0,5.43214206841004,0.0,5.03590340286293,0.0,0.0,,
FRO,Faroe Islands,2015,,,0.0,0.0,0.958001934486234,0.0,-0.0144554034650923,0.0,0.0,,
FRO,Faroe Islands,2016,,,0.0,0.0,1.38644795938293,0.0,0.228343050722899,0.0,0.0,,
FRO,Faroe Islands,2017,,,0.0,0.0,3.51201367488443,0.0,2.03500931466967,0.0,0.0,,
FRO,Faroe Islands,2018,,,0.0,0.0,2.76370952267429,0.0,1.11536325937354,0.0,0.0,,
FRO,Faroe Islands,2019,,,0.0,0.0,4.53851028676189,0.0,2.93783373419572,0.0,0.0,,
FRO,Faroe Islands,2020,,,0.0,0.0,-1.63732118017028,0.0,-3.08017092370805,0.0,0.0,,
FRO,Faroe Islands,2021,,,0.0,0.0,5.06636291600633,0.0,3.62712467824227,0.0,0.0,,
FJI,Fiji,2000,70.2290971,0.0,0.603691368486166,0.474080642358969,-1.69999776168213,0.0,-2.7615422573721,0.0,1.07777201084513,,
FJI,Fiji,2001,,0.0,0.629223465780578,0.444216372793902,2.00000027123612,0.0,0.957064567258897,0.0,1.07343983857448,,
FJI,Fiji,2002,72.2189754,0.0,0.47292628897727,0.516580758343709,3.19999861722759,0.0,2.18333221669403,0.0,0.989507047320979,1.0,38.1
FJI,Fiji,2003,72.1584741,0.0,0.570136888482826,0.463739515727251,0.999998995078172,0.0,0.0396498820572191,0.0,1.03387640421008,,
FJI,Fiji,2004,69.0113173,0.0,0.356071960514932,0.521507989873428,5.30000086613597,0.0,4.32692550982252,0.0,0.87757995038836,,
FJI,Fiji,2005,71.9146291,0.0,0.453891829844286,0.49385897439813,0.699999592969263,0.0,-0.214470375987901,0.0,0.947750804242416,,
FJI,Fiji,2006,63.0886823,0.0,0.472838705863474,0.501825408425044,1.85248357237371,0.0,0.938932462650172,0.0,0.974664114288517,,
FJI,Fiji,2007,65.7872455,0.0,0.495399929404612,0.219696221996603,-0.8506533546566,0.0,-1.67524879277953,0.0,0.715096151401214,,
FJI,Fiji,2008,64.139609,0.0,0.621167064034149,0.259287172970978,1.03279368777636,0.0,0.410201054333271,0.0,0.880454237005127,0.7,40.4
FJI,Fiji,2009,62.951828,0.0,0.678075120350499,0.497807906772264,-1.38603752085589,0.0,-1.80343317505495,0.0,1.17588302712276,,
FJI,Fiji,2010,62.8608992,0.0,1.10484995139824,1.10422228776011,2.95467268842502,0.0,2.59506259774236,0.0,2.20907223915836,,
FJI,Fiji,2011,63.8143617,0.0,0.91416058751219,1.04900712995513,2.70514231228027,0.0,2.41603454017945,0.0,1.96316771746732,,
FJI,Fiji,2012,63.804825,0.0,0.888797314841428,1.14080955796933,1.41131415220703,0.0,1.19749999071976,0.0,2.02960687281076,,
FJI,Fiji,2013,63.7756872,0.0,0.840218948184971,0.515173924299496,4.7342203729816,0.0,4.57032170520452,0.0,1.35539287248447,0.2,36.7
FJI,Fiji,2014,71.489697,0.0,0.799163712420156,0.376605837278412,5.60351397766961,0.0,5.46160981322221,0.0,1.17576954969857,,
FJI,Fiji,2015,71.4692383,0.0,0.727858705078145,0.312966359793855,4.50120064471365,0.0,4.38823289212192,0.0,1.040825064872,,
FJI,Fiji,2016,78.203374,0.0,0.662453206331662,0.35691144765048,2.44565202449249,0.0,2.38011648097762,0.0,1.01936465398214,,
FJI,Fiji,2017,72.419293,0.0,0.914856878401153,0.35164561637814,5.35336434979577,0.0,5.40003471633406,0.0,1.26650249477929,,
FJI,Fiji,2018,77.8243726,0.0,0.867495569618431,0.32414700542396,3.812350939512,0.0,3.99107234875937,0.0,1.19164257504239,,
FJI,Fiji,2019,77.6492708,0.0,0.841751499554254,0.312629925115531,-0.581946590349759,0.0,-0.334080345193271,0.0,1.15438142466978,0.8,30.7
FJI,Fiji,2020,76.150895,0.0,0.97190297218375,0.47958280802081,-17.1835352599354,0.0,-17.1893281212242,0.0,1.45148578020456,,
FJI,Fiji,2021,77.2767758,0.0,1.12676637286871,1.12613724018633,-4.3459619989752,0.0,-4.52835673234897,0.0,2.25290361305504,,
FIN,Finland,2000,94.2699652,0.0,0.404788604483289,0.0229423943544132,5.75373770498848,0.0,5.53441379935349,0.0,0.427730998837703,0.0,27.2
FIN,Finland,2001,,0.0,0.369008223035878,0.00155901679470144,2.64026205699308,0.0,2.40682902219235,0.0,0.37056723983058,,
FIN,Finland,2002,94.1811665,0.0,0.409153926927024,0.0112387831716487,1.68732644358099,0.0,1.44115409187744,0.0,0.420392710098672,,
FIN,Finland,2003,93.703799,0.0,0.358144925912867,0.0158081124150463,2.01179992738312,0.0,1.76883520334854,0.0,0.373953038327913,0.0,27.7
FIN,Finland,2004,89.292737,0.0,0.266054980681857,0.0344008520434289,4.00537952277651,0.0,3.70383750334673,0.000189469423886904,0.300645302149173,0.0,27.9
FIN,Finland,2005,91.6383192,0.0,0.250573023435169,0.0462401384674904,2.77730918518017,0.0,2.42615653951086,0.00118934851858091,0.29800251042124,0.0,27.6
FIN,Finland,2006,90.9859917,0.0,0.265475019738743,0.105546886019445,4.01957326515895,0.0,3.62113497225309,0.00235658390019934,0.373378489658387,0.1,28.0
FIN,Finland,2007,91.5464492,0.0,0.311218578156343,0.103473990479585,5.31280176694145,0.0,4.86572137220107,0.0,0.414692568635928,0.0,28.3
FIN,Finland,2008,90.7912785,0.0,0.289909318388013,0.0973000473486769,0.784431235717051,0.0,0.316320525705208,0.0,0.387209365736691,0.0,27.8
FIN,Finland,2009,91.5155435,0.0,0.252549086848801,0.0806358905411379,-8.07603116552393,0.0,-8.51460466433139,0.0,0.333184977389939,0.0,27.5
FIN,Finland,2010,90.847851,0.0,0.322424091666797,0.14674086949288,3.1682879121621,0.0,2.69737665062684,0.0351012330705767,0.504266194230253,0.0,27.7
FIN,Finland,2011,89.8981465,0.0,0.304594696627744,0.191800290602006,2.39039455396828,0.0,1.91685338301681,0.0362541272728247,0.532649114502575,0.0,27.6
FIN,Finland,2012,89.342781,0.0,0.290627931189504,0.23932516251574,-1.52284013040689,0.0,-1.99029082999297,0.0475826843159529,0.577535778021198,0.0,27.1
FIN,Finland,2013,88.6681551,0.0,0.317034420176452,0.129280420521769,-0.979741024949618,0.0,-1.43490157636175,0.0522484933642708,0.498563334062492,0.1,27.2
FIN,Finland,2014,88.4108482,0.0,0.332903819730429,0.0965710485835301,-0.4780684247837,0.0,-0.888801631577977,0.0536121904628334,0.483087058776792,0.0,26.8
FIN,Finland,2015,85.2782928,0.0,0.34675542069703,0.0669563371318421,0.466503766322674,0.0,0.136127693741741,0.0321566445749805,0.445868402403852,0.1,27.1
FIN,Finland,2016,84.0178329,0.0,0.346732972201017,0.0583982051447675,2.57193414898754,0.0,2.27754373131673,0.00498747892590695,0.410118656271692,0.0,27.1
FIN,Finland,2017,85.3471794,0.0,0.313318709928274,0.119924227964149,3.30337003591039,0.0,3.06123169296772,0.0205287132946789,0.453771651187102,0.1,27.4
FIN,Finland,2018,83.6849655,0.0,0.416563866954643,0.110866113285585,1.19297759742292,0.0,1.05884315705418,0.0359430063476326,0.563372986587861,0.0,27.3
FIN,Finland,2019,82.9390103,0.0,0.308689061808585,0.0169941990633999,1.34973845741737,0.0,1.23812097519217,0.0395237238079271,0.365206984679912,0.0,27.7
FIN,Finland,2020,85.6622581,0.0,0.254136694513124,0.0143024115186818,-2.49103605535707,0.0,-2.63099855258851,0.0208151367431629,0.289254242774969,0.0,27.1
FIN,Finland,2021,85.1751318,0.0,0.293602465459058,0.109078885852519,2.67634641498897,0.0,2.46373050011893,0.0456314892036643,0.448312840515242,0.0,27.7
FRA,France,2000,79.9556558,0.000426768443912514,0.0530922401445337,0.000414116623984834,4.14099996402915,0.00299506579058074,3.42869029655284,0.0128162153938784,0.0697444063968902,0.1,32.6
FRA,France,2001,,0.000965349093102791,0.0460691923044872,0.000396138286589849,1.89946701186636,0.00635783621055011,1.1593271284506,0.00936012963415914,0.0631486455288891,0.1,32.5
FRA,France,2002,79.5826125,0.000259166856295448,0.0435455251990532,0.00049109279852457,1.06775027069419,0.00423334274640622,0.335619014023663,0.00830876294635966,0.0568378905466392,0.0,31.8
FRA,France,2003,71.761361,0.000253270748053223,0.0399172142812354,0.00037699915829033,0.967827182558352,0.00332236455310995,0.257866805308325,0.00737910136174695,0.0512489501024358,0.1,31.4
FRA,France,2004,72.5577633,0.000156053218409265,0.0299514916484651,0.000206076199611025,2.86825052501032,0.00220834809870801,2.11736543407739,0.00810398257408497,0.0406259517392784,0.0,30.6
FRA,France,2005,73.7902828,0.0,0.0287994431339762,0.000298559427163688,1.88856584109286,0.00148807022362251,1.1253537135494,0.0111412257646513,0.0417272985494137,0.0,29.8
FRA,France,2006,76.0952107,0.0,0.0320438360219227,0.000581288296468117,2.71406448755236,0.0036644600177254,2.00131130247657,0.011867928639494,0.0481575129756102,0.0,29.7
FRA,France,2007,77.0188812,0.0,0.0344135585686767,0.000624905015499963,2.53048188351066,0.00285427992345928,1.89856745333175,0.0105907897754201,0.0484835332830561,0.0,32.4
FRA,France,2008,76.8067448,0.0,0.0345297583376973,0.00103942259758142,0.380171435849121,0.00416381388602014,-0.178410661195599,0.014247070185208,0.0539800650065068,0.0,33.0
FRA,France,2009,74.5791042,0.0,0.0375039989316507,0.00127715152883219,-2.82455153714783,0.00300131454498394,-3.32212444604225,0.00767614972487918,0.049458614730346,0.0,32.7
FRA,France,2010,78.5370904,0.0,0.042045913628346,0.00136395896236241,2.00032476039051,0.00232971591807025,1.49872466177408,0.00891753895773517,0.0546571274665138,0.1,33.7
FRA,France,2011,75.9398587,0.0,0.0350226342702836,0.000264007930001232,2.43757653729007,0.00258651823404283,1.94433505424516,0.0108192692036986,0.0486924296380263,0.0,33.3
FRA,France,2012,76.4037232,0.0,0.0327941766549346,0.000290143238489028,0.183835264973013,0.00258288830322511,-0.299598729272304,0.0126937537821637,0.0483609619788124,0.0,33.1
FRA,France,2013,74.2924203,0.0,0.03552052897528,0.000168557450175002,0.781756446231,0.0015493248242741,0.26214454973659,0.0109314252317,0.0481698364814291,0.1,32.5
FRA,France,2014,72.5184039,0.0,0.0365872482900058,0.000119124398037033,0.997832947295251,4.71876516832952e-05,0.519383764691739,0.0094716180532004,0.0462251783929265,0.0,32.3
FRA,France,2015,68.8591869,0.0,0.0357855841051411,1.87555793173613e-05,1.06675474783462,6.2380326009974e-05,0.708030590350688,0.00512462065631857,0.040991340666787,0.1,32.7
FRA,France,2016,65.1849449,0.0,0.0362836072783595,2.04491850940137e-05,0.860031075424033,3.44487325405203e-05,0.594243752389232,0.00385165418531265,0.0401901593813067,0.0,31.9
FRA,France,2017,69.8226831,0.0,0.0309691466833577,3.34505241784338e-05,2.08361485997399,3.58235354425169e-05,1.78779549384231,0.00518662364090017,0.0362250443838789,0.0,31.6
FRA,France,2018,67.6768856,0.0,0.0344542385478408,3.04938579184141e-05,1.64590872395887,2.92489749702571e-05,1.28216603702126,0.00839113039243978,0.0429051117731693,0.0,32.4
FRA,France,2019,69.3801876,0.0,0.0269667464323604,0.0,2.02744646419237,3.84726110560525e-05,1.68870844116209,0.00678260032752886,0.0337878193709454,0.0,31.2
FRA,France,2020,68.0652717,0.0,0.023313365090433,0.0,-7.44064589948231,2.13920330256276e-05,-7.74056751254994,0.00329710789889294,0.0266318650223516,0.1,30.7
FRA,France,2021,68.0151167,0.0,0.0252966547056052,0.0,6.88233783360239,0.000137795686740901,6.50155219757207,0.0071021867060762,0.0325366370984223,0.0,31.5
PYF,French Polynesia,2000,,0.0,0.000923405568411174,0.0,3.24541101308193,0.0,1.63790019281309,0.0,0.000923405568411174,,
PYF,French Polynesia,2001,,0.0,0.00109973288513005,0.0,-0.341595578089056,0.0,-1.87670498388422,0.0,0.00109973288513005,,
PYF,French Polynesia,2002,,0.0,0.00112832300291278,0.0,0.846181482808589,0.0,-0.650790590620005,0.0,0.00112832300291278,,
PYF,French Polynesia,2003,,0.0,0.00134212901664791,0.0,2.1269288487261,0.0,0.559535344536414,0.0,0.00134212901664791,,
PYF,French Polynesia,2004,,0.0,0.00134167927665698,0.0,0.971259129987544,0.0,-0.615266204742809,0.0,0.00134167927665698,,
PYF,French Polynesia,2005,,0.0,0.00161049592795588,0.0,0.309973476180005,0.0,-1.17936718824801,0.0,0.00161049592795588,,
PYF,French Polynesia,2006,,0.0,0.00198941880824569,0.0,0.889584117597607,0.0,-0.534705152644719,0.0,0.00198941880824569,,
PYF,French Polynesia,2007,,0.0,0.00251149008152981,0.0,1.70497563803002,0.0,0.477742673226714,0.0,0.00251149008152981,,
PYF,French Polynesia,2008,,0.0,0.00342826908429782,0.0,0.00676755066312751,0.0,-0.716512347599547,0.0,0.00342826908429782,,
PYF,French Polynesia,2009,,0.0,0.00338024749046429,0.0,-4.23139183069446,0.0,-4.62302243249042,0.0,0.00338024749046429,,
PYF,French Polynesia,2010,,0.0,0.00376946842807292,0.0,-2.4660641898174,0.0,-2.86221244709949,0.0,0.00376946842807292,,
PYF,French Polynesia,2011,,0.0,0.00445979228108619,0.0,-2.96195745427229,0.0,-3.37156943541497,0.0,0.00445979228108619,,
PYF,French Polynesia,2012,,0.0,0.00440591554696973,0.0,-0.927537712532072,0.0,-1.41984532236675,0.0,0.00440591554696973,,
PYF,French Polynesia,2013,,0.0,0.00393738902973948,0.0,0.398801414346934,0.0,-0.201995117223149,0.0,0.00393738902973948,,
PYF,French Polynesia,2014,,0.0,0.00535731271800958,0.0,0.593554452942286,0.0,-0.0102536380222915,0.0,0.00535731271800958,,
PYF,French Polynesia,2015,,0.0,0.00480407187747372,0.0,1.80334081452726,0.0,1.26147120448255,0.0,0.00480407187747372,,
PYF,French Polynesia,2016,,0.0,0.00509988947957939,0.0,2.30219823670438,0.0,1.82142796079958,0.0,0.00509988947957939,,
PYF,French Polynesia,2017,,0.0,0.00585109251958065,0.0,4.29263363103487,0.0,3.95416021395157,0.0,0.00585109251958065,,
PYF,French Polynesia,2018,,0.0,0.00356522146444518,0.0,1.80687498305207,0.0,1.90583847677253,0.0,0.00356522146444518,,
PYF,French Polynesia,2019,81.3247888,0.0,0.0033458094981088,0.0,2.68946658143334,0.0,2.97688844901971,0.0,0.0033458094981088,,
PYF,French Polynesia,2020,82.152599,0.0,0.0040573140478639,0.0,-10.5738138632489,0.0,-10.6298635700059,0.0,0.0040573140478639,,
PYF,French Polynesia,2021,83.6360762,0.0,0.00357012625688161,0.0,3.36590242421546,0.0,3.1505198503273,0.0,0.00357012625688161,,
GAB,Gabon,2000,72.0023277,0.0,3.99642449404337,0.00282179770211503,-1.88296639760897,0.0772762340975762,-4.3871748201515,43.6933433166058,47.7698658424489,,
GAB,Gabon,2001,,0.0,3.85907327381353,0.00281636789165227,2.13523342197423,0.09276544922341,-0.517762468580202,28.5621391754189,32.5167942663475,,
GAB,Gabon,2002,67.4698788,0.0,4.4475548396141,0.00340576058110662,-0.249033168543434,0.0866644650501961,-2.88501235798608,27.1895735624659,31.7271986277113,,
GAB,Gabon,2003,63.0156278,0.0,4.72256093693064,0.0014152647216675,2.2473300115045,0.0827014890693919,-0.505326252378111,21.2503487601086,26.0570264508303,,
GAB,Gabon,2004,65.7080723,0.0,2.28178435994393,0.00486987755999281,0.689543058464849,0.071282162957338,-2.09108844494591,25.0988473562294,27.4567837566907,,
GAB,Gabon,2005,66.7630524,0.0,2.8911970826085,0.00610761767490351,2.67620333310926,0.03261862995654,-0.262443845603784,34.837420996188,37.767344326428,2.2,42.2
GAB,Gabon,2006,66.7638467,0.0,3.63956826326135,0.0158394554393069,-2.80657835569052,0.0921095672170826,-5.6960834287439,33.9084565801093,37.655973866027,,
GAB,Gabon,2007,68.3070959,0.0,3.15538808206861,0.014988937621301,6.00810802487668,0.0792230139390131,2.74524486560748,34.283912273453,37.533512307082,,
GAB,Gabon,2008,67.1071254,0.0,3.77663356446465,0.0157221283268533,-3.30843064878751,0.0879977934357384,-6.37298501256997,37.187729257242,41.0680827434693,,
GAB,Gabon,2009,63.9244116,0.0,3.01125745310289,0.0238123847648161,0.130331119816617,0.128111970359723,-3.14683049052138,24.5730772701098,27.7362590783372,,
GAB,Gabon,2010,65.8785074,0.0,1.98518178203554,0.0,7.08988731455126,0.160031176391066,3.45835073677657,33.5096734280311,35.6548863864577,,
GAB,Gabon,2011,65.470908,0.0,1.51071156684838,0.0,7.09175334258654,0.209107750132104,3.35937600321799,37.4261753637161,39.1459946806966,,
GAB,Gabon,2012,66.994819,0.0,2.04266337942639,0.0746904757982236,5.25107691750407,0.235863079960661,1.552307854364,38.2761163072887,40.6293332424739,,
GAB,Gabon,2013,65.8730276,0.0,2.27001867626594,0.0837806526504662,5.63869900338696,0.21205622538129,1.98480609519432,30.2411289292074,32.806984483505,,
GAB,Gabon,2014,64.4156989,0.0,2.24550797723011,0.058925077269591,4.31496444107469,0.286832079981206,0.869784891054778,22.1627532667092,24.7540184011901,,
GAB,Gabon,2015,63.9332923,0.0,2.23499143447168,0.072313371747754,3.8788993950789,0.259727579161708,0.693296575495864,9.98640233955356,12.5534347249347,,
GAB,Gabon,2016,56.762925,0.0,2.38852306160144,0.0747484922345399,2.09144220829562,0.180381369327729,-0.79183198007,9.0185416132992,11.6621945364629,,
GAB,Gabon,2017,58.1655772,0.0,3.06748536685608,0.0557899576814961,0.472642030911146,0.183250931989039,-2.16361774149249,14.3932577694784,17.699784026005,1.0,38.0
GAB,Gabon,2018,59.1736205,0.0,2.57850658243061,0.00516331578472988,0.83791658082157,0.249185395988878,-1.68804743568779,18.3274076798358,21.16026297404,,
GAB,Gabon,2019,61.1017813,0.0,2.24380950182375,0.00566241024113415,3.92080879452831,0.24178434717823,1.38257599119697,16.6842425426461,19.1754988018892,,
GAB,Gabon,2020,62.1449871,0.0,3.30071987642311,0.00793166201333393,-1.8377610635094,0.210349223877747,-4.15528083286725,9.97982419987045,13.4988249621846,,
GAB,Gabon,2021,61.0768695,0.0,2.64578378403823,0.0225266342101698,1.46795731508091,0.268524525122843,-0.845244788994776,15.5565091491463,18.4933440925176,,
GMB,"Gambia, The",2000,71.2807839,0.0,2.25584549955561,0.0,5.50000021632955,0.0,2.65021456237223,0.0,2.25584549955561,,
GMB,"Gambia, The",2001,,0.0,2.48956240559623,0.0,5.80000024323377,0.0,2.97441795005224,0.0,2.48956240559623,,
GMB,"Gambia, The",2002,74.054583,0.0,3.54757628277213,0.0,-3.25000014970206,0.0,-5.81287900613223,0.0,3.54757628277213,,
GMB,"Gambia, The",2003,66.1955094,0.0,6.12286065692919,0.0,6.86999962173842,0.0,4.0302689250437,0.0,6.12286065692919,23.2,47.3
GMB,"Gambia, The",2004,64.2704114,0.0,2.5497949802114,0.0,7.05000000064635,0.0,4.16456397721086,0.0,2.5497949802114,,
GMB,"Gambia, The",2005,65.1099669,0.0,2.63182573752435,0.0,-2.35172936176019,0.0,-5.03011452953602,0.0,2.63182573752435,,
GMB,"Gambia, The",2006,63.3854786,0.0,2.72961175784069,0.0,-0.555580977246521,0.0,-3.35221701800941,0.0,2.72961175784069,,
GMB,"Gambia, The",2007,65.5459286,0.0,3.04093237747013,0.0,3.04324950829739,0.0,0.0963372438063175,0.0,3.04093237747013,,
GMB,"Gambia, The",2008,65.6891391,0.0,3.18489288621072,0.0,6.25590553394287,0.0,3.21187607038,0.0,3.18489288621072,,
GMB,"Gambia, The",2009,68.4811215,0.0,3.29749846666455,0.0,6.6657243078367,0.0,3.61238687182772,0.0,3.29749846666455,,
GMB,"Gambia, The",2010,67.1511157,0.0,3.03032430579774,0.0,5.90833580968288,0.0,2.87350950500529,0.0,3.03032430579774,11.2,43.6
GMB,"Gambia, The",2011,65.5963979,0.0,4.46743879941924,0.0,-8.13044422315659,0.0,-10.7772609082744,0.0,4.46743879941924,,
GMB,"Gambia, The",2012,62.1123322,0.0,5.78123297887422,0.0,5.24156924630741,0.0,2.18645897140155,0.0,5.78123297887422,,
GMB,"Gambia, The",2013,61.7600806,0.0,5.90666401996967,0.0,2.872768790327,0.0,-0.0966163079995681,0.0,5.90666401996967,,
GMB,"Gambia, The",2014,59.9097914,0.0,5.2409154628157,0.0,-1.40738249510954,0.0,-4.17258609769029,0.0,5.2409154628157,,
GMB,"Gambia, The",2015,62.2986891,0.0,5.55888177634649,0.0,4.0580738039996,0.0,1.25137248146628,0.0,5.55888177634649,4.1,35.9
GMB,"Gambia, The",2016,58.2713192,0.0,6.56105812711213,0.0,1.94335965478776,0.0,-0.701007891119758,0.0,6.56105812711213,,
GMB,"Gambia, The",2017,62.5301089,0.0,6.49323709656864,0.0,4.8226112492757,0.0,2.20807546707253,0.0,6.49323709656864,,
GMB,"Gambia, The",2018,63.9221602,0.0,2.72252448983926,0.0,7.23489033258579,0.0,4.66787430455537,0.0,2.72252448983926,,
GMB,"Gambia, The",2019,67.0539043,0.0,2.81390983977653,0.0,6.22205315994859,0.0,3.74848295956672,0.0,2.81390983977653,,
GMB,"Gambia, The",2020,68.2241135,0.0,3.03439304457224,0.0,0.591487287873974,0.0,-1.7631871131438,0.0,3.03439304457224,5.9,38.8
GMB,"Gambia, The",2021,66.2906164,0.0,2.85673041093642,0.0,5.25596878816744,0.0,2.79304588389131,0.0,2.85673041093642,,
GEO,Georgia,2000,37.97366,0.000301396969052128,0.129637994918041,0.214207470912808,1.84038117927339,0.0385298028858873,3.84018024327052,0.4032554633902,0.785932129075988,13.0,40.5
GEO,Georgia,2001,,0.000137796117665673,0.0808388703293695,0.148781045368224,4.80729867243699,0.0779174527885292,6.44578529290918,0.240596285001512,0.5482714496053,12.9,39.6
GEO,Georgia,2002,37.5157108,0.000264013390262402,0.103982829445877,0.243703085307777,5.47402488700408,0.0123022588031075,6.42465284351501,0.205552828360089,0.565805015307112,6.9,37.2
GEO,Georgia,2003,38.3588347,0.00031723883310585,0.131685745316655,0.245497425537907,11.0570310020104,0.0172691487585388,11.8096106867876,0.388733097796932,0.783502656243139,7.1,36.6
GEO,Georgia,2004,50.4009103,0.00236289246976374,0.136247235111899,0.366572655706966,5.79268292682926,0.0118766934189795,6.44984993877193,0.292409031788746,0.809468508496354,6.7,36.2
GEO,Georgia,2005,52.6085739,0.000766385609960404,0.131198852941536,0.292049856367066,9.59113832853026,0.00604947779088453,10.2895785214873,0.345173611414446,0.775238184123894,7.1,37.4
GEO,Georgia,2006,52.0166486,0.00120556900440972,0.131659976337795,0.621147145232205,9.42148081189909,0.00759003365059613,10.0452966712851,0.193175812294926,0.954778536519933,7.0,36.9
GEO,Georgia,2007,57.4591283,0.00236057680863553,0.147838422308499,0.601460731616502,12.5755698246405,0.0132568469096932,13.1643509520424,0.155450439934669,0.920367017577998,7.6,38.1
GEO,Georgia,2008,51.9447846,0.00451781449416897,0.132015745245165,0.443477423012904,2.42161440960641,0.0202837342135218,2.7332346709434,0.182671461157239,0.782966178122998,6.7,38.5
GEO,Georgia,2009,53.1998057,0.0217972318342895,0.160796612671345,0.480214838495944,-3.65075229596822,0.0131980726611481,-2.79118104819281,0.116317204104687,0.792323959767413,6.7,38.2
GEO,Georgia,2010,56.3118153,0.0250953563047041,0.120570149289604,1.07783217178515,6.24640865303363,0.00577977936232572,7.02428366897674,0.108975029413952,1.33825248615574,7.8,39.5
GEO,Georgia,2011,55.2598467,0.0332575482589091,0.132340650859169,1.58515953234722,7.9343365253078,0.0043344189232363,8.8036288733672,0.143424766442677,1.89851691683121,7.4,39.6
GEO,Georgia,2012,57.3428778,0.0233677184272699,0.0510300640342511,0.875136343661946,6.57883101954195,0.00465045700091088,7.36675215463949,0.130105358248411,1.08428994137279,5.7,39.0
GEO,Georgia,2013,62.0340473,0.0181311355264407,0.0701412136770824,0.594507804114897,5.13288531209382,0.00390374824798235,5.44978265548417,0.110437873003737,0.797121774570139,4.2,38.6
GEO,Georgia,2014,65.4707201,0.0107347388003137,0.0652287988440773,0.345380979995329,4.09049059581743,0.00116103156662281,4.04162752314514,0.099561569009553,0.522067118215896,3.3,37.6
GEO,Georgia,2015,64.3468344,0.0083686068293395,0.0815361076606178,0.402231830069847,3.35102350265353,0.0009795273753292,3.18839294862944,0.0409780341464866,0.53409410608162,2.7,36.5
GEO,Georgia,2016,64.8444146,0.00902249927328646,0.065710444696658,0.476818037845258,3.45021517996871,0.000419645174209565,3.38835328316745,0.0204652117157031,0.572435838705115,2.7,36.6
GEO,Georgia,2017,63.9717105,0.0101367407777307,0.0812818873740519,0.352658665208266,5.15990261658827,0.000457111098952564,5.14582677562736,0.0277796234542378,0.472314027913239,3.3,37.9
GEO,Georgia,2018,64.2740856,0.00566788595592728,0.0764768160368761,0.333807032193093,6.062036412677,0.000551322820805318,6.10344745087359,0.0347328226740541,0.451235879680756,3.1,36.4
GEO,Georgia,2019,63.5922889,0.000463779925947917,0.0806332038954042,0.491837981993135,5.38071926589951,0.000359932677767289,5.56167165873158,0.0303108940592379,0.603605792551493,2.5,35.9
GEO,Georgia,2020,63.7217145,0.00280760210444329,0.0849921545273847,0.821875756437716,-6.2904717853839,0.000228184554611074,-6.35478715206467,0.0156199754640174,0.925523673088172,3.1,34.5
GEO,Georgia,2021,62.4478661,0.00790127231235254,0.0650330099876407,1.27778979307602,10.6442336580969,0.00944731283149515,11.0650780067831,0.0292949219912809,1.38946631019879,2.9,34.2
DEU,Germany,2000,88.9546238,0.0156124005348027,0.0361071553468372,0.000222783857547795,2.8765231247659,0.0220483201424161,2.73729010710275,0.0201562303638046,0.0941468902454084,0.0,28.7
DEU,Germany,2001,,0.0363504237141466,0.0322047840564129,0.000135057831713304,1.63614170690956,0.0475097973402925,1.46530767364665,0.0153289209077331,0.131528983850298,0.1,29.9
DEU,Germany,2002,83.190255,0.0212106403442727,0.0337166894062137,0.000117724703520263,-0.228255715793637,0.033724476268888,-0.395859338643859,0.016056222546191,0.104825753269086,0.0,29.9
DEU,Germany,2003,78.3383511,0.0155847293701629,0.0337940507624758,6.14627294705321e-05,-0.529801394291297,0.0304352574071414,-0.584856140854797,0.0165037382126426,0.0963792384818933,0.1,29.9
DEU,Germany,2004,77.9405873,0.0694685561161683,0.0284557735823657,9.51458181304022e-05,1.16208684507278,0.0218423665324729,1.18405124273107,0.0185417711460884,0.138403613195226,0.0,30.1
DEU,Germany,2005,82.8622644,0.0608344592567013,0.0323736190900773,0.000264918426255141,0.885485292551564,0.0181131670399714,0.942782582208039,0.027268431145628,0.138854594958633,0.1,31.6
DEU,Germany,2006,83.5989357,0.0574116818103335,0.0369980100045055,0.000312536126871344,3.86668241523209,0.0400152093967188,3.98390753495501,0.0291731982459974,0.163910635584427,0.0,31.0
DEU,Germany,2007,84.0101428,0.0592990895293438,0.0468561535568035,0.000747533916287596,2.8891174138025,0.0359840365971986,3.0267913002332,0.028013355499561,0.170900169099195,0.0,31.2
DEU,Germany,2008,83.1176684,0.178039130275431,0.0399352345667399,0.00102210231944589,0.887902330743628,0.0529173919215807,1.07991595041742,0.034054769495246,0.305968628578443,0.1,30.6
DEU,Germany,2009,83.4916974,0.0645513988300187,0.0351831124542128,0.000234753701460163,-5.54455451920674,0.0405139498565575,-5.30491661723096,0.0184514937131976,0.158934708555447,0.0,30.4
DEU,Germany,2010,81.781807,0.100605224103438,0.0437125230189255,0.000979580824080147,4.13463778522758,0.0311922394814401,4.29429269623485,0.0190328024560215,0.195522369883906,0.1,30.2
DEU,Germany,2011,81.1970475,0.114695303797205,0.0399447746279453,0.00124543609878311,3.75796884489337,0.0425672292934665,5.69928311502757,0.0301021983000363,0.228554942117436,0.1,30.4
DEU,Germany,2012,82.4089443,0.0548288593405806,0.0373398188083959,0.00074976914783629,0.463512036709204,0.0416156923735439,0.275091009850499,0.030322053441343,0.1648561931117,0.0,30.9
DEU,Germany,2013,82.236509,0.0237162586929113,0.0378998491723045,0.000688312398977174,0.396995583779145,0.0357489487062639,0.12338547838786,0.0270022581641135,0.12505562713457,0.0,31.4
DEU,Germany,2014,84.1249875,0.0188044851044902,0.0368206012515162,0.000392191974926981,2.18018602168017,0.0189794489646318,1.75510660613023,0.0223645319543507,0.0973612592499159,0.1,30.8
DEU,Germany,2015,80.0916647,0.0146564038255549,0.0353909046073329,0.0,1.66300602334775,0.0150061510096634,0.786705244581157,0.0109585492863493,0.0760120087289006,0.1,31.4
DEU,Germany,2016,79.4663004,0.0142241784029931,0.0331026344118898,0.0,2.22222216259371,0.00893916182229922,1.40038690062336,0.00795427640685235,0.0642202510440344,0.1,31.3
DEU,Germany,2017,77.8895081,0.0179704886289538,0.0287237586419939,0.0,2.797906720551,0.0107367287094385,2.4144426920242,0.0108326903342219,0.0682636663146081,0.1,31.3
DEU,Germany,2018,79.967946,0.0181826118494321,0.0390078720598987,0.0,1.13569604599849,0.0124974991112772,0.832212527052548,0.0150774778092678,0.0847654608298758,0.1,31.9
DEU,Germany,2019,78.3156599,0.00953310321583949,0.0317055151606088,0.0303655728087302,0.977734697038784,0.00822954807304527,0.750266426253219,0.0127922924108005,0.0926260316690242,0.1,32.2
DEU,Germany,2020,77.5791167,0.00663105708293283,0.0279043537379829,0.0317233744566275,-4.13191443239947,0.00375658099524997,-4.21020011825779,0.00673003142464202,0.0767453976974352,0.2,32.5
DEU,Germany,2021,77.1734509,0.014480866265137,0.0308696938217838,0.0,3.90999994204108,0.0176994358454919,3.86602720371127,0.0140349033815617,0.0770848993139744,0.5,33.6
GHA,Ghana,2000,57.8634601,0.0,9.73486409255911,3.03211311584058,3.70000008164408,0.00340464034265789,1.12706117579829,0.989341728951404,13.7597235776938,,
GHA,Ghana,2001,,0.0,9.39320531098542,2.67339483930454,4.00000012807919,0.002410052736807,1.26692433665509,0.677053371360246,12.746063574387,,
GHA,Ghana,2002,61.7634798,0.0,9.85705227600459,2.95019670291322,4.49999955900331,0.00131058431729122,1.6652639048673,0.616348326370289,13.4249078896054,,
GHA,Ghana,2003,62.195974,0.0,13.8961700461814,1.21634094078967,5.200000133101,0.000787539446014188,2.39760659496866,0.506473855028264,15.6197723814453,,
GHA,Ghana,2004,63.8830417,0.0,10.8305885965699,0.945873447610532,5.59999999077445,0.000475023426221951,2.83982995857866,0.620473077410875,12.3974101450175,,
GHA,Ghana,2005,66.7777067,0.0,9.36380408433484,1.6684537886074,5.90000381855104,0.000143120735300706,3.15861099530474,0.699403468222941,11.7318044619005,26.4,42.8
GHA,Ghana,2006,64.5617534,0.0,5.0076574272652,2.12912560047911,6.39991260618034,0.000145279902744134,3.66950804093835,0.439256307347706,7.57618461499477,,
GHA,Ghana,2007,63.9107839,0.0,6.24981033258966,2.15660916300531,4.34681910440079,7.92739903368085e-05,1.69171777527903,0.421654318546372,8.82815308813168,,
GHA,Ghana,2008,63.4057066,0.0,6.57573796480232,2.07837946336711,9.14979893831817,5.81339801429368e-05,6.41466992518754,0.507726368620134,9.16190193076971,,
GHA,Ghana,2009,68.2278355,0.0,7.60843149004494,2.93652371845254,4.84448705175076,3.64079578230191e-05,2.26068893513001,0.266591066260126,10.8115826827154,,
GHA,Ghana,2010,64.9651713,0.0,5.77442765220724,3.94880910721537,7.89971194051621,1.95888832346768e-05,5.30617508163762,0.391372890188776,10.1146292384946,,
GHA,Ghana,2011,67.429199,0.0,5.50203428673419,5.48815061104302,14.0471235803149,1.57190646075533e-05,11.3370417824575,5.08048685091895,16.0706874677608,,
GHA,Ghana,2012,66.4648829,0.0,6.22274709142471,4.81836140282927,9.2927894063005,1.1657271689343e-05,6.67974740594653,4.78155703124787,15.8226771827735,15.7,42.4
GHA,Ghana,2013,66.4125875,0.0,4.42141324102118,2.95304965671034,7.31252501678145,7.10418690304822e-06,4.75796338524816,3.51474407100181,10.8892140729202,,
GHA,Ghana,2014,64.3060128,0.0,5.66614902136025,3.16234383982141,2.85624016330883,7.87670786871886e-06,0.452244093941871,3.42103394358244,12.249534681472,,
GHA,Ghana,2015,65.5037422,0.0,6.82969261160183,2.35816739244305,2.12075933817334,0.0841913549188799,-0.208325820413904,1.29146546233544,10.5635168212992,,
GHA,Ghana,2016,63.7043955,0.0,6.37927612801164,1.22418164413868,3.37346574966936,0.0451266748124126,1.04704406736222,1.00121845985195,8.64980290681468,15.8,43.5
GHA,Ghana,2017,67.0285244,0.0,5.90830368191503,1.78436553549714,8.12889488100956,0.0717217647016315,5.78094585817396,2.60564944915053,10.3700404312643,,
GHA,Ghana,2018,65.3470646,0.0,3.80854813393799,1.72215924988818,6.20007768127284,0.113151065000438,4.01895338314475,4.1465494257117,9.7904078745383,,
GHA,Ghana,2019,66.1232816,0.0,3.48167988211684,2.05143894352945,6.5077747939152,0.165145728819346,4.39063133478864,4.069102005933,9.76736656039863,,
GHA,Ghana,2020,66.9002519,0.0,3.79790806842924,2.23781040581732,0.513941670628171,0.198011638333066,-1.46830801654092,2.25284947216201,8.48657958474163,,
GHA,Ghana,2021,63.1229241,0.0,3.7560551680039,5.165049712175,5.07646643533542,0.371360442634513,3.03800270044563,4.05501917796431,13.3474845007777,,
GIB,Gibraltar,2000,,,,,,,,,,,
GIB,Gibraltar,2001,,,,,,,,,,,
GIB,Gibraltar,2002,,,,,,,,,,,
GIB,Gibraltar,2003,,,,,,,,,,,
GIB,Gibraltar,2004,,,,,,,,,,,
GIB,Gibraltar,2005,,,,,,,,,,,
GIB,Gibraltar,2006,,,,,,,,,,,
GIB,Gibraltar,2007,,,,,,,,,,,
GIB,Gibraltar,2008,,,,,,,,,,,
GIB,Gibraltar,2009,,,,,,,,,,,
GIB,Gibraltar,2010,,,,,,,,,,,
GIB,Gibraltar,2011,,,,,,,,,,,
GIB,Gibraltar,2012,,,,,,,,,,,
GIB,Gibraltar,2013,,,,,,,,,,,
GIB,Gibraltar,2014,,,,,,,,,,,
GIB,Gibraltar,2015,,,,,,,,,,,
GIB,Gibraltar,2016,,,,,,,,,,,
GIB,Gibraltar,2017,,,,,,,,,,,
GIB,Gibraltar,2018,,,,,,,,,,,
GIB,Gibraltar,2019,,,,,,,,,,,
GIB,Gibraltar,2020,,,,,,,,,,,
GIB,Gibraltar,2021,,,,,,,,,,,
GRC,Greece,2000,79.961221,0.0197360988211045,0.0133546527821898,0.0153684132685933,4.13782699405849,0.000881466557518289,3.71272971778744,0.0232566956333818,0.0725973270627876,0.1,34.4
GRC,Greece,2001,,0.0649733666395463,0.0112874774755469,0.00788012284436543,4.65041459442163,0.00171117129151837,4.10776514479092,0.0145861146476774,0.100438252898655,,
GRC,Greece,2002,79.8470595,0.0197361742314575,0.00980990510892056,0.00726575635109939,4.68313727063017,0.00120308424726531,4.30010645802261,0.0121627100438154,0.0501776299825581,0.1,35.5
GRC,Greece,2003,76.241518,0.0152116173513339,0.0105022680666136,0.004016950285825,5.79682274294369,0.000732413030283095,5.54464686570202,0.0079429315668772,0.0384061803009328,0.4,32.8
GRC,Greece,2004,73.9641718,0.127732962376609,0.00714801086298945,0.0176382215188187,5.37786634595851,0.000504020419079048,5.11746949484984,0.00599755587217245,0.159020771049669,0.5,33.6
GRC,Greece,2005,75.4730391,0.0805162493684375,0.00708735530947634,0.033665220168605,1.18350635493289,0.000265494258703677,0.887221298370648,0.0104685935888285,0.132002912694051,0.2,34.6
GRC,Greece,2006,74.6438093,0.073717516404432,0.00742397824982804,0.0994725052701644,6.44339762487436,0.000763233512187261,6.12419382696766,0.00941380520220799,0.19079103863882,0.4,35.1
GRC,Greece,2007,74.8786831,0.107339355782328,0.00892740548076249,0.200596462916846,3.50686976639459,0.000573729336406396,3.24351376995932,0.00553584299678535,0.322972796513128,0.4,34.0
GRC,Greece,2008,70.8779126,0.285542528941994,0.00895179248423663,0.0452836856349123,0.0574740238200775,0.00061886331448716,-0.2077841521306,0.00680414005081318,0.347201010426443,0.3,33.6
GRC,Greece,2009,65.8758136,0.0906402164911169,0.00617879736524479,0.018547926997769,-4.11927606715011,0.000375454974547942,-4.37113631022572,0.00447852445632241,0.120220920285001,0.5,33.6
GRC,Greece,2010,65.7110513,0.171387580541614,0.00698266907153845,0.0815059111967258,-5.6937412158003,0.000244380112904776,-5.81520524166056,0.011192934454184,0.271313475376967,0.7,34.1
GRC,Greece,2011,64.5680207,0.226405662397006,0.00794899095274833,0.107676421477661,-9.87677875300243,0.000332761523759976,-9.74334160929287,0.015063918086912,0.357427754438088,0.9,34.8
GRC,Greece,2012,63.1118416,0.119942051656813,0.0107543767658334,0.0843699789694371,-8.33113421099992,0.000437339513417393,-7.83408943355501,0.018570397878743,0.234074144784244,0.9,36.3
GRC,Greece,2013,63.2919773,0.0522774115456617,0.0126266019019379,0.0819322955473692,-2.27211699888024,0.000365759061744577,-1.56089629701783,0.0141521711708186,0.161354239227532,0.5,36.1
GRC,Greece,2014,64.6982098,0.0422593092366313,0.0128224400200245,0.0550189275666598,0.792225060962835,0.000248381610195361,1.46585655106406,0.0144293246870193,0.12477838312053,1.0,35.8
GRC,Greece,2015,63.8422013,0.0292114264080917,0.0123464179841816,0.0239434658567758,-0.228301892172851,0.000191334316860886,0.431225575747547,0.00565847532925373,0.0713511198951637,1.0,36.0
GRC,Greece,2016,63.2676633,0.0233002303477616,0.0124685392830574,0.043955699592721,-0.0317947678412054,0.000235022779438803,0.384851865059588,0.0106382707042441,0.0905977627072228,0.7,35.0
GRC,Greece,2017,66.0129396,0.0345671488209172,0.0140801305465245,0.0462379501553224,1.47312472702352,0.000298132044822254,1.67402014860588,0.0125578547961713,0.107741216363758,0.5,34.4
GRC,Greece,2018,71.8955182,0.0359092293054869,0.0130537021585132,0.0307808828288998,2.06467207892409,0.000629431983903693,2.27195132202993,0.0275504477019287,0.107923693978732,0.1,32.9
GRC,Greece,2019,70.6590444,0.019618445201312,0.00955674982509031,0.0201177905783866,2.27718065334808,0.000340760437508138,2.38497557963629,0.0208423218441195,0.0704760678864166,0.5,33.1
GRC,Greece,2020,71.0124183,0.0095167351676795,0.00906454219303769,0.0136128575524908,-9.19623149726978,0.000128253821992861,-9.00116455331775,0.00652358198539234,0.0388459707205932,0.6,33.6
GRC,Greece,2021,69.7722104,0.0146481346149569,0.00857648449460072,0.0522192932667737,8.65449786002131,0.000385174877812254,9.9750809262257,0.0116928580271195,0.0875219452812631,0.4,32.9
GRL,Greenland,2000,,0.0,0.0,0.0,7.10159688181619,0.0,6.93956723449121,0.0,0.0,,
GRL,Greenland,2001,,0.0,0.0,0.0,1.26903507902787,0.0,0.920568578995386,0.0,0.0,,
GRL,Greenland,2002,,0.0,0.0,0.0,-0.971177310665553,0.0,-1.3491298806964,0.0,0.0,,
GRL,Greenland,2003,,0.0,0.0,0.0,4.43004572118211,0.0,4.14298316488345,0.0,0.0,,
GRL,Greenland,2004,,0.0,0.0,0.224900454263183,6.90658283676629,0.0,6.6303821324005,0.0,0.224900454263183,,
GRL,Greenland,2005,,0.0,0.0,0.335434255722259,4.98749177090193,0.0,4.91926419216257,0.0,0.335434255722259,,
GRL,Greenland,2006,,0.0,0.0,0.809512759350298,5.55569490080012,0.0,5.85316581553596,0.0,0.809512759350298,,
GRL,Greenland,2007,,0.0,0.0,0.672343416976473,2.3524379811805,0.0,2.7505908652024,0.0,0.672343416976473,,
GRL,Greenland,2008,,0.0,0.0,0.844947976042771,6.1661327018619,0.0,6.59397874864722,0.0,0.844947976042771,,
GRL,Greenland,2009,91.2626914,0.0,0.0,0.0,0.865952328886948,0.0,0.874906570700134,0.0,0.0,,
GRL,Greenland,2010,90.9601899,0.0,0.0,0.0,1.73582505889665,0.0,1.35611976495977,0.0,0.0,,
GRL,Greenland,2011,95.8521826,0.0,0.0,0.114611409396534,-0.496519391959083,0.0,-1.11918135533512,0.0,0.114611409396534,,
GRL,Greenland,2012,95.8365529,0.0,0.0,0.353875743048762,1.39419335955625,0.0,1.53697694464276,0.0,0.353875743048762,,
GRL,Greenland,2013,95.7887962,0.0,0.0,0.0190935869044509,-1.29828069335511,0.0,-0.726861643140481,0.0,0.0190935869044509,,
GRL,Greenland,2014,95.95376,0.0,0.0,0.0,4.7421356730152,0.0,5.09192733313645,0.0,0.0,,
GRL,Greenland,2015,95.9171303,0.0,0.0,0.0,-2.52931802394475,0.0,-2.2149188822392,0.0,0.0,,
GRL,Greenland,2016,95.8259231,0.0,0.0,0.0,4.68195410972302,0.0,4.54780858066064,0.0,0.0,,
GRL,Greenland,2017,95.8370978,0.0,0.0,0.0,0.0527281828800312,0.0,0.0776647739674274,0.0,0.0,,
GRL,Greenland,2018,95.9157057,0.0,0.0,0.0,0.62306542854094,0.0,0.89068474112419,0.0,0.0,,
GRL,Greenland,2019,95.939297,0.0,0.0,0.0,2.83217756798683,0.0,2.46273159433217,0.0,0.0,,
GRL,Greenland,2020,95.9263372,0.0,0.0,0.0,0.250789762104304,0.0,-0.00176247850131972,0.0,0.0,,
GRL,Greenland,2021,95.8754921,,,,1.63409410992996,,1.12101711638257,,,,
GRD,Grenada,2000,77.6865907,0.0,0.0,0.0,4.88795213650562,0.0,4.18122183760816,0.0,0.0,,
GRD,Grenada,2001,,0.0,0.0,0.0,-2.02390004072058,0.0,-2.51021033342408,0.0,0.0,,
GRD,Grenada,2002,77.7153168,0.0,0.0,0.0,3.43732352954147,0.0,3.0394289508191,0.0,0.0,,
GRD,Grenada,2003,77.6470263,0.0,0.0,0.0,9.46397343076491,0.0,8.98141669840049,0.0,0.0,,
GRD,Grenada,2004,76.7645447,0.0,0.0,0.0,-0.647450316084857,0.0,-1.04641274220963,0.0,0.0,,
GRD,Grenada,2005,71.2996471,0.0,0.0,0.0,13.2761883306272,0.0,12.851921344972,0.0,0.0,,
GRD,Grenada,2006,71.3421683,0.0,0.0,0.0,-3.99532824427482,0.0,-4.34487991607801,0.0,0.0,,
GRD,Grenada,2007,71.4123891,0.0,0.0,0.0,6.12345094741467,0.0,5.7518527541441,0.0,0.0,,
GRD,Grenada,2008,71.4037389,0.0,0.0,0.0,0.947542624907697,0.0,0.607094088064969,0.0,0.0,,
GRD,Grenada,2009,71.5055743,0.0,0.0,0.0,-6.61328134799545,0.0,-6.91378690534548,0.0,0.0,,
GRD,Grenada,2010,73.4588177,0.0,0.0,0.0,-0.511146187173722,0.0,-0.807153746059768,0.0,0.0,,
GRD,Grenada,2011,71.5396606,0.0,0.0,0.0,0.764773550338731,0.0,0.321541246692931,0.0,0.0,,
GRD,Grenada,2012,72.313903,0.0,0.0,0.0,-1.15483816409801,0.0,-1.76486904539074,0.0,0.0,,
GRD,Grenada,2013,72.2847652,0.0,0.0,0.0,2.35109801677905,0.0,1.70896295471954,0.0,0.0,,
GRD,Grenada,2014,76.0927766,0.0,0.0,0.0,7.34212396037948,0.0,6.73549593358203,0.0,0.0,,
GRD,Grenada,2015,76.0431255,0.0,0.0,0.0,6.44522314693144,0.0,5.9402683055354,0.0,0.0,,
GRD,Grenada,2016,81.4915548,0.0,0.0,0.0,3.7396039558691,0.0,3.33052048330798,0.0,0.0,,
GRD,Grenada,2017,81.4979723,0.0,0.0,0.0,4.43867566948151,0.0,4.16002295455056,0.0,0.0,,
GRD,Grenada,2018,81.5431104,0.0,0.0,0.0,4.36144039364797,0.0,4.13321655238465,0.0,0.0,0.2,43.8
GRD,Grenada,2019,81.5566579,0.0,0.0,0.0,0.676511738873756,0.0,0.424779227477273,0.0,0.0,,
GRD,Grenada,2020,83.7034631,0.0,0.0,0.0,-13.7566222572107,0.0,-14.0234896211443,0.0,0.0,,
GRD,Grenada,2021,83.6742656,0.0,0.0,0.0,4.6977240232674,0.0,4.38638000986352,0.0,0.0,,
GUM,Guam,2000,,,,,,,,,,,
GUM,Guam,2001,,,,,,,,,,,
GUM,Guam,2002,,0.0,0.0,0.0,,0.0,,0.0,0.0,,
GUM,Guam,2003,,0.0,0.0,0.0,0.879314134974734,0.0,0.371012546622907,0.0,0.0,,
GUM,Guam,2004,71.3897389,0.0,0.0,0.0,6.49378949662236,0.0,6.05626846413823,0.0,0.0,,
GUM,Guam,2005,78.0433194,0.0,0.0,0.0,3.64231634949867,0.0,3.29235446239393,0.0,0.0,,
GUM,Guam,2006,78.1199851,0.0,0.0,0.0,-3.65251727541954,0.0,-3.92956765070362,0.0,0.0,,
GUM,Guam,2007,73.603627,0.0,0.0,0.0,0.717213114754102,0.0,0.456380842049214,0.0,0.0,,
GUM,Guam,2008,73.5880332,0.0,0.0,0.0,2.03458799593082,0.0,1.772255039884,0.0,0.0,,
GUM,Guam,2009,73.771645,0.0,0.0,0.0,0.438683948155543,0.0,0.14856119478938,0.0,0.0,,
GUM,Guam,2010,73.5925376,0.0,0.0,0.0,2.26325193567601,0.0,2.04892665177626,0.0,0.0,,
GUM,Guam,2011,79.1026468,0.0,0.0,0.0,0.0776548243059523,0.0,0.0650356763903517,0.0,0.0,,
GUM,Guam,2012,79.0912449,0.0,0.0,0.0,2.13385063045585,0.0,2.26402706379456,0.0,0.0,,
GUM,Guam,2013,79.0564069,0.0,0.0,0.0,1.69040835707501,0.0,1.91405054312719,0.0,0.0,,
GUM,Guam,2014,79.8609401,0.0,0.0,0.0,1.79305192379529,0.0,2.08830750386504,0.0,0.0,,
GUM,Guam,2015,79.8342176,0.0,0.0,0.0,0.825688073394488,0.0,1.18092123655293,0.0,0.0,,
GUM,Guam,2016,77.0309169,0.0,0.0,0.0,0.18198362147406,0.0,0.591903022530076,0.0,0.0,,
GUM,Guam,2017,79.7758327,0.0,0.0,0.0,0.890099909173486,0.0,1.34860712204592,0.0,0.0,,
GUM,Guam,2018,81.8976066,0.0,0.0,0.0,-0.828231904933389,0.0,-0.333833095467511,0.0,0.0,,
GUM,Guam,2019,82.037867,0.0,0.0,0.0,2.52360203340596,0.0,3.07547868580322,0.0,0.0,,
GUM,Guam,2020,82.9249658,0.0,0.0,0.0,-10.5188595714539,0.0,-10.7119946566793,0.0,0.0,,
GUM,Guam,2021,82.8962772,0.0,0.0,0.0,2.0581832574708,0.0,1.07830501841417,0.0,0.0,,
GTM,Guatemala,2000,50.2131715,0.0,0.805690223228915,0.0458793875654051,3.6088687174876,0.0,1.17641998878537,0.803745468310096,1.65531507910442,3.1,54.2
GTM,Guatemala,2001,,0.0,0.86543116790805,0.0202972606620382,2.33257486608854,0.0,0.00856424754331897,0.631161134109658,1.51688956267975,,
GTM,Guatemala,2002,49.2101143,0.0,0.749258551604742,0.0362745745706359,3.83928708556792,0.0,1.48647617022837,0.709990191144289,1.49552331731967,,
GTM,Guatemala,2003,50.1020421,0.0,0.746898280107875,0.066996009075099,2.56037766801896,0.0,0.276550484041408,0.741431850463022,1.55532613964599,,
GTM,Guatemala,2004,49.8931273,0.0,0.726917937596055,2.73861117199946e-06,3.13791683609193,0.0,0.87051616698119,0.729374795918745,1.45629547212597,,
GTM,Guatemala,2005,50.4675832,0.0,0.644920186436473,0.0228390130283717,3.27602692588886,0.0,1.06472255613932,0.887868748053499,1.55562794751834,,
GTM,Guatemala,2006,50.9033246,0.0,0.832078830336439,0.250265337461358,5.35139778711536,0.0,3.14600619827499,0.851581475418594,1.93392564321639,3.5,54.5
GTM,Guatemala,2007,51.6469157,0.0,0.778789432854998,0.421525096458179,6.33771869016203,0.0,4.12107602558113,0.750244545606685,1.95055907491986,,
GTM,Guatemala,2008,52.6221145,0.0,0.736644290570657,0.3597676209962,3.29352400028485,0.0,1.1948125938613,0.835430467135192,1.93184237870205,,
GTM,Guatemala,2009,52.2082581,0.0,0.767591429206855,0.45768892679544,0.476898106596394,0.0,-1.50524953899686,0.412561078443355,1.63784143444565,,
GTM,Guatemala,2010,52.0388513,0.0,1.53514286279195,0.639559752057951,2.88417542800377,0.0,0.865525448373077,0.470505869677804,2.6452084845277,,
GTM,Guatemala,2011,53.0292715,0.0,1.1783167061548,1.0915384290228,4.16390688293349,0.0,2.10758860221354,0.592110785237876,2.86196592041548,,
GTM,Guatemala,2012,53.6642168,0.0,1.0715499454609,0.588477377720357,2.97470856847661,0.0,0.944366952930409,0.521031752267051,2.18105907544831,,
GTM,Guatemala,2013,53.3610765,0.0,1.37283099676065,0.398206056027916,3.69476814623695,0.0,1.68864483006772,0.418795559663063,2.18983261245163,,
GTM,Guatemala,2014,53.4202728,0.0,1.58356683665284,1.03378404595208,4.44397825774911,0.0,2.48328491110885,0.36376572238644,2.98111660499136,2.3,48.3
GTM,Guatemala,2015,54.0924081,0.0,1.15979900766278,0.502096478047234,4.09217170075418,0.0,2.20204590469615,0.123828267830097,1.78572375354011,,
GTM,Guatemala,2016,54.9087497,0.0,1.48066745078496,0.456913488313399,2.6778031930216,0.0,0.803225593316299,0.0807153215443387,2.01829626064269,,
GTM,Guatemala,2017,53.9242978,0.0,1.19077831522059,0.192918659311507,3.0798512212244,0.0,1.22202113190455,0.119195049269519,1.50289202380162,,
GTM,Guatemala,2018,54.2170508,0.0,0.813409564189017,0.195643364983056,3.40687328176345,0.00816419321079943,1.69836286934826,0.176634659797847,1.19385178218072,,
GTM,Guatemala,2019,54.0326157,0.0,0.707415076540027,0.288723986477922,4.01789830861587,0.011848495306506,2.44813678390565,0.139922256710481,1.14790981503494,,
GTM,Guatemala,2020,56.2626186,0.0,0.945638359128909,0.353522123526446,-1.78555117570465,5.23901249052368e-05,-3.2200765703051,0.0532892177587073,1.35250209053897,,
GTM,Guatemala,2021,56.0882035,0.0,0.688766877489161,1.12230150760647,8.04170398855833,7.67031869670674e-05,6.56016056249786,0.118140036355359,1.92928512463796,,
GIN,Guinea,2000,31.2984404,0.0,7.44075001692394,4.9439374279438,2.50306056299607,0.0,0.512194741763963,0.0,12.3846874448677,,
GIN,Guinea,2001,,0.0,7.63138676632079,4.45095759724012,3.65834646929586,0.0,2.30947074547048,0.0,12.0823443635609,,
GIN,Guinea,2002,34.8282865,0.0,8.79806736713139,3.31338441080475,5.16460946696631,0.0,3.5387047162788,0.0,12.1114517779361,18.8,43.0
GIN,Guinea,2003,47.5784679,0.0,12.1579327360701,2.73845927583934,1.24860125923698,0.0,-0.996648465303707,0.0,14.8963920119094,,
GIN,Guinea,2004,45.3910767,0.0,10.1221055672616,4.03776494947596,2.34011731288737,0.0,0.172593565879879,0.0,14.1598705167376,,
GIN,Guinea,2005,44.847764,0.0,12.9946223729422,8.09284516659152,2.99727256275818,0.0,0.957366356559277,0.0,21.0874675395337,,
GIN,Guinea,2006,34.5006324,0.0,8.98671907895133,8.79897292709328,1.18960211693242,0.0,-0.903894697466356,0.0,17.7856920060446,,
GIN,Guinea,2007,27.5993789,0.0,8.77638692629152,7.51691822703553,6.81747111070281,0.0,4.37307821452357,0.0,16.2933051533271,14.7,39.4
GIN,Guinea,2008,30.9344162,0.0,9.42715643761148,5.79680904242921,4.13301615965833,0.0,1.64417388168144,0.0,15.2239654800407,,
GIN,Guinea,2009,35.091022,0.0,9.94669557172777,5.6388377407706,-1.12264204848687,0.0,-3.50758302722751,0.0,15.5855333124984,,
GIN,Guinea,2010,37.0132555,0.0,8.6026043066631,6.68947629723384,4.81336016967553,0.0,2.26713039266406,0.0,15.2920806038969,,
GIN,Guinea,2011,39.6116061,0.0,9.89026351946753,8.30924796317315,5.61211177430975,0.0,3.02826048764469,0.0,18.1995114826407,,
GIN,Guinea,2012,40.4892929,0.0,10.1176585849258,6.51400477548396,5.91528626133322,0.0,3.34759058991902,0.0,16.6316633604097,5.6,33.7
GIN,Guinea,2013,41.918524,0.0,9.57218248414314,4.67797519156106,3.94568708624053,0.0,1.4353219620192,0.0,14.2501576757042,,
GIN,Guinea,2014,45.928633,0.0,10.0580719553787,4.87388235079191,3.69655311664086,0.0,1.15630967477851,0.0,14.9319543061707,,
GIN,Guinea,2015,53.1461028,0.0,10.481556329485,3.63230227317354,3.82591056949435,0.0,1.2305341257089,0.0,14.1138586026586,,
GIN,Guinea,2016,56.0275724,0.0,11.2543300797149,6.85203440170771,10.82062719659,0.0,8.01216245351651,0.0,18.1063644814226,,
GIN,Guinea,2017,52.2221591,0.0,9.13014046635048,9.82298415674104,10.3000053427355,0.0,7.51589992127235,0.0,18.9531246230915,,
GIN,Guinea,2018,49.9997455,0.0,5.49425199794497,8.20812399586866,6.35849192736715,0.0,3.68700873912611,0.0,13.7023759938136,2.5,29.6
GIN,Guinea,2019,51.2403992,0.0,4.65794341633325,0.0,5.61691446889876,0.0,2.9464024435663,0.0,4.65794341633325,,
GIN,Guinea,2020,47.3141831,0.0,4.8276880509577,0.0,4.70459096113575,0.0,2.06694997562413,0.0,4.8276880509577,,
GIN,Guinea,2021,48.5406693,0.0,4.51955879028644,0.0,5.5823328114905,0.0,2.96921009369555,0.0,4.51955879028644,,
GNB,Guinea-Bissau,2000,54.5344082,0.0,11.8568115340533,0.0,1.10027815777423,0.0,-0.908641384543557,0.0,11.8568115340533,,
GNB,Guinea-Bissau,2001,,0.0,11.0270151878701,0.0,4.7859716500482,0.0,2.58170548418317,0.0,11.0270151878701,,
GNB,Guinea-Bissau,2002,56.0219525,0.0,12.5778661904573,0.0,3.65393603642713,0.0,1.40014043705072,0.0,12.5778661904573,27.1,35.6
GNB,Guinea-Bissau,2003,57.4516295,0.0,17.8267671662477,0.0,-0.285931052286514,0.0,-2.51633136885211,0.0,17.8267671662477,,
GNB,Guinea-Bissau,2004,57.2227224,0.0,14.1311490985512,0.0,1.17189152277038,0.0,-1.13385031185746,0.0,14.1311490985512,,
GNB,Guinea-Bissau,2005,57.3203745,0.0,13.3963690749939,0.0,6.55977111846077,0.0,4.08995783100083,0.0,13.3963690749939,,
GNB,Guinea-Bissau,2006,58.5207378,0.0,13.3637311240334,0.0,2.66650493269572,0.0,0.220591080099751,0.0,13.3637311240334,,
GNB,Guinea-Bissau,2007,59.4385152,0.0,16.7234362875899,0.0,2.55982647078751,0.0,0.0376503174978779,0.0,16.7234362875899,,
GNB,Guinea-Bissau,2008,55.1791771,0.0,15.9806489073256,0.0,4.52457514610252,0.0,1.92082759963192,0.0,15.9806489073256,,
GNB,Guinea-Bissau,2009,57.3191805,0.0,17.1974480172831,0.0,2.44795106098685,0.0,-0.124226604498276,0.0,17.1974480172831,,
GNB,Guinea-Bissau,2010,56.2390819,0.0,14.9307329026999,0.0,5.60536311358261,0.0,2.91052833964689,0.0,14.9307329026999,38.7,50.6
GNB,Guinea-Bissau,2011,54.9913547,0.0,13.2487755763413,0.0,8.08504167173554,0.0,5.28027330014127,0.0,13.2487755763413,,
GNB,Guinea-Bissau,2012,48.1502318,0.0,17.1198567468218,0.0,-1.71286958446419,0.0,-4.29238918450449,0.0,17.1198567468218,,
GNB,Guinea-Bissau,2013,49.4816913,0.0,16.9399233052409,0.0,3.25607190852087,0.0,0.543365078897963,0.0,16.9399233052409,,
GNB,Guinea-Bissau,2014,50.8371778,0.0,18.6987838921976,0.0,0.964525745841428,0.0,-1.65358336592615,0.0,18.6987838921976,,
GNB,Guinea-Bissau,2015,55.8577693,0.0,19.8714177012089,0.0,6.1340893623123,0.0,3.4407197814937,0.0,19.8714177012089,,
GNB,Guinea-Bissau,2016,57.2092211,0.0,18.7015046109056,0.0,5.4326782650304,0.0,2.81765698941554,0.0,18.7015046109056,,
GNB,Guinea-Bissau,2017,55.952263,0.0,15.9857332638944,0.0,4.66367943913264,0.0,2.14454305364472,0.0,15.9857332638944,,
GNB,Guinea-Bissau,2018,54.8021913,0.0,9.88886799180997,0.0,3.76145359637003,0.0,1.32710524004433,0.0,9.88886799180997,9.8,34.8
GNB,Guinea-Bissau,2019,57.9713799,0.0,9.94740073583492,0.0,5.32749571119344,0.0,2.89045755858285,0.0,9.94740073583492,,
GNB,Guinea-Bissau,2020,61.0452634,0.0,11.1515860354561,0.0,2.89149979806913,0.0,0.563114253614899,0.0,11.1515860354561,,
GNB,Guinea-Bissau,2021,60.766724,0.0,10.4285037712862,0.0,5.0173096003907,0.0,2.69206006657852,0.0,10.4285037712862,11.5,33.4
GUY,Guyana,2000,53.3337835,0.0,7.99236242459034,7.51547547185132,-1.36380390261873,0.0,-1.40881252207762,0.0,15.5078378964417,,
GUY,Guyana,2001,,0.0,8.49061487204408,4.42291563437529,2.2795216592191,0.0,2.32701717600905,0.0,12.9135305064194,,
GUY,Guyana,2002,54.8791559,0.0,8.27374713573796,4.51138032814512,1.13262696199476,0.0,1.24188408073948,0.0,12.7851274638831,,
GUY,Guyana,2003,58.219731,0.0,9.50601931321641,7.44220819895293,-0.632225388266377,0.0,-0.560476505993833,0.0,16.9482275121693,,
GUY,Guyana,2004,56.60738,0.0,10.2150338832305,10.9842469120464,1.56335211034042,0.0,1.65433601876252,0.0,21.1992807952769,,
GUY,Guyana,2005,58.3584216,0.0,10.709826959134,10.2017250727039,-1.95095759501714,0.0,-1.7571567715639,0.0,20.9115520318379,,
GUY,Guyana,2006,54.568445,0.0,5.84460092890939,3.86175133853088,5.12960934773,0.0,5.39944024794079,0.0,9.70635226744027,,
GUY,Guyana,2007,58.3043088,0.0,5.71051895068992,5.09699621189489,7.19123624057457,0.0,7.48935908253156,0.0,10.8075151625848,,
GUY,Guyana,2008,57.8097999,0.0,5.40224678237219,4.96131051237912,1.75522349592019,0.0,2.05930009878752,0.0,10.3635572947513,,
GUY,Guyana,2009,59.0600945,0.0,5.0779680570502,5.63786957071604,3.61150847218585,0.0,3.95757174257776,0.0,10.7158376277662,,
GUY,Guyana,2010,59.7631271,0.0,7.91981911075035,6.67238486380367,4.13844160137342,0.0,4.53289275994231,0.0,14.592203974554,,
GUY,Guyana,2011,58.0202589,0.0,6.75213812568389,9.77962815865329,5.19625156051602,0.0,5.63372747844741,0.0,16.5317662843372,,
GUY,Guyana,2012,57.743209,0.0,5.90154637106427,10.6312567656629,5.27633062046809,0.0,5.25728662587919,0.0,16.5328031367272,,
GUY,Guyana,2013,57.2018709,0.0,7.01969109185797,6.92278944223584,3.65338433338232,0.0,3.13748133371095,0.0,13.9424805340938,,
GUY,Guyana,2014,62.1643167,0.0,6.69739577692741,4.09918701066271,1.68649445019584,0.0,1.1191644103188,0.0,10.7965827875901,,
GUY,Guyana,2015,63.3287027,0.0,5.3989248347037,3.16550800328258,0.687404590619494,0.0,0.0833711927134857,0.0,8.56443283798628,,
GUY,Guyana,2016,65.8021475,0.0,5.5197023419084,10.5698505108195,3.80745626378814,0.0,3.15936322443832,0.0,16.0895528527279,,
GUY,Guyana,2017,65.8066075,0.0,4.94926274440586,8.2123798509571,3.73449154571284,0.0,3.06887182440371,0.0,13.161642595363,,
GUY,Guyana,2018,65.1928502,0.0,4.33010125958898,2.2785365578723,4.44091288475967,0.0,1.39604562755792,0.0,6.60863781746129,,
GUY,Guyana,2019,64.8797001,0.0,3.45587704680829,2.42171825040009,5.35284003535665,0.0,3.25156178245531,0.0849006439782914,5.96249594118667,,
GUY,Guyana,2020,65.7697557,0.0,3.866708676766,2.65547682074311,43.479651716849,0.0,43.5123463015091,7.3763575857274,13.8985430832365,,
GUY,Guyana,2021,65.4135855,0.0,2.22332084873264,9.37777501563664,20.0599975568418,0.0,18.8820438552858,22.0821753098304,33.6832711741997,,
HTI,Haiti,2000,48.3636613,0.0,0.349449568493596,0.0,0.870059259424892,0.0,-0.974737113523176,0.0,0.349449568493596,,
HTI,Haiti,2001,,0.0,0.383295015006936,0.0,-0.342747883252144,0.0,-2.14318391327505,0.0,0.383295015006936,43.8,59.0
HTI,Haiti,2002,38.9933854,0.0,0.396885022338016,0.0,1.05182013450109,0.0,-0.729374655833098,0.0,0.396885022338016,,
HTI,Haiti,2003,41.2199327,0.0,0.518316847636601,0.0,3.48077973188326,0.0,1.6820034644329,0.0,0.518316847636601,,
HTI,Haiti,2004,34.0065369,0.0,0.415056574952732,0.0,-1.3178567596495,0.0,-2.98301062977993,0.0,0.415056574952732,,
HTI,Haiti,2005,36.0943047,0.0,0.353534370526786,0.0,3.07217337664731,0.0,1.35443141019209,0.0,0.353534370526786,,
HTI,Haiti,2006,42.172442,0.0,0.474483984535321,0.0,1.76875060288195,0.0,0.0540583442750062,0.0,0.474483984535321,,
HTI,Haiti,2007,43.3471761,0.0,0.403575652806683,0.0,4.70652994008303,0.0,2.95569722727539,0.0,0.403575652806683,,
HTI,Haiti,2008,42.6360606,0.0,0.399712731958641,0.0,2.6580323082747,0.0,0.961802640900089,0.0,0.399712731958641,,
HTI,Haiti,2009,43.8534116,0.0,0.337463725935536,0.0,5.89037894844316,0.0,4.15489282064615,0.0,0.337463725935536,,
HTI,Haiti,2010,43.5388812,0.0,0.665741356287765,0.0,-5.65151153448299,0.0,-6.7459038549499,0.0,0.665741356287765,,
HTI,Haiti,2011,44.3493383,0.0,0.530247287448995,0.0,5.09821354410036,0.0,3.91514494215959,0.0,0.530247287448995,,
HTI,Haiti,2012,46.7528476,0.0,0.493447395435744,0.0,0.502424403581585,0.0,-1.04324222181728,0.0,0.493447395435744,14.9,41.1
HTI,Haiti,2013,50.2577613,0.0,0.586507266755589,0.0,4.32478411472874,0.0,2.767509667507,0.0,0.586507266755589,,
HTI,Haiti,2014,50.1409403,0.0,0.699288591917661,0.0,2.88877250863379,0.0,1.39231187945737,0.0,0.699288591917661,,
HTI,Haiti,2015,50.077887,0.0,0.574767533630933,0.0,1.40000000859727,0.0,-0.0454395053176881,0.0,0.574767533630933,,
HTI,Haiti,2016,50.6117229,0.0,0.790216838420377,0.0,1.81246807847532,0.0,0.398402974127237,0.0,0.790216838420377,,
HTI,Haiti,2017,51.6449222,0.0,0.657342723836906,0.0,2.51027134544685,0.0,1.12394427912376,0.0,0.657342723836906,,
HTI,Haiti,2018,52.79648,0.0,0.44034486815939,0.0,1.66781095484656,0.0,0.326678559605597,0.0,0.44034486815939,,
HTI,Haiti,2019,49.6502252,0.0,0.443318678876138,0.0,-1.72309699839232,0.0,-2.98683711868885,0.0,0.443318678876138,,
HTI,Haiti,2020,48.1480266,0.0,0.577844130610775,0.0,-3.30550546965893,0.0,-4.49816442182016,0.0,0.577844130610775,,
HTI,Haiti,2021,45.1703278,0.0,0.327641965983974,0.0,-1.79823988931486,0.0,-2.92695804339543,0.0,0.327641965983974,,
HND,Honduras,2000,59.6687239,0.0,1.37113446146867,0.0,9.61221879337278,0.0,6.65751930552896,0.0,1.37113446146867,,
HND,Honduras,2001,,0.0,1.31600285802932,0.122281324946655,2.72319327321379,0.0,-0.0161960531288656,0.0,1.43828418297597,11.5,55.4
HND,Honduras,2002,60.1190581,0.0,1.33123796911296,0.0393012069447893,3.75433786119939,0.0,1.0499116620788,0.0,1.37053917605775,12.9,55.7
HND,Honduras,2003,55.9184893,0.0,1.21682443039075,0.0,4.54703805165397,0.0,1.89850421782039,0.0,1.21682443039075,15.8,58.1
HND,Honduras,2004,55.3012132,0.0,1.14334492137147,0.0273073731996834,6.23230296069102,0.0,3.61570269241076,0.0,1.17065229457115,15.2,58.1
HND,Honduras,2005,54.9385161,0.0,1.04843925527013,0.1475913596888,6.05059922215973,0.0,3.50707975469855,0.000132246235034757,1.19616286119396,15.8,59.5
HND,Honduras,2006,54.7563767,0.0,1.25809014511116,0.677902472286333,6.56724355177587,0.0,4.08321335137572,0.00287259146590747,1.9388652088634,13.1,57.5
HND,Honduras,2007,58.0674366,0.0,1.15158384206009,0.507112945978807,6.18832716678008,0.0,3.77627878562679,0.00266481464163262,1.66136160268053,8.8,55.8
HND,Honduras,2008,56.661228,0.0,1.07686374055148,0.126638687227696,4.23160011009342,0.0,1.9188349629601,0.00328789149827597,1.20679031927745,8.7,55.5
HND,Honduras,2009,57.0346967,0.0,0.908210979788668,0.254646126193676,-2.43162787988011,0.0,-4.54399131651867,0.00155437298676852,1.16441147896911,6.7,51.3
HND,Honduras,2010,55.1222766,0.0,1.83675935400602,0.525851263898386,3.73114034433009,0.0,1.5491216313325,0.00202226357199669,2.36463288147641,7.4,53.1
HND,Honduras,2011,56.9223322,0.0,1.4138229586041,0.287792760238462,3.83569066207505,0.0,1.71164194817371,0.00286503605284088,1.7044807548954,8.2,52.6
HND,Honduras,2012,57.1544917,0.0,1.2945886876331,0.333385271330321,4.12868774866939,0.0,2.04382616957031,0.00263152834451521,1.63060548730794,9.8,53.4
HND,Honduras,2013,56.7397402,0.0,1.70517520894673,0.074510080655601,2.79155975746801,0.0,0.777167217053545,0.00240288964006385,1.78208817924239,8.0,50.0
HND,Honduras,2014,54.1154324,0.0,2.00016004509279,0.263917349180621,3.0580805621437,0.0,1.0812751128465,0.00205052417069276,2.2661279184441,7.1,49.9
HND,Honduras,2015,54.6121397,0.0,1.45135837747734,0.117103934760925,3.84007997093951,0.0,1.88202222037501,0.0,1.56846231223826,7.0,49.2
HND,Honduras,2016,53.8554146,0.0,1.85421965002139,0.161443706654027,3.89297219726413,0.0,1.96051068302054,0.0,2.01566335667541,8.1,49.8
HND,Honduras,2017,50.4087337,0.0,1.59236944284216,0.135931983418249,4.84291391050387,0.0,2.92107278326836,0.000765798419038962,1.72906722467945,7.6,49.4
HND,Honduras,2018,51.1298505,0.0,1.07049474400365,0.000178346864611042,3.84499476966735,0.0,1.96196872528638,0.00116801901211893,1.07184110988038,7.8,48.9
HND,Honduras,2019,51.7655593,0.0,0.915405073757307,0.000553274404353355,2.55963434592314,0.0,0.71936151617345,0.000896860644806353,0.916855208806467,6.9,48.2
HND,Honduras,2020,54.5120159,0.0,1.23205369395678,0.000761747606675296,-8.96508223267296,0.0,-10.5484174868395,0.000445541908214536,1.23326098347167,,
HND,Honduras,2021,52.1201836,0.0,0.838961473050968,0.384580133990368,12.5652843771279,0.0,10.7029903655951,0.00101153040386899,1.22455313744521,,
HKG,"Hong Kong SAR, China",2000,85.6362616,0.0,0.000500998268973069,0.0,7.66344398397743,0.0,6.71846101727634,0.0,0.000500998268973069,,
HKG,"Hong Kong SAR, China",2001,,0.0,0.000583448601205964,0.0,0.560867137855524,0.0,-0.177504807082329,0.0,0.000583448601205964,,
HKG,"Hong Kong SAR, China",2002,82.9243594,0.0,0.000657691895480615,0.0,1.6567016736435,0.0,1.20751353736517,0.0,0.000657691895480615,,
HKG,"Hong Kong SAR, China",2003,80.1603327,0.0,0.000974241299658627,0.0,3.05635886663597,0.0,3.25999730083788,0.0,0.000974241299658627,,
HKG,"Hong Kong SAR, China",2004,83.5372301,0.0,0.00102021918538856,0.0,8.70006555836002,0.0,7.85559095750126,0.0,0.00102021918538856,,
HKG,"Hong Kong SAR, China",2005,88.7258038,0.0,0.000619914123345892,0.0,7.38815395153696,0.0,6.92002910970628,0.0,0.000619914123345892,,
HKG,"Hong Kong SAR, China",2006,89.3560175,0.0,0.000665683842649037,0.0,7.03264766297669,0.0,6.34741145052469,0.0,0.000665683842649037,,
HKG,"Hong Kong SAR, China",2007,86.3533762,0.0,0.000902723649257638,0.0,6.46482809096842,0.0,5.55354347014728,0.0,0.000902723649257638,,
HKG,"Hong Kong SAR, China",2008,86.0185786,0.0,0.00145921493633856,0.0,2.12793685154209,0.0,1.51879180866375,0.0,0.00145921493633856,,
HKG,"Hong Kong SAR, China",2009,83.1441398,0.0,0.00139045653813043,0.0,-2.45909150468412,0.0,-2.66892308273452,0.0,0.00139045653813043,,
HKG,"Hong Kong SAR, China",2010,82.9605707,0.0,0.00143899970247423,0.0,6.76770683250318,0.0,5.98642780696426,0.000638697278003601,0.00207769698047783,,
HKG,"Hong Kong SAR, China",2011,81.4871887,0.0,0.001685104045771,0.0,4.81466801092733,0.0,4.11210914677804,0.00668432568577963,0.00836942973155063,,
HKG,"Hong Kong SAR, China",2012,81.9298737,0.0,0.00133618156174012,0.0,1.70032214482865,0.0,0.58376779057221,0.00100349590596334,0.00233967746770346,,
HKG,"Hong Kong SAR, China",2013,80.5127705,0.0,0.00115085102216389,0.0,3.10155262780289,0.0,2.68793428576153,0.00265792478709432,0.00380877580925821,,
HKG,"Hong Kong SAR, China",2014,83.4157082,0.0,0.00156732005522711,0.0,2.76241378329884,0.0,2.04316927988437,0.0157873788944443,0.0173546989496714,,
HKG,"Hong Kong SAR, China",2015,80.8462512,0.0,0.00112573696095738,0.0,2.38780116013344,0.0,1.51997702565862,0.000197504854942892,0.00132324181590028,,
HKG,"Hong Kong SAR, China",2016,77.2913173,0.0,0.00121710243532478,0.0,2.17544820327555,0.0,1.54456362409606,0.000152821067876972,0.00136992350320175,,
HKG,"Hong Kong SAR, China",2017,77.5678958,0.0,0.00133648176365083,0.0,3.79610937243891,0.0,3.00147920005347,0.000282557257171556,0.00161903902082238,,
HKG,"Hong Kong SAR, China",2018,78.9065466,0.0,0.000660273054388513,0.0,2.84690922660509,0.0,2.02718102328538,0.000401062964781817,0.00106133601917033,,
HKG,"Hong Kong SAR, China",2019,62.7459691,0.0,0.000591937813505993,0.0,-1.67242865968056,0.0,-2.39666775385065,0.000293788423858794,0.000885726237364786,,
HKG,"Hong Kong SAR, China",2020,66.0293653,0.0,0.000768010778914687,0.0,-6.54479640529367,0.0,-6.20875243033073,0.00011978734728514,0.000887798126199827,,
HKG,"Hong Kong SAR, China",2021,69.6299189,0.0,0.000636315698326186,0.0,6.45443038333934,0.0,7.42949558184318,0.00035629289325357,0.000992608591579756,,
HUN,Hungary,2000,83.0470873,0.0191863099342225,0.176419903952845,0.00165012313788559,4.40937501806403,0.142487534392444,4.68094650632939,0.373626435642133,0.71337030705953,0.0,27.2
HUN,Hungary,2001,,0.0522983948198923,0.130866206981173,0.0,4.06202617226026,0.267388003452291,4.30099676765016,0.234436692691698,0.684989297945054,0.0,26.9
HUN,Hungary,2002,87.0055466,0.0141056706557935,0.0996514816799081,0.0,4.73006530805553,0.152761215429543,5.02871060786862,0.187700537212006,0.45421890497725,0.0,26.8
HUN,Hungary,2003,84.45223,0.0119578490167246,0.09828998677027,0.0,3.93877761242727,0.128149226812928,4.23691963512549,0.17971724484931,0.418114307449232,0.0,30.9
HUN,Hungary,2004,79.7547762,0.0754748708415126,0.0870438979957617,0.00207257276632903,4.96312536156307,0.0960545268105603,5.19581258967388,0.188780374253933,0.449426242668097,0.1,29.9
HUN,Hungary,2005,83.985067,0.0360951692021791,0.0819343546534802,0.00311485971285504,4.30028318461673,0.0740605991548407,4.50792078649896,0.214107473091597,0.409312455814952,0.5,34.7
HUN,Hungary,2006,82.40952,0.0374665109799343,0.0956360876682393,0.00648296424099173,3.93393162712054,0.165374759201741,4.09589996478341,0.238336091702377,0.543296413793284,0.1,28.3
HUN,Hungary,2007,79.2674142,0.0516011540209868,0.0946588147218809,0.00715908321329908,0.332354337878925,0.118621852638408,0.487904817715162,0.194767249769338,0.466808154363912,0.1,27.9
HUN,Hungary,2008,78.9813043,0.133720721436878,0.0914322921520988,0.003015561402601,0.993437085479655,0.19062178582944,1.17042884387347,0.240895210564367,0.659685571385385,0.0,27.5
HUN,Hungary,2009,78.5197628,0.0436050495743189,0.0947874228465941,0.00185520448494024,-6.7401660845502,0.185291348587861,-6.59558642753552,0.148972460616952,0.474511486110666,0.0,27.0
HUN,Hungary,2010,79.1674083,0.0839110518810435,0.101650565628247,0.00263469386517703,1.06795068152046,0.161341756883863,1.2966366075499,0.152616225507853,0.502154293766183,0.0,29.4
HUN,Hungary,2011,78.1309702,0.0989679723481183,0.129566452385554,0.00162691599029336,1.91670916599742,0.218340509701528,2.2059103447462,0.227052369950292,0.675554220375786,0.1,29.2
HUN,Hungary,2012,78.0597041,0.0450027231696823,0.124392834742611,0.00113372294243201,-1.33948446518181,0.210554293296234,-0.828646515876528,0.237336346667221,0.61841992081818,0.2,30.8
HUN,Hungary,2013,79.7770421,0.0220496152287439,0.11957308211487,0.000516468180540356,2.03216990678146,0.171355533980433,2.52439305270235,0.194311507285997,0.507806206790584,0.1,31.5
HUN,Hungary,2014,79.6595668,0.0175487828267021,0.107616152758387,5.93708878299346e-05,4.33435364113967,0.109591060858095,4.75555169835647,0.168537005640249,0.403352372971262,0.5,30.9
HUN,Hungary,2015,80.3034406,0.0122168490026972,0.102111161599345,2.99051954811002e-05,3.65981615406955,0.0869853116424986,4.03310873929586,0.0838041826706206,0.285147410110642,0.4,30.4
HUN,Hungary,2016,76.6176771,0.0128823695198267,0.091134689448651,7.17432846628698e-05,2.43864141309342,0.0526022251623318,2.83749039789862,0.0703386643669383,0.227029691782411,0.9,30.3
HUN,Hungary,2017,78.4050394,0.013561343875921,0.111355382946451,0.000150830786578017,4.12418389451805,0.0647926312972239,4.47743568209606,0.0926984004070823,0.282558589313256,0.5,30.6
HUN,Hungary,2018,77.1961301,0.0126588854529878,0.105035116695526,2.75405794398869e-05,5.60613813768876,0.0962650379943429,5.82146361803679,0.133636368428239,0.347622949150536,,
HUN,Hungary,2019,78.4086402,0.00790147754146911,0.0924560080129208,0.0,5.07718495088933,0.0592550312448023,5.2087641343076,0.144282544677301,0.303895061476493,,
HUN,Hungary,2020,79.4552913,0.00654345860081772,0.0843097428263276,0.0,-4.33872540024058,0.0304507621680197,-4.09730738033811,0.0833512506762371,0.204655214271402,,
HUN,Hungary,2021,78.4275956,0.00936874396198461,0.0781133973061465,0.0,7.22291580811137,0.130992934287711,7.66253175353751,0.183887560301271,0.402362635857113,,
ISL,Iceland,2000,92.4829565,0.0,0.0,0.0,4.90518213950493,0.0,3.4786164080938,0.0,0.0,,
ISL,Iceland,2001,,0.0,0.0,0.0,3.84093935332692,0.0,2.46972063829026,0.0,0.0,,
ISL,Iceland,2002,92.1459997,0.0,0.0,0.0,0.542286728290463,0.0,-0.351156726983646,0.0,0.0,,
ISL,Iceland,2003,90.3812569,0.0,0.0,0.0,2.28136971847135,0.0,1.57552048232783,0.0,0.0,0.0,26.8
ISL,Iceland,2004,86.3989294,0.0,0.0,0.0,7.62260520494142,0.0,6.68188295274432,0.0,0.0,0.1,28.0
ISL,Iceland,2005,89.2439212,0.0,0.0,0.0,7.02934061160924,0.0,5.34851964990581,0.0,0.0,0.0,29.0
ISL,Iceland,2006,89.4505881,0.0,0.0,0.0,5.67161248703039,0.0,3.21994147028617,0.0,0.0,0.1,30.2
ISL,Iceland,2007,91.2258088,0.0,0.0,0.0,8.74132941862472,0.0,6.0245936124245,0.0,0.0,0.0,29.5
ISL,Iceland,2008,89.0641528,0.0,0.0,0.0,1.69961072411662,0.0,-0.174091518111624,0.0,0.0,0.1,31.8
ISL,Iceland,2009,88.7884796,0.0,0.0,0.0,-8.32146414938261,0.0,-8.63377662571038,0.0,0.0,0.1,28.7
ISL,Iceland,2010,84.4570606,0.0,0.0,0.0,-2.22181843777449,0.0,-2.0810114124051,0.0,0.0,0.1,26.2
ISL,Iceland,2011,86.9272685,0.0,0.000381433858879967,0.0,1.37999669197329,0.0,1.07078538218349,0.0,0.000381433858879967,0.1,26.8
ISL,Iceland,2012,86.9333837,0.0,0.000359195529289947,0.0,1.16931174934061,0.0,0.632418770513922,0.0,0.000359195529289947,0.0,26.8
ISL,Iceland,2013,87.3115669,0.0,0.000366094154813878,0.0,3.59695697128252,0.0,2.6216677950663,0.0,0.000366094154813878,0.0,25.4
ISL,Iceland,2014,87.6339138,0.0,0.000347132787240568,0.0,1.91381613095174,0.0,0.786303524956651,0.0,0.000347132787240568,0.0,27.8
ISL,Iceland,2015,87.4562907,0.0,0.000299591985536916,0.0,3.76859020213645,0.0,2.69299660510147,0.0,0.000299591985536916,0.0,26.8
ISL,Iceland,2016,86.744111,0.0,0.000252335387007271,0.0,6.21808764670307,0.0,4.7538797362384,0.0,0.000252335387007271,0.0,27.2
ISL,Iceland,2017,87.2524987,0.0,0.000217386585292874,0.0,3.48506704155555,0.0,1.08598544948268,0.0,0.000217386585292874,0.0,26.1
ISL,Iceland,2018,88.0295612,0.0,0.000196537396162221,0.0,4.66077036232377,0.0,1.89500637167048,0.0,0.000196537396162221,0.2,26.6
ISL,Iceland,2019,92.4804694,0.0,0.000108843842062041,0.0,1.13821227336888,0.0,-1.06147505075413,0.0,0.000108843842062041,0.1,26.8
ISL,Iceland,2020,88.5944668,0.0,0.00010879409889394,0.0,-6.64587810456635,0.0,-8.14886563450268,0.0,0.00010879409889394,,
ISL,Iceland,2021,88.7538245,0.0,0.000106967737793307,0.0,5.18057190719905,0.0,3.47038527549633,0.0,0.000106967737793307,,
IND,India,2000,49.2672472,0.493768594747216,0.339329702107667,0.261484986654409,3.84099115686554,0.174908287833233,1.90763005843495,1.19880896935781,2.46830054070033,,
IND,India,2001,,0.803917719626811,0.328226824632097,0.281168418270262,4.82396626397303,0.15302460449569,2.88134658113091,0.869871197224191,2.43620876424905,,
IND,India,2002,44.0660177,0.568997608664759,0.37167372749704,0.273599724435957,3.80397532120038,0.228575727565643,1.94070548523048,0.898515923740017,2.34136271190342,,
IND,India,2003,41.6226912,0.573742461427988,0.339283734029848,0.240792185441215,7.86038147545045,0.212533349770852,6.00579964269848,0.860363359311968,2.22671508998187,,
IND,India,2004,48.2325224,1.35785293463509,0.242799599374048,0.304343548351911,7.92293661307978,0.203889436106983,6.09996522556324,1.06043123794654,3.16931675641458,11.0,27.7
IND,India,2005,51.2701946,1.09839598619948,0.211929548749124,0.839983093989034,7.92343062131789,0.220626603025343,6.17702892470105,1.28780837185882,3.6587436038218,,
IND,India,2006,51.8931999,1.10274899573459,0.282048662359145,1.01880931000453,8.06073257305057,0.198610657575394,6.38367720990838,1.33146821912931,3.93368584480297,,
IND,India,2007,51.9131495,1.18900229850656,0.30175770456514,1.70049664592402,7.66081506510766,0.0988812569418624,6.05160013553237,1.15214697247781,4.44228487841539,,
IND,India,2008,52.7525667,2.84447501265705,0.299305173264026,2.27976069077449,3.08669805950082,0.100824736385287,1.61413451730577,1.58498271088646,7.10934832396732,,
IND,India,2009,50.2825809,1.38813218734613,0.259203474370353,0.936378160326233,7.8618888330338,0.139884600408234,6.31340985810947,0.638793187629364,3.36239161008031,7.3,27.8
IND,India,2010,49.7980733,1.63399933661428,0.376557740904705,1.51316086876236,8.49758470165625,0.158053469617224,6.93079780360446,0.815747227430213,4.49751864332879,,
IND,India,2011,45.9788905,2.00973994959679,0.351612910709262,1.42378541419491,5.24131620024293,0.171410338885456,3.76074153231241,1.34852705756453,5.30507567095095,5.3,28.8
IND,India,2012,46.1265951,1.48448439843746,0.309532653309943,0.765651522424161,5.45638755164772,0.150297037032533,4.01726735834531,1.31387208215422,4.02383769335832,,
IND,India,2013,45.8934808,1.21260035181289,0.279675793117373,0.89395152707577,6.38610640091713,0.0935065065834165,4.97769997299568,1.19335415579377,3.67308833438322,,
IND,India,2014,51.9299014,0.982606993768469,0.265031117471257,0.536394962114999,7.41022760516977,0.0844638547070627,6.06398074170735,0.945192923172492,2.81368985123428,,
IND,India,2015,52.8796025,0.767869514330021,0.295004656271969,0.285905510479196,7.99625378567987,0.0689196343932162,6.71566734636781,0.359940708852176,1.77764002432658,,
IND,India,2016,53.3186065,0.81269479010056,0.297938360808894,0.356697463670271,8.25630550176662,0.0607616430187198,6.97394690926852,0.220297977730946,1.74839023532939,,
IND,India,2017,56.121815,0.944480460585748,0.206793799609741,0.457790108813118,6.79538341902422,0.0616444207974507,5.5611850346496,0.313225226270499,1.98393401607656,,
IND,India,2018,54.3030106,1.16154280861105,0.14883514234316,0.432284884211342,6.45385134495295,0.0660238912587392,5.29211971912275,0.446629594682818,2.25531632110711,,
IND,India,2019,55.8082856,0.831651347921673,0.15588841907343,0.649451614747357,3.87143694070524,0.0702256864350301,2.79675759966057,0.30502831579148,2.01224538396897,,
IND,India,2020,53.5848591,0.699928572284321,0.186259152435169,0.686623320605056,-5.77772470687303,0.0675142930826255,-6.69047102834244,0.144343868543637,1.78466920695081,,
IND,India,2021,55.618123,1.28029169863481,0.160725947336095,1.31522382631184,9.68959249191741,0.0774937091732812,8.79093447675136,0.325610194100608,3.15934537555664,,
IDN,Indonesia,2000,33.3504821,0.145482052623159,0.810785022440402,0.990349937041244,4.9200677470169,2.6651584403675,3.4278636272189,6.51396124227823,11.1257366947505,21.4,30.3
IDN,Indonesia,2001,,0.548841674832294,0.847823364426653,0.968409758353021,3.64346644721492,2.42410664166284,2.21481343921472,4.50279039188872,9.29197183116353,19.7,31.2
IDN,Indonesia,2002,34.390837,0.208241061983986,0.816662021127957,0.856603744414542,4.49947539085764,1.90319344354046,3.09230929876641,3.50125448115221,7.28595475221916,11.7,30.2
IDN,Indonesia,2003,29.5633171,0.175528949032094,0.893334947286473,0.918755262552855,4.78036912167654,2.09426406086845,3.40244595178829,3.06092866032223,7.1428118800621,11.5,29.3
IDN,Indonesia,2004,37.5932613,1.44210635007159,0.613864721157131,1.01171111673856,5.03087394501685,2.11069450964371,3.7043674512371,3.94237539539958,9.12075209301056,12.0,30.4
IDN,Indonesia,2005,41.9188469,1.04941966899745,0.558825492212828,1.58686660914769,5.69257130383384,1.92387174642882,4.3443558422024,5.20636964649797,10.3253531632848,10.2,29.9
IDN,Indonesia,2006,46.7110352,1.2053764582613,0.550897114610431,1.77357767480631,5.50095178520348,1.32448590617292,4.11201890218061,4.55289184316296,9.40722899701392,13.1,31.5
IDN,Indonesia,2007,51.1438591,1.75211269953824,0.630347831250839,2.65498357606547,6.34502222667214,1.03226061871438,4.94958392275811,3.6879578095142,9.75766253508312,10.8,33.2
IDN,Indonesia,2008,53.7444901,3.71627865194879,0.761639031067053,1.02468839771291,6.01370360009123,0.995657110106886,4.64721758277069,4.60202331049434,11.10028650133,9.6,32.6
IDN,Indonesia,2009,55.0119704,1.3782379938357,0.56787989411307,1.41195377994442,4.62887118256153,0.945944802344101,3.31160021271401,2.12191492904716,6.42593139928445,9.6,33.4
IDN,Indonesia,2010,52.5971412,2.0169329921964,0.461892591342216,1.51452958965276,6.22385418062366,0.826445929259323,4.89326246908787,2.31580791993823,7.13560902238893,8.3,34.6
IDN,Indonesia,2011,53.0645723,3.04471491349847,0.441679564322813,1.37848884835229,6.16978420771008,0.73781080558996,4.82294276512758,2.96041980198707,8.5631139337506,7.3,37.9
IDN,Indonesia,2012,55.6578565,1.7625357897008,0.434247629983757,0.577088878511745,6.03005065305615,0.652294226994824,4.67540374198676,2.51944833801451,5.94561486320563,5.6,37.1
IDN,Indonesia,2013,55.3369189,1.3065358403565,0.484377902702338,0.720021093755813,5.5572636889101,0.636686032705509,4.25603923226443,2.24228816443479,5.38990903395495,5.8,38.9
IDN,Indonesia,2014,59.3178371,1.07149977395183,0.603499545998423,0.291031667870561,5.006668425755,0.850564550857553,3.77968595157438,1.97502549820142,4.79162103687978,5.3,38.8
IDN,Indonesia,2015,56.6870383,0.617867776842894,0.473955930536083,0.23191256139581,4.87632230022123,0.960955966326089,3.70583428895539,0.796675128718901,3.08136736381978,4.6,38.2
IDN,Indonesia,2016,57.9790701,0.656229604029038,0.424739208675108,0.325598442301629,5.03306918280177,0.63934334627299,3.91054275495577,0.62227933803086,2.66818993930963,3.7,36.9
IDN,Indonesia,2017,55.9594851,0.8515455771592,0.49902796405053,0.338696264430664,5.06978590134916,0.591523999755219,4.00109865179923,0.799367966127144,3.08016177152276,3.0,36.4
IDN,Indonesia,2018,56.6224801,1.07176983707974,0.487970158620755,0.664931025171148,5.17429153955024,0.859660703628191,4.15930013909383,1.13230201999671,4.21663374449654,2.5,36.3
IDN,Indonesia,2019,55.9824787,0.800234541340992,0.429369566307973,0.527633581615829,5.01928768046282,0.738467377908887,4.0413041818536,0.740134609514678,3.23583967668836,2.0,35.4
IDN,Indonesia,2020,56.6712515,0.671878728243518,0.460602702306499,0.472187315251355,-2.06551182934165,0.546809531246824,-2.89423403981894,0.287189045702826,2.43866732275102,1.7,35.3
IDN,Indonesia,2021,54.7968926,1.22270966877205,0.41753137709282,1.90957956113463,3.70288562827751,0.841191137887917,2.97476192227879,0.766028339629635,5.15704008451705,1.5,35.5
IRN,"Iran, Islamic Rep.",2000,55.2799705,0.00362533401870033,0.0288636575172724,0.0843084131247478,5.84552747578209,2.30162442963997,4.29451656429561,30.6637746707723,33.082196505073,,
IRN,"Iran, Islamic Rep.",2001,,0.0076052063198428,0.0424309553559414,0.0742215523232544,2.39217271207868,2.44405372220749,0.823553037936534,21.4882168458321,24.0565282820387,,
IRN,"Iran, Islamic Rep.",2002,56.898008,0.00784399323515275,0.0221846709604431,0.0781738137360549,8.07882927975243,2.3496161139381,7.19000975928768,20.4437414632993,22.901560055169,,
IRN,"Iran, Islamic Rep.",2003,55.4077306,0.00482869722363294,0.0229485800206518,0.0568901028390886,8.6392983972006,2.05072226747438,7.44180127291611,22.0449174416527,24.1803070892105,,
IRN,"Iran, Islamic Rep.",2004,54.57709,0.0115248494401764,0.00961466876477941,0.187668538111119,4.33666597851041,1.83655471628029,2.12837885127104,25.1990020398231,27.2443648124195,,
IRN,"Iran, Islamic Rep.",2005,54.9187425,0.0214272817010313,0.00761245714169671,0.399231467997184,3.18980408728824,2.44636854647738,0.931246313659614,31.6076762648214,34.4823160181386,1.0,43.6
IRN,"Iran, Islamic Rep.",2006,52.4371498,0.0222124920623487,0.00874409374566752,0.733376016232142,4.99979526181222,2.45659210122043,2.76183106993244,31.5582038058527,34.7791285091133,1.0,44.8
IRN,"Iran, Islamic Rep.",2007,53.6829348,0.011983461167409,0.00781872183205722,1.04037894076244,8.15577352358517,1.99708594942742,6.40171006806331,26.1252401169156,29.1825071901049,,
IRN,"Iran, Islamic Rep.",2008,53.1169462,0.0441506050715156,0.0123120646835903,1.05351568532114,0.250856553493634,1.8467989298903,-0.959303455562093,30.5659738980313,33.5227511829978,,
IRN,"Iran, Islamic Rep.",2009,44.1835682,0.019462552224609,0.0122326996998762,0.472460550405355,1.00738545790475,2.28085971648197,-0.239219321569081,17.5512587993854,20.3362743181973,1.3,42.1
IRN,"Iran, Islamic Rep.",2010,39.8485723,0.0177607864327432,0.0115312621774118,0.952827159850501,5.79793830169604,1.8610874879457,4.48194624429263,20.2248363529261,23.0680430493324,,
IRN,"Iran, Islamic Rep.",2011,42.7240462,0.0223657016252693,0.00802825733251548,1.04689385094231,2.6457179180628,1.91739971657899,1.38495950276369,22.3514589221281,25.3461464486072,0.5,34.7
IRN,"Iran, Islamic Rep.",2012,44.3202176,0.00931819065710996,0.00967818977753255,0.668779628211241,-3.74717139864109,2.01887057952724,-4.94408603979183,18.4120723402826,21.1187189284557,0.3,34.4
IRN,"Iran, Islamic Rep.",2013,45.7232421,0.00681591549931996,0.0131930010768849,0.95144936458257,-1.52197920494184,2.7187141958893,-2.80061992960059,21.2565665523955,24.9467390294435,0.4,34.0
IRN,"Iran, Islamic Rep.",2014,53.4829674,0.00469138231406816,0.0145731544822778,0.632030591810473,4.98477506709476,2.97411018568107,3.58412137758084,21.2353758265799,24.8607811408678,0.7,34.8
IRN,"Iran, Islamic Rep.",2015,52.4051184,0.00314663086804457,0.00813360755191975,0.323113318442047,-1.42488493937503,2.62955318037995,-2.75798228082138,12.2663527393474,15.2302994765894,0.6,35.3
IRN,"Iran, Islamic Rep.",2016,54.8787562,0.00372925001610146,0.00389787061932528,0.3203618349802,8.8150866425182,1.91831819745209,7.26636493161325,10.8895031509112,13.1358103039789,0.6,35.9
IRN,"Iran, Islamic Rep.",2017,53.9467875,0.00630070612047797,0.00624742951953212,0.498537165708424,3.02685468694025,2.33627116072101,1.55521443456146,14.6204399688795,17.4677964309489,0.5,36.7
IRN,"Iran, Islamic Rep.",2018,49.3491312,0.0108792652293042,0.0114754674012298,0.743592034577805,-3.74796015711334,5.80900087982186,-4.96761764341849,27.6646471563106,34.2395948033408,0.7,37.4
IRN,"Iran, Islamic Rep.",2019,44.4465189,0.00989698080163411,0.0154943053759284,0.875208744950145,-2.36143538770575,6.82201707137804,-3.40863263146464,20.0780490508657,27.8006661533715,0.9,36.5
IRN,"Iran, Islamic Rep.",2020,45.0322128,0.00843627707892616,0.012322956374773,1.44882935675929,4.44180865358672,8.49623367431377,3.64198271829557,13.2733495355914,23.2391718001181,1.0,35.8
IRN,"Iran, Islamic Rep.",2021,46.1177041,0.00939526245305688,0.00800076329996801,3.355880410138,4.13089685034471,8.80888556489953,3.26912440288719,18.2658980929233,30.4480600937139,0.8,35.5
IRQ,Iraq,2000,42.681964,0.0,0.00534755387843191,0.0,16.7961344439661,0.27271767012468,13.0301611362353,48.5807178166885,48.8587830406916,,
IRQ,Iraq,2001,,0.0,0.0108113815627769,0.0,1.76660876568174,0.358458660866,-1.35847551126994,49.1960317224957,49.5653017649245,,
IRQ,Iraq,2002,43.2192264,0.0,0.0113056750530011,0.0,-8.20370481187175,0.288807298247214,-11.0582696179366,46.6719927539111,46.9721057272114,,
IRQ,Iraq,2003,23.6430599,0.0,0.0179731278470439,0.0,-36.6567804383165,0.275320664273337,-38.5382182871903,53.0047978158982,53.2980916080186,,
IRQ,Iraq,2004,17.3429113,0.0,0.00762604252528926,0.0,53.3855472887501,0.113034701108404,49.0738525824483,64.6550924823725,64.7757532260062,,
IRQ,Iraq,2005,21.3527572,0.0,0.00553847396697654,0.0,1.67522863586828,0.155363126583441,-1.29394759634579,65.1575951980304,65.3184967985808,,
IRQ,Iraq,2006,20.3137757,0.0,0.00537288142721544,0.0,5.63829915220637,0.16643949845663,4.86652515076509,63.5551402676835,63.7269526475673,0.1,28.6
IRQ,Iraq,2007,21.6084653,0.0,0.00394729645322439,0.00313253269755525,1.88853936243953,0.282231021341203,2.69566336957755,52.9273802567399,53.2166911072318,,
IRQ,Iraq,2008,26.9424803,0.0,0.00475783509913608,0.00163471121251792,8.22810710383277,0.300021661461576,6.06351402987207,55.3793146361864,55.6857288439596,,
IRQ,Iraq,2009,29.8261312,0.0,0.00566266253510917,0.00405987304396632,3.37929909442771,0.388347267110813,-0.359808708496018,39.1145928006965,39.5126626033864,,
IRQ,Iraq,2010,28.5250786,0.0,0.0056082744574052,0.0046376301070444,6.40256484471193,0.301812816732089,3.01924651269078,43.2562312170542,43.5682899383508,,
IRQ,Iraq,2011,33.2149857,0.0,0.00428611494475304,0.0120887266276967,7.546471200426,0.251799618876453,3.81441942451566,50.9263659501053,51.1945404105542,,
IRQ,Iraq,2012,32.1338725,0.0,0.00413074883652446,0.0134283036554794,13.9364301737537,0.222359214768549,8.88055394419878,49.6110993818029,49.8510176490635,0.1,29.5
IRQ,Iraq,2013,29.9553193,0.0,0.00363825804048242,0.00776847950496444,7.62828592298754,0.236599620839355,2.6646473210161,45.3313602184612,45.579366576846,,
IRQ,Iraq,2014,27.3954194,0.0,0.00467137767582277,0.000455788505509303,2.26368817563613,0.245416179697298,-1.2842545257663,46.6038527995508,46.8543961454295,,
IRQ,Iraq,2015,27.5477532,0.0,0.00537112133322724,0.0,2.60676642939541,0.240804420123799,-0.153622231589026,37.2575416723352,37.5037172137922,,
IRQ,Iraq,2016,27.8165031,0.0,0.00373016075069816,0.0,13.7873730187089,0.250135507025277,11.0984155585203,32.9650560560142,33.2189217237902,,
IRQ,Iraq,2017,28.8661777,0.0,0.00473329211472927,0.0,-1.81975035118309,0.2755088548352,-3.98546687274897,38.9203120843433,39.2005542312932,,
IRQ,Iraq,2018,28.7944333,0.0,0.0033917245426733,0.0,2.63385099105624,0.378532047680893,0.267762550620816,45.7658631354446,46.1477869076682,,
IRQ,Iraq,2019,27.926688,0.0,0.0040013414299578,0.0,5.5137905789381,0.374622752289475,3.14043943608276,40.2312783051026,40.609902398822,,
IRQ,Iraq,2020,28.6313211,0.0,0.00381568122024194,0.0,-12.0367930960454,0.378195592280203,-13.9675322715096,27.035001916172,27.4170131896725,,
IRQ,Iraq,2021,28.7885726,0.0,0.00323627059518963,0.0,1.5021807095434,0.65552292508507,-0.74745630944858,42.7870984915076,43.4458576871878,,
IRL,Ireland,2000,91.8338096,0.0,0.0263586287032027,0.0239798475453334,9.40352476399653,0.0259955943827088,7.95480656981979,0.0,0.0763340706312449,0.1,33.0
IRL,Ireland,2001,,0.0,0.0217082689858428,0.0,5.30582133514299,0.0349499355452399,3.64246980676886,0.0,0.0566582045310828,,
IRL,Ireland,2002,90.4017821,0.0,0.0244803343117295,0.0,5.89936506079005,0.0231005716218551,4.12975527664135,0.0,0.0475809059335846,0.1,32.3
IRL,Ireland,2003,89.1949602,0.0,0.0198485688790312,0.0,3.01383869396012,0.0157877797428726,1.34938713225839,0.0,0.0356363486219039,0.1,32.9
IRL,Ireland,2004,83.9944943,0.0,0.0138830290847123,0.0260653918662168,6.78813990621356,0.0149647349404642,4.85345751357542,0.0,0.0549131558913933,0.0,33.6
IRL,Ireland,2005,87.770816,0.0,0.0131855692668152,0.0420519559660556,5.73978202625278,0.00826253481639906,3.46094094006261,0.000104554774481391,0.0636046148237513,0.0,33.8
IRL,Ireland,2006,88.1150529,0.0,0.0137565311843079,0.280174684326165,4.98785364537615,0.014972766197026,2.19518952781192,0.000220340993296497,0.309124322700795,0.2,32.7
IRL,Ireland,2007,89.1535801,0.0,0.0144544876598828,0.260729177786261,5.31011830898613,0.00988304055043219,2.30923113199,0.0,0.285066705996576,0.1,31.9
IRL,Ireland,2008,88.0639618,0.0,0.0130218787588503,0.00650678978560513,-4.48407081043062,0.0201072486080353,-6.41164613131696,0.0,0.0396359171524907,0.1,30.9
IRL,Ireland,2009,84.8685239,0.0,0.0146412898671474,0.0188187699584014,-5.09578277913846,0.0113752250890897,-6.05481156494983,0.0,0.0448352849146384,0.4,32.7
IRL,Ireland,2010,84.3643554,0.0,0.0182385851282773,0.0718400315222618,1.68297175486512,0.0100749846678646,1.13042386118924,0.0084342457466574,0.108587847065061,0.4,32.3
IRL,Ireland,2011,80.8200548,0.0,0.0179375057531472,0.0610901916177201,1.60886648916944,0.0120338455814485,1.166742916706,0.00518125344429736,0.0962427963966132,0.4,32.9
IRL,Ireland,2012,82.0433844,0.0,0.0165797187330951,0.0239662720459509,-0.40502941658977,0.0122032013631626,-0.826164036751607,0.00580802788099242,0.058557220023201,0.2,33.2
IRL,Ireland,2013,81.1790503,0.0,0.0180737699465293,0.00433097966380148,2.1929375750029,0.0104244823517415,1.65624859275668,0.00425988559637562,0.0370891175584479,0.5,33.5
IRL,Ireland,2014,85.8453899,0.0,0.017581079973652,0.00839518763698245,9.38579335130922,0.00548798967243366,8.58909717383906,0.00393161333522517,0.0353958706182933,0.3,31.9
IRL,Ireland,2015,82.1508669,0.0,0.0138740611546306,0.000547335007321291,24.6239856364006,0.00307385221390157,23.4520270725761,0.00127546010473342,0.0187707084805869,0.3,31.8
IRL,Ireland,2016,81.0232285,0.0,0.0142887835052026,0.0105176701404183,1.22271661130947,0.0393859966960348,-0.0687294094505688,0.00103242097431613,0.0652248713159719,0.1,32.8
IRL,Ireland,2017,81.9818889,0.0,0.0142275300536967,0.0415780081021837,10.1088576065965,0.0556548017143667,8.63259519638329,0.00137273248762722,0.112833072357874,0.2,31.4
IRL,Ireland,2018,82.7292175,0.0,0.0179594813091044,0.0308572920472918,7.68865937437435,0.075032558976219,6.13694267880518,0.00222636273443113,0.126075695067046,0.0,30.6
IRL,Ireland,2019,81.9665496,0.0,0.0141042059529149,0.011872052090784,4.97288003766816,0.0392733650290757,3.31840085150145,0.00192075459732704,0.0671703776701016,0.0,30.3
IRL,Ireland,2020,80.9019235,0.0,0.0116072087265736,0.0101375129035784,7.15369505735335,0.0140574923991153,5.80801946810749,0.00096047242789138,0.0367626864571587,0.1,29.2
IRL,Ireland,2021,78.4715124,0.0,0.0117159689556259,0.0362496707797038,16.2581881158197,0.0510779344974277,14.6467292457005,0.00194465680647297,0.10098823103923,0.1,29.4
IMN,Isle of Man,2000,,,0.0,0.0,5.30000152552805,,4.09055253299996,,0.0,,
IMN,Isle of Man,2001,,,0.0,0.0,5.39999903126116,,4.27400134298588,,0.0,,
IMN,Isle of Man,2002,,,0.0,0.0,6.19999819490684,,5.10192250991517,,0.0,,
IMN,Isle of Man,2003,,,0.0,0.0,5.99999968812641,,4.94881389767924,,0.0,,
IMN,Isle of Man,2004,,,0.0,0.0,5.20000310402496,,4.20797850373191,,0.0,,
IMN,Isle of Man,2005,,,0.0,0.0,5.89999933576675,,4.93577075888795,,0.0,,
IMN,Isle of Man,2006,,,0.0,0.0,7.69999871253432,,6.6564512619359,,0.0,,
IMN,Isle of Man,2007,,,0.0,0.0,7.50000022988817,,6.36998309806449,,0.0,,
IMN,Isle of Man,2008,,,0.0,0.0,4.90000100081545,,3.77208525293702,,0.0,,
IMN,Isle of Man,2009,,,0.0,0.0,2.10000027181374,,0.979767326548526,,0.0,,
IMN,Isle of Man,2010,,,0.0,0.0,3.39999842395957,,2.24854803434695,,0.0,,
IMN,Isle of Man,2011,,,0.0,0.0,1.99999938207415,,1.38472598626136,,0.0,,
IMN,Isle of Man,2012,,,0.0,0.0,7.30389108511717,,7.3636916765798,,0.0,,
IMN,Isle of Man,2013,,,0.0,0.0,4.14186158753493,,4.38197664616249,,0.0,,
IMN,Isle of Man,2014,,,0.0,0.0,5.15509983748599,,5.46721088334894,,0.0,,
IMN,Isle of Man,2015,,,0.0,0.0,-0.385866882198087,,-0.0295616197691402,,0.0,,
IMN,Isle of Man,2016,,,0.0,0.0,6.95230284899407,,7.11503908245226,,0.0,,
IMN,Isle of Man,2017,,,0.0,0.0,2.83775807093689,,2.66187031478451,,0.0,,
IMN,Isle of Man,2018,,,0.0,0.0,2.2133975392251,,1.97434466746698,,0.0,,
IMN,Isle of Man,2019,,,0.0,0.0,0.254877847398262,,0.0733713448695283,,0.0,,
IMN,Isle of Man,2020,,,,,-8.83681697473475,,-8.952853097019,,,,
IMN,Isle of Man,2021,,,,,3.83783632334639,,3.78598283934312,,,,
ISR,Israel,2000,51.1206145,0.0,0.00118293492760194,0.0,8.59152200608253,0.00029815222454106,5.75975072145897,0.000538029851641422,0.00201911700378443,,
ISR,Israel,2001,,0.0,0.000359110262852424,0.0,0.270471415054473,0.000338032974265271,-2.06538364198205,0.00044300918148921,0.0011401524186069,0.1,38.9
ISR,Israel,2002,45.809675,0.0,0.000319499398335871,0.0,-0.152880392675172,0.000286459252574505,-2.14374381254724,0.000607272154816841,0.00121323080572722,0.4,39.6
ISR,Israel,2003,45.6945416,0.0,0.000280304584560241,0.0,1.43455918035305,0.000263213576971853,-0.380427550574865,0.000405868612191096,0.00094938677372319,0.3,40.7
ISR,Israel,2004,49.7469498,0.0,0.000230109842474998,0.0,4.64944459908543,0.0349354284996114,2.81588919584401,0.00033623760064506,0.0355017759427314,0.4,41.5
ISR,Israel,2005,50.1202698,0.0,0.000200716026499564,0.0,4.35256427740218,0.0589531000944453,2.52905588156467,0.000472182859671348,0.0596259989806162,0.4,42.3
ISR,Israel,2006,49.0738493,0.0,0.000227134091006846,0.0165966786205587,5.59106550120008,0.0871372208920479,3.74082297657495,0.00183148014420474,0.105792513747818,0.2,41.6
ISR,Israel,2007,51.7714012,0.0,0.000207758817477013,0.0342156196028174,6.31307137087018,0.0931813605943948,4.44151356230513,0.000982659663842538,0.128587398678532,0.3,41.1
ISR,Israel,2008,51.7514311,0.0,0.000236692677513691,0.281737480720263,3.2158134842205,0.102676351582405,1.39829553388404,0.00167170995232637,0.386322234932509,0.3,41.6
ISR,Israel,2009,48.0003834,0.0,0.000222126079998543,0.223473116088676,1.22017480850096,0.084927621419111,-1.17051223143478,0.00103859148443182,0.309661455072217,0.3,42.6
ISR,Israel,2010,52.9762946,0.0,0.00019341309070246,0.0871568516301515,5.54470607068944,0.0857921824744703,3.63416912780745,0.000829577584663044,0.173972024779987,0.2,42.6
ISR,Israel,2011,52.0620635,0.0,0.000173701414167584,0.146517470239984,5.51341969081251,0.128582797004934,3.58135753623301,0.00535645069325495,0.280630419352341,0.2,41.5
ISR,Israel,2012,52.6229464,0.0,0.000178926623069897,0.187887769940001,2.40993765217618,0.0787009145372555,0.536640391791892,0.00329138463969431,0.270058995740021,0.4,41.3
ISR,Israel,2013,50.7683953,0.0,0.00015840501907979,0.0932339250177094,4.09013743330735,0.157385100412775,2.16577109822916,0.0118850270586983,0.262662457508262,0.3,39.9
ISR,Israel,2014,55.7743479,0.0,0.000182947311629381,0.0619925007019844,3.718144149431,0.166664593681174,1.74621551083156,0.0117966062119145,0.240636647906702,0.3,39.8
ISR,Israel,2015,55.45086,0.0,0.000224932761426383,0.0788494291706891,2.23599889603805,0.140168999644038,0.230342851538737,0.00644720440273846,0.225690565978892,0.3,39.7
ISR,Israel,2016,59.8364088,0.0,0.000142740543405773,0.066432896904465,4.53601939236572,0.110801914968535,2.50670443598923,0.00738204032323747,0.184759592739644,0.1,39.0
ISR,Israel,2017,58.2051536,0.0,0.000342181524959691,0.0422359233764264,4.34394518932547,0.127388100686779,2.34048587653075,0.00582932455005827,0.175795530138224,0.3,38.2
ISR,Israel,2018,60.0064425,0.0,0.000235872080935992,0.0347299572280426,4.05349952888294,0.199534286961076,2.06796927151525,0.00878768893694255,0.243287805206997,0.3,38.6
ISR,Israel,2019,58.4448733,0.0,0.000204136091445515,0.0,3.57898762923605,0.181189344161981,1.62043641627767,0.00826237494176303,0.189655855195189,0.4,38.3
ISR,Israel,2020,56.1947534,0.0,0.000236753520482687,0.0,-1.80206927953466,0.264595241567274,-3.51878278661184,0.00760868223036897,0.272440677318125,0.4,37.8
ISR,Israel,2021,53.9389948,0.0,0.000174075408224396,0.0,9.33534690236249,0.429728212550477,7.51180775977554,0.0115224616168168,0.441424749575518,0.2,37.9
ITA,Italy,2000,84.3107465,9.55690660531109e-07,0.0101437714413657,0.000138489874672659,3.88209885062652,0.0319380983477865,3.83504714661416,0.0491103009051332,0.0913316162596186,1.1,35.2
ITA,Italy,2001,,7.35012042924132e-05,0.00894834466217263,8.13094399256068e-05,2.00643329837733,0.0613333422247091,1.94399983338882,0.0322847284179457,0.102721225949045,,
ITA,Italy,2002,80.0121481,3.23734497505581e-05,0.0080201135865195,0.000111914917798999,0.26992966378873,0.0406753020713446,0.0717374312631875,0.0407901667424972,0.0896298707679109,1.2,34.7
ITA,Italy,2003,74.2364422,4.36295055277936e-05,0.00830381943683594,9.0730557573966e-05,0.0665538088732092,0.0340885965309502,-0.472767256846353,0.0400847934902141,0.0826115695211021,0.6,34.9
ITA,Italy,2004,72.1439718,0.00011467987855159,0.00666155150619845,3.62817529711905e-05,1.4740217064723,0.0245576717192482,0.721242547682493,0.0463733545125626,0.077743539369532,0.5,34.3
ITA,Italy,2005,76.0925255,7.49835019329792e-05,0.00784843269779761,3.86168726856572e-05,0.762410677306491,0.0189293064983278,0.176020373979568,0.0747436239867356,0.10163496355748,0.5,33.8
ITA,Italy,2006,75.8240079,1.64753472770459e-05,0.00814373244676197,9.83591242189987e-05,1.79947992234244,0.0366454074969274,1.3930148978998,0.0777499536900344,0.12265392810522,0.5,33.7
ITA,Italy,2007,74.5629041,0.000174438843729731,0.00986821928729628,0.000222739039378522,1.46229205289291,0.0294703780119245,0.846872548383672,0.0770690066986577,0.116804781880987,0.5,32.9
ITA,Italy,2008,76.1634124,0.000384831277270786,0.0107612143709189,0.000264087389232099,-1.02313851177097,0.0468292126121431,-1.7836019705945,0.0935556302345291,0.151794975884094,0.5,33.8
ITA,Italy,2009,74.1238318,7.82261563599532e-05,0.0109670075185279,0.000354765737734252,-5.30515401233991,0.0313263165175021,-5.85255775999181,0.048036487144922,0.0907628030750462,0.6,33.8
ITA,Italy,2010,75.4447263,0.000211731529392601,0.0134471063472109,0.000476899271238986,1.52910573247101,0.0304157429260632,1.0811087798198,0.0632419734880662,0.107793453561972,0.9,34.7
ITA,Italy,2011,73.506197,0.000222534799566464,0.0104522149474701,0.000618004516534147,0.695463154440176,0.04369127308513,0.347491108002188,0.101021789830648,0.156005817179348,0.9,35.1
ITA,Italy,2012,73.954811,0.000101850524637561,0.00999785168223651,0.0,-3.12523877282996,0.0512327603307674,-3.38984189684089,0.108313381680821,0.169645844218462,0.9,35.2
ITA,Italy,2013,72.4331752,5.17984459721475e-05,0.0115696378459043,0.0,-1.81802510749792,0.0440399256821377,-2.01397031609169,0.0998160374945312,0.155477399468545,1.1,34.9
ITA,Italy,2014,74.2540636,5.873478734035e-05,0.0128058154183167,0.0,-0.00138761730454462,0.0288024323353822,-0.0164634913490715,0.0967846101416793,0.138451592682719,0.9,34.7
ITA,Italy,2015,72.6352882,5.64826682052003e-05,0.0119026384245058,0.0,0.885667635240807,0.0237498688184848,1.03826511770654,0.0462003289451814,0.0819093188563771,1.4,35.4
ITA,Italy,2016,71.9044211,0.0,0.0116027941689878,0.0,1.23622108511661,0.0118200048088784,1.42884453159633,0.0238823821426404,0.0473051811205066,1.2,35.2
ITA,Italy,2017,70.2390966,0.0,0.0102964352434856,0.0,1.60369995294101,0.0150296363210049,1.79499729937032,0.0386725733265151,0.0639986448910056,1.1,35.9
ITA,Italy,2018,72.2549458,0.0,0.0109482395857409,0.0,0.826646712344115,0.0222242166809606,1.03718514840632,0.0660288682863186,0.0992013245530201,1.0,35.2
ITA,Italy,2019,71.4003499,0.0,0.0125399040100598,0.0,0.429162533780342,0.0141520951150301,0.678246830552865,0.055800623981932,0.0824926231070219,0.8,34.6
ITA,Italy,2020,71.5703375,0.0,0.00989326904029571,0.0,-8.86822122185345,0.00622413506819306,-8.42323993924451,0.0398531422796994,0.0559705463881882,0.6,35.2
ITA,Italy,2021,73.3970182,0.0,0.0099675453738169,0.0,8.93106210800055,0.0250363768484909,9.49416108466208,0.077005203060734,0.112009125283042,0.6,34.8
JAM,Jamaica,2000,60.682563,0.0,0.123956313740569,1.36817354519982,0.87870355044231,0.0,0.181209199316882,0.0,1.49212985894039,,
JAM,Jamaica,2001,,0.0,0.12553383745512,1.39684596061856,1.34492956615135,0.0,0.704785923037818,0.0,1.52237979807368,,
JAM,Jamaica,2002,57.8440417,0.0,0.0924446099344572,1.02073146319649,1.99729094191295,0.0,1.37273149144548,0.11501979991379,1.22819587304474,1.7,48.3
JAM,Jamaica,2003,55.4171682,0.0,0.10279010793927,0.966323422371571,3.66631759041991,0.0,3.03997803691765,0.178381887913983,1.24749541822483,,
JAM,Jamaica,2004,60.0840596,0.0,0.0931661599880931,1.62871802800372,1.32372510450574,0.0,0.732138408370318,0.165049939416478,1.88693412740829,1.1,45.5
JAM,Jamaica,2005,60.306298,0.0,0.0865905379764936,1.89923424109251,0.893797935409893,0.0,0.33654893030193,0.252469011179102,2.23829379024811,,
JAM,Jamaica,2006,59.9188566,0.0,0.116813495222884,2.54906659371791,2.89912534481287,0.0,2.36949906247872,0.683475577091461,3.34935566603225,,
JAM,Jamaica,2007,62.0854799,0.0,0.123260219775625,2.75727324751523,1.43195403769627,0.0,0.952340641642138,0.624344515923789,3.50487798321465,,
JAM,Jamaica,2008,60.9671647,0.0,0.128659525689297,1.82211040570747,-0.811736702186792,0.0,-1.24242279776804,1.06917692280528,3.01994685420205,,
JAM,Jamaica,2009,59.834043,0.0,0.140453476681224,1.15247528096594,-4.34530185828071,0.0,-4.74232025652036,0.645410398235614,1.93833915588278,,
JAM,Jamaica,2010,58.8545772,0.0,0.224589137919352,1.20174205243424,-1.45714720850386,0.0,-1.87206742708895,0.242284268785806,1.66861545913939,,
JAM,Jamaica,2011,63.838322,0.0,0.184359354717998,1.54488723432413,1.73037627006349,0.0,1.29087650393585,0.526914868641309,2.25616145768344,,
JAM,Jamaica,2012,66.7111278,0.0,0.175271301807009,1.16196916064023,-0.613636042132399,0.0,-1.04151903293869,0.49393788378898,1.83117834623622,,
JAM,Jamaica,2013,68.0714364,0.0,0.221278910028189,1.09261847262838,0.517686011311724,0.0,0.111200802511547,0.467457901037476,1.78135528369404,,
JAM,Jamaica,2014,66.4905855,0.0,0.250121749801201,1.09503492944202,0.689822359762587,0.0,0.327176684512608,0.437195148150247,1.78235182739347,,
JAM,Jamaica,2015,66.9316769,0.0,0.214549127206141,1.05145271082101,0.92148712399856,0.0,0.605132259299552,0.0,1.26600183802715,,
JAM,Jamaica,2016,67.5349802,0.0,0.25611335219318,0.964293031781216,2.76043761369557,0.0,2.49050959451111,0.0687391904547863,1.28914557442918,,
JAM,Jamaica,2017,68.1002514,0.0,0.225623463245554,1.12330060233655,2.29303371291363,0.0,2.08054717136154,0.179462172017927,1.52838623760003,,
JAM,Jamaica,2018,68.7885972,0.0,0.176007380129564,1.28551145271792,2.51584458612513,0.0,2.35833186418979,0.268056625056229,1.72957545790371,0.1,35.3
JAM,Jamaica,2019,68.9525634,0.0,0.151021002075915,0.0,1.80943147301357,0.0,1.69497447065874,0.213213396731904,0.364234398807819,,
JAM,Jamaica,2020,68.499749,0.0,0.20714174603638,0.0,-8.30441923583135,0.0,-8.54632871499803,0.11529077951409,0.32243252555047,,
JAM,Jamaica,2021,68.3253356,0.0,0.16274860094682,0.0,5.70467978309095,0.0,5.44605052451513,0.294903461359937,0.457652062306756,0.3,39.9
JPN,Japan,2000,88.658311,5.00017498872993e-05,0.0076441507883248,0.000539184817417449,2.97832688768516,0.00369930150871287,2.80621328819454,0.00204600728487652,0.0139786461492189,,
JPN,Japan,2001,,0.000409289026105401,0.00721410324047586,0.000427788821770176,0.284608556379041,0.00380596647727958,0.0432610804393931,0.00113511914094131,0.0129922667065723,,
JPN,Japan,2002,85.7507971,4.67064859272552e-05,0.00760690253722191,0.000618322110093336,0.0849888050363319,0.00383013510323391,-0.147465639518501,0.00112559597627164,0.0132276622127481,,
JPN,Japan,2003,85.1870206,4.25530588203287e-05,0.00777473681393973,0.000679133184838851,1.38010935830795,0.0046100667539936,1.16340717181257,0.00115087198424737,0.0142573617958399,,
JPN,Japan,2004,82.8497418,0.000570872179542008,0.0057486030934192,0.000898223712570184,2.11294823723127,0.00509652850459121,2.07858049766911,0.00112400162714459,0.0134382291172672,,
JPN,Japan,2005,86.1929732,0.000377556029224638,0.00786506875311476,0.00121464659271485,1.8482813374834,0.00558074730272261,1.83871609775319,0.00190799261441482,0.0169460112921917,,
JPN,Japan,2006,86.9745076,0.000465519876078042,0.00906273002621271,0.00189170153470993,1.54630843078741,0.00574036497154262,1.48197527748053,0.00214720299585778,0.0193075194044011,,
JPN,Japan,2007,85.7275183,0.000740045469435431,0.0114936550776121,0.00174846401675517,1.72837912865577,0.0062030779159016,1.61155135596718,0.00248906218354903,0.0226743046632534,,
JPN,Japan,2008,83.9888027,0.00168989576253766,0.0122020935310245,0.00142083003606362,-1.16662209355141,0.00611778431800943,-1.21447096036071,0.00254187890087445,0.0239724825485097,0.6,34.6
JPN,Japan,2009,84.9580179,0.000473593601447198,0.0102615998710135,0.00202663400103489,-5.9359411383964,0.00547499338509241,-5.92418744684731,0.00121214539684085,0.0194489662554289,0.5,33.0
JPN,Japan,2010,82.921189,0.000820799341360047,0.00972314534310046,0.00280598026558474,4.13645589222239,0.00516616597454298,4.11775410034667,0.00158079099188119,0.0200968819164694,0.3,31.5
JPN,Japan,2011,82.8004153,0.001126753484762,0.00939955476025869,0.00350691105306578,-0.20035785332982,0.00529772776545463,-0.015331176425093,0.00234602321423817,0.0216769702777793,0.2,33.0
JPN,Japan,2012,82.387015,0.000681640089152805,0.00945176740782279,0.0026556328434872,1.64893452981225,0.00481474366689706,1.8114084396923,0.00248638665620751,0.0200901706635674,0.8,32.5
JPN,Japan,2013,83.7939427,0.000673584029783952,0.0129496354703832,0.00201428254693335,1.99727653399265,0.00477629875702611,2.14453612740357,0.00279888580497218,0.0232126866090988,0.5,31.5
JPN,Japan,2014,86.5722411,0.000611340153897241,0.0157796146539137,0.00169009404773608,0.905915486065865,0.00629210489956957,1.03990068136697,0.00369773020794163,0.0280708839630582,0.4,31.3
JPN,Japan,2015,86.7789985,0.000356434915133004,0.0174102631552034,0.00171884842071603,1.79997735783475,0.00750712083911439,1.90806992390948,0.00197604493943565,0.0289687122696025,0.2,30.7
JPN,Japan,2016,85.0237906,0.000362610428641275,0.0171223078696739,0.0014669476334711,0.704986495111257,0.00501932854790931,0.756497591794997,0.00120567077494375,0.0251768652546394,0.3,31.8
JPN,Japan,2017,85.8692068,0.000506496310013594,0.0289614300267575,0.00154859900539919,1.62345062245441,0.00554715562444122,1.70668817770073,0.00188218849166514,0.0384458694582766,0.3,31.8
JPN,Japan,2018,85.330928,0.000406308319759457,0.0248700671776733,0.00182507437661006,0.834143845965585,0.00711272313263549,0.962163474855828,0.00254122923421228,0.0367554022408906,0.5,32.9
JPN,Japan,2019,84.9598388,0.000235295367441627,0.0238516334193079,0.0607557532817653,-0.308496921143259,0.00645252953430339,-0.168366879621402,0.00193344998804187,0.0932286615908601,0.6,33.0
JPN,Japan,2020,85.2401102,0.000195156966489782,0.0235544521787159,0.067696278514126,-4.28327942675573,0.00484052103940813,-4.00127136367016,0.000710792505710748,0.0969972012044505,0.5,32.3
JPN,Japan,2021,85.7099533,0.000357494585802386,0.028703107133117,0.00720553637123228,3.56419531474475,0.00880700355707987,4.04163849701511,0.00223132111964285,0.0473044627668744,,
JOR,Jordan,2000,61.9299605,0.0,0.0202447260964867,0.0,4.24571192079151,0.130141927520723,2.10734677821824,0.00382518728310133,0.154211840900311,,
JOR,Jordan,2001,,0.0,0.0225866929914885,0.0,5.26995757513606,0.133126604248854,3.12682361391062,0.00270497731455219,0.158418274554894,,
JOR,Jordan,2002,55.3208587,0.0,0.0236567475009647,0.0,5.78380792679309,0.0976042661274351,3.57676471497929,0.00236581016892771,0.123626823797328,0.2,37.0
JOR,Jordan,2003,59.9523058,0.0,0.0315281380802488,0.0,4.16166755544363,0.10016253005555,1.88023738458034,0.00236399852541283,0.134054666661212,,
JOR,Jordan,2004,60.0976155,0.0,0.0274482673663967,0.0,8.56721424236906,0.0976611039613213,5.97888573730083,0.00252507093423412,0.127634442261952,,
JOR,Jordan,2005,61.1623356,0.0,0.0252211211352424,0.0,8.1465948107994,0.0937984539525814,5.50057037395855,0.00299417370715913,0.122013748794983,,
JOR,Jordan,2006,53.2818059,0.0,0.0264541362723135,0.344275496609694,8.09297527811921,0.0914684925633778,1.4032017956127,0.00336695469227265,0.465565080137658,0.0,33.9
JOR,Jordan,2007,60.9531919,0.0,0.0221197505916142,0.665819788669085,8.17616995204655,0.0743417462084469,1.84052436528847,0.0032269913821269,0.765508276851273,,
JOR,Jordan,2008,59.3917389,0.0,0.0300624330537627,5.56343584497924,7.22038637280149,0.0544049657924836,4.72560086199398,0.0047965442664046,5.65269978809189,0.0,32.6
JOR,Jordan,2009,58.5195233,0.0,0.0277363477551247,3.78076992202376,5.11667226950634,0.0547930139717532,2.88110685566487,0.00223180513092879,3.86553108888157,,
JOR,Jordan,2010,58.9297978,0.0,0.0307813186294083,1.59448845503621,2.6377158262256,0.0384695756931186,0.453459698002902,0.00222485703710613,1.66596420639584,0.0,33.7
JOR,Jordan,2011,55.0657724,0.0,0.0329823454321127,3.23812474004959,2.90729315392207,0.0442667153964485,0.384542795672388,0.00229864970418629,3.31767245058233,,
JOR,Jordan,2012,55.6866151,0.0,0.0360811033118602,2.83151788537621,2.40465716535539,0.0384050242726986,0.964469841021028,0.00247522898810274,2.90847924194887,,
JOR,Jordan,2013,54.1726541,0.0,0.0282913016936188,1.21570558402378,2.72311205964112,0.0331897702669935,-2.47848803296866,0.00191267840155804,1.27909933438596,,
JOR,Jordan,2014,55.481518,0.0,0.0427721464845315,1.12539623666435,3.32287328047509,0.0256345153298793,-6.07780868696074,0.00161998790264992,1.19542288638141,,
JOR,Jordan,2015,54.9548496,0.0,0.0377543675401241,1.34277468078016,2.52261671092148,0.0187836188652648,-5.56577200216208,0.000429911043278417,1.39974257822882,,
JOR,Jordan,2016,56.7031633,0.0,0.0287839445088871,1.08501452274872,2.11166806967252,0.0116876948660108,-2.59919514615272,0.000250812593463262,1.12573697471708,,
JOR,Jordan,2017,58.3040185,0.0,0.0349852608624619,0.820805589760864,2.50770398070352,0.0129980377272639,0.22543046814485,0.000211794657558038,0.869000683008148,,
JOR,Jordan,2018,60.3867267,0.0,0.017915922817882,0.681456401290935,1.85383415616927,0.0187199775746881,-0.366596262740202,0.000980515945675632,0.719072817629181,,
JOR,Jordan,2019,61.0324608,0.0,0.0235461561024244,0.0,1.85633006592765,0.0185237744871921,-0.144023848563009,0.000787731412940435,0.0428576620025569,,
JOR,Jordan,2020,60.3256959,0.0,0.0221203546744434,0.0,-1.15257534158022,0.0290878371057246,-2.91147672323414,0.000467720334463903,0.0516759121146319,,
JOR,Jordan,2021,59.2156857,0.0,0.0202972086435752,0.0,3.75201276755828,0.0430035744363791,1.86634825216463,0.0143633135367042,0.0776640966166585,,
KAZ,Kazakhstan,2000,67.4532601,0.763275560850573,0.0325113909410202,0.862769121792731,9.80000000214156,0.958298497963215,9.47962640033421,24.7022127271689,27.3190672987164,,
KAZ,Kazakhstan,2001,,1.69987911925213,0.028336080585106,0.44839503336108,13.4999999984358,1.90816103683919,12.9575000867226,16.8769158317887,20.9616871018262,5.7,36.0
KAZ,Kazakhstan,2002,70.1423874,0.838526701281602,0.0187505823980838,1.87938161856025,9.79999999960842,1.68494211935026,9.23105777770729,18.663679662836,23.0852806844263,3.9,34.8
KAZ,Kazakhstan,2003,71.9065666,0.737882921244197,0.0117085830519726,1.51678511083951,9.30000000033759,1.55520091837354,8.67044524900558,19.0561886830313,22.8777662165405,2.7,33.7
KAZ,Kazakhstan,2004,64.3798839,2.86683924781304,0.0149279851552245,3.13867011268656,9.60000000136854,0.904874674279211,8.88930817801581,21.3287460118204,28.2540580317544,1.4,31.8
KAZ,Kazakhstan,2005,67.341157,1.88738405653817,0.0224274038666853,3.05254518431045,9.69999999922682,0.707456812413737,8.88963565884097,24.6119449899113,30.2817584470403,3.8,39.8
KAZ,Kazakhstan,2006,67.4998263,1.56920831525736,0.00222919154327792,5.02314713160832,10.7,1.05583158575305,9.76786673957737,21.1400400879889,28.7904563121509,0.4,30.2
KAZ,Kazakhstan,2007,74.5294856,1.50666818196351,0.00488007236673491,5.37625436616646,8.89999999999405,0.885350833081291,7.871783713981,18.7183777371544,26.4915311907324,0.2,30.1
KAZ,Kazakhstan,2008,73.9582496,4.76760578272819,0.00436103065667702,3.88478128586208,3.30000000021091,1.65333030135486,2.23526924918258,22.9379468470309,33.2480252476327,0.1,28.5
KAZ,Kazakhstan,2009,77.8446279,1.774081648721,0.00559581760806284,2.82881615364697,1.19999999942873,1.49618947932301,0.0228479849101006,15.4811753728879,21.5858584721869,0.1,28.2
KAZ,Kazakhstan,2010,73.2939803,2.44766697370492,0.00407682634738815,3.89618903524003,7.30000000329814,1.00856330578242,5.91730119035698,14.3876480168855,21.7441441579602,0.1,28.0
KAZ,Kazakhstan,2011,58.5408993,2.47402353369514,0.00412796397196674,3.72439960919774,7.40000000144188,1.21331613739192,5.95764573473487,18.3529532976804,25.7688205419371,0.0,28.0
KAZ,Kazakhstan,2012,59.1921916,1.16307150777107,0.00279425110740865,3.49247252521626,4.79999999528297,1.20333132239427,3.34601033412712,16.1210271615703,21.9826967680593,0.0,28.2
KAZ,Kazakhstan,2013,58.1833165,0.539678974748581,0.0030904156741295,3.04684100006285,5.99999999671084,1.0538090594977,4.48819679131283,13.575329365067,18.2187488150502,0.0,27.1
KAZ,Kazakhstan,2014,66.3999625,0.517573287575169,0.0033452306647571,2.47636119751539,4.20000000566705,0.80881514404493,2.6806378826727,13.4439854013249,17.2500802611251,0.0,27.0
KAZ,Kazakhstan,2015,66.4788419,0.427727747530492,0.00367005102167487,1.33376288147232,1.20000000053288,0.789640342060327,-0.299093532608879,6.77396398337604,9.32876500546085,0.0,26.8
KAZ,Kazakhstan,2016,64.4158014,0.687792012117953,0.00444596453984996,2.72063883063599,1.09999999910173,0.670873241173054,-0.438395201172128,6.9499320090465,11.0336820575133,0.0,27.2
KAZ,Kazakhstan,2017,64.9310816,0.837979080702583,0.00472189539322341,3.5307844520862,4.10000000257358,0.86064865819105,2.49076945691363,9.66346231175396,14.897596398127,0.0,27.5
KAZ,Kazakhstan,2018,64.0387063,0.93298984923782,0.00549204299734424,3.37110742964987,4.09999999309841,1.38519233067748,2.5560669084423,15.0881830400628,20.7829646926253,0.0,27.8
KAZ,Kazakhstan,2019,62.1182664,0.65685203992523,0.00619110671745899,3.00499256400792,4.50000000091883,0.925016309467418,2.99405538115775,13.3329218324239,17.9259738525419,0.0,28.0
KAZ,Kazakhstan,2020,61.0381062,0.570036728063378,0.00751745837856705,4.69879472720512,-2.49999999628,0.43856903709156,-3.86406094514987,7.12577724575059,12.8406951964892,0.0,28.7
KAZ,Kazakhstan,2021,61.9220603,0.848889916850088,0.00768633060047667,9.09697695478789,4.29999999729456,2.04396250834782,2.91864170117744,14.8448016221428,26.8423173327291,0.0,29.2
KEN,Kenya,2000,42.876643,0.0,3.2939312668332,0.0200362817544637,0.599695390807426,0.0,-2.38610693277963,0.0,3.31396754858766,,
KEN,Kenya,2001,,0.0,3.11757536220296,0.024045305689377,3.77990649795343,0.0,0.575576747494395,0.0,3.14162066789234,,
KEN,Kenya,2002,44.8320916,0.0,3.71038196604641,0.0291619455198214,0.546859530175595,0.0,-2.56736280977373,0.0,3.73954391156623,,
KEN,Kenya,2003,44.8823423,0.0,5.07217124187537,0.0132501544648397,2.93247554570904,0.0,-0.194798007216917,0.0,5.08542139634021,,
KEN,Kenya,2004,49.8096085,0.0,4.11923475347896,0.00444337590578361,5.10429977629738,0.0,1.89113513278383,0.0,4.12367812938474,,
KEN,Kenya,2005,47.154682,0.0,4.07052243650912,0.00641360345069168,5.90666607980057,0.0,2.70244103195117,0.0,4.07693603995981,16.6,46.4
KEN,Kenya,2006,48.1822564,0.0,2.94129728848533,0.0091212202141864,6.47249430015484,0.0,3.27715457506901,0.0,2.95041850869952,,
KEN,Kenya,2007,41.3008021,0.0,3.5750326294801,0.0588658649507867,6.85072976998784,0.0,3.66978666216018,0.0,3.63389849443088,,
KEN,Kenya,2008,38.2019726,0.0,3.63094992864317,0.0079188053109711,0.232282744812977,0.0,-2.7588645638462,0.0,3.63886873395414,,
KEN,Kenya,2009,39.3924252,0.0,3.22119718867416,0.0245265465131725,3.30693981631089,0.0,0.232598394599862,0.0,3.24572373518734,,
KEN,Kenya,2010,42.275058,0.0,2.58974019001637,0.0667009022992329,8.05847360290906,0.0,4.96811299885232,0.0166382187818553,2.67307931109746,,
KEN,Kenya,2011,40.3344157,0.0,2.84004407347584,0.0743308223348879,5.1211061197056,0.0,2.26952218964762,0.0288123870707702,2.9431872828815,,
KEN,Kenya,2012,40.3888599,0.0,2.75441905673988,0.131376334081647,4.56867961444982,0.0,1.87670753904403,0.0230878177338188,2.90888320855534,,
KEN,Kenya,2013,45.9646649,0.0,2.60001881730095,0.0441884117434056,3.7978483925754,0.0,1.26331129067221,0.0251947780243645,2.66940200706872,,
KEN,Kenya,2014,44.3174879,0.0,2.61747761293723,0.00310445597618892,5.02011100232484,0.0,2.59218353342239,0.0225273671136455,2.64310943602707,,
KEN,Kenya,2015,44.8701358,0.0,2.70047905075378,0.00152775734048981,4.96772112759767,0.0,2.65589352795405,0.00766330802518443,2.70967011611946,12.0,40.8
KEN,Kenya,2016,45.7526771,0.0,2.64961337468745,0.00219786685188723,4.21351706814744,0.0,1.93794795580835,0.00658707205828154,2.65839831359762,,
KEN,Kenya,2017,46.5544465,0.0,2.30924921167385,0.00510699615983619,3.83795817364721,0.0,1.60475183361922,0.0,2.31435620783369,,
KEN,Kenya,2018,46.7693279,0.0,1.35539656261205,0.00445832873752338,5.64794640709219,0.0,3.52404781491717,0.00146974382203769,1.36132463517161,,
KEN,Kenya,2019,47.5288168,0.0,1.22058177853824,0.00375994034000316,5.11415885767801,0.0,3.07004769448449,0.00284249270710658,1.22718421158535,,
KEN,Kenya,2020,47.9541846,0.0,1.26700198246826,0.00180998641786536,-0.272766327438816,0.0,-2.2103217118529,0.0,1.26881196888613,13.7,36.2
KEN,Kenya,2021,46.9300692,0.0,1.22226614678512,0.00566243092389293,7.59048947333467,0.0,5.5651365159048,0.0,1.22792857770901,13.9,38.7
KIR,Kiribati,2000,,0.0,0.0295842847533442,0.0,6.74266531257052,0.0,4.95143441733177,0.0,0.0295842847533442,,
KIR,Kiribati,2001,,0.0,0.0375979466931401,0.0,-3.14412917759699,0.0,-4.99043248812092,0.0,0.0375979466931401,,
KIR,Kiribati,2002,,0.0,0.0377433021241735,0.0,1.44715494184476,0.0,-0.673840916592098,0.0,0.0377433021241735,,
KIR,Kiribati,2003,82.1460909,0.0,0.0450146573139441,0.0,-1.57546689217141,0.0,-3.57269845860688,0.0,0.0450146573139441,,
KIR,Kiribati,2004,79.9771855,0.0,0.0451763817247018,0.0,-0.608967597152244,0.0,-2.58468567894897,0.0,0.0451763817247018,,
KIR,Kiribati,2005,88.5192565,0.0,0.0279208944627771,0.0,1.29243029465849,0.0,-0.722362780004488,0.0,0.0279208944627771,,
KIR,Kiribati,2006,88.5784579,0.0,0.0338018104231589,0.0,5.77693449836185,0.0,3.68079200082892,0.0,0.0338018104231589,6.5,37.0
KIR,Kiribati,2007,88.6762245,0.0,0.0433023683626024,0.0,3.05507981566669,0.0,0.984244992784554,0.0,0.0433023683626024,,
KIR,Kiribati,2008,88.6641837,0.0,0.07098350763928,0.0,-2.98473121631831,0.0,-4.98978666488051,0.0,0.07098350763928,,
KIR,Kiribati,2009,92.4880861,0.0,0.0731494190069756,0.0,0.536801194648319,0.0,-1.58315258146997,0.0,0.0731494190069756,,
KIR,Kiribati,2010,92.3887498,0.0,0.0626677431300746,0.0,1.2259519892488,0.0,-0.857158610176697,0.0,0.0626677431300746,,
KIR,Kiribati,2011,92.2984086,0.0,0.0736138842102225,0.0,3.26372719532225,0.0,1.45038004681834,0.0,0.0736138842102225,,
KIR,Kiribati,2012,92.2888719,0.0,0.0589178981070894,0.0,5.80365974645258,0.0,4.26113729441184,0.0,0.0589178981070894,,
KIR,Kiribati,2013,92.2597341,0.0,0.0557002717308784,0.0,7.73092188699647,0.0,6.26028947416073,0.0,0.0557002717308784,,
KIR,Kiribati,2014,87.7824315,0.0,0.0889050775265575,0.0,1.26366268044595,0.0,-0.0428972459236832,0.0,0.0889050775265575,,
KIR,Kiribati,2015,82.2232229,0.0,0.0732783582600832,0.0,11.2653209431294,0.0,9.84706076349215,0.0,0.0732783582600832,,
KIR,Kiribati,2016,82.1457425,0.0,0.0826063804854857,0.0,7.08803465778669,0.0,5.58490832516883,0.0,0.0826063804854857,,
KIR,Kiribati,2017,82.1552364,0.0,0.0929519614955758,0.0,3.71200171622053,0.0,2.16246551099044,0.0,0.0929519614955758,,
KIR,Kiribati,2018,82.2220118,0.0,0.0420866204186192,0.0,3.42465753424656,0.0,1.89214544847405,0.0,0.0420866204186192,,
KIR,Kiribati,2019,84.6713442,0.0,0.0427412418710569,0.0,3.31125827814569,0.0,1.77977627382882,0.0,0.0427412418710569,1.0,27.8
KIR,Kiribati,2020,85.9646041,0.0,0.0569939081063946,0.0,-1.28205128205127,0.0,-2.98712184016587,0.0,0.0569939081063946,,
KIR,Kiribati,2021,85.7896595,0.0,0.043500143330191,0.0,8.44155844155846,0.0,6.51730510856365,0.0,0.043500143330191,,
PRK,"Korea, Dem. People's Rep.",2000,71.0693973,,,,,,,,,,
PRK,"Korea, Dem. People's Rep.",2001,,,,,,,,,,,
PRK,"Korea, Dem. People's Rep.",2002,71.8589431,,,,,,,,,,
PRK,"Korea, Dem. People's Rep.",2003,70.5573303,,,,,,,,,,
PRK,"Korea, Dem. People's Rep.",2004,63.4763595,,,,,,,,,,
PRK,"Korea, Dem. People's Rep.",2005,63.7358222,,,,,,,,,,
PRK,"Korea, Dem. People's Rep.",2006,64.7771832,,,,,,,,,,
PRK,"Korea, Dem. People's Rep.",2007,64.8361847,,,,,,,,,,
PRK,"Korea, Dem. People's Rep.",2008,63.9631663,,,,,,,,,,
PRK,"Korea, Dem. People's Rep.",2009,62.3678303,,,,,,,,,,
PRK,"Korea, Dem. People's Rep.",2010,65.0897679,,,,,,,,,,
PRK,"Korea, Dem. People's Rep.",2011,65.3253744,,,,,,,,,,
PRK,"Korea, Dem. People's Rep.",2012,61.2991438,,,,,,,,,,
PRK,"Korea, Dem. People's Rep.",2013,57.301062,,,,,,,,,,
PRK,"Korea, Dem. People's Rep.",2014,48.7170369,,,,,,,,,,
PRK,"Korea, Dem. People's Rep.",2015,48.701853,,,,,,,,,,
PRK,"Korea, Dem. People's Rep.",2016,58.1136167,,,,,,,,,,
PRK,"Korea, Dem. People's Rep.",2017,59.840915,,,,,,,,,,
PRK,"Korea, Dem. People's Rep.",2018,61.1916066,,,,,,,,,,
PRK,"Korea, Dem. People's Rep.",2019,62.6995174,,,,,,,,,,
PRK,"Korea, Dem. People's Rep.",2020,62.6941435,,,,,,,,,,
PRK,"Korea, Dem. People's Rep.",2021,62.505549,,,,,,,,,,
KOR,"Korea, Rep.",2000,73.2806737,0.0010203696930801,0.00993841715341444,0.00865486696785494,9.2018583880479,0.0,8.29254041446951,0.0171114384123705,0.03672509222672,,
KOR,"Korea, Rep.",2001,,0.00749057493559151,0.0107693542579364,0.0103222430331056,4.72593560322356,0.0,3.92550900636917,0.0117084529963086,0.040290625222942,,
KOR,"Korea, Rep.",2002,72.5339225,0.000690341283667374,0.0105115467243726,0.0111336358618988,7.74399895319569,0.0,7.12308072036979,0.00957433571508732,0.0319098595850261,,
KOR,"Korea, Rep.",2003,71.6331448,0.000571790932514606,0.0121404352286928,0.0129601492061124,3.07472661826947,0.0,2.54185039649609,0.0089188228034682,0.034591198170788,,
KOR,"Korea, Rep.",2004,74.8219568,0.00758358462468118,0.0114326826399799,0.000367082622625252,5.1836368597334,0.00134458483003077,4.7675860552671,0.0104071686453881,0.0311351033627051,,
KOR,"Korea, Rep.",2005,77.1361173,0.00379756362562064,0.00992540092193947,0.00157164728287481,4.35823667337156,0.0045793537016514,4.13723386737684,0.0152754218373255,0.0351493873694118,,
KOR,"Korea, Rep.",2006,76.2998534,0.00364942166096732,0.0102827102355315,0.00204710688905323,5.24500550580342,0.00290594297346217,4.6937077744137,0.0186508346760964,0.0375360164351106,0.2,31.7
KOR,"Korea, Rep.",2007,78.7172705,0.00578023391303985,0.0130861343816692,0.00242659549311644,5.8419633918717,0.00253355126596425,5.30856236809566,0.0198193989631689,0.0436459140169587,,
KOR,"Korea, Rep.",2008,76.0167037,0.015710328504768,0.0197673926807201,0.00392099660816901,3.00440451679569,0.00314333646957568,2.22523680909987,0.0327981749761399,0.0753402292393727,0.2,32.3
KOR,"Korea, Rep.",2009,76.6716225,0.00491665109229314,0.0231847276462609,0.00235546833193462,0.81986175641795,0.00351772852790063,0.302292304284919,0.023956728591914,0.0579313041903032,,
KOR,"Korea, Rep.",2010,75.8143414,0.00667028166354928,0.0157304647609605,0.00478946577106454,6.98166138853071,0.00360500780438836,6.44997750684229,0.0438448106743931,0.0746400306743559,0.3,32.0
KOR,"Korea, Rep.",2011,75.1302694,0.00866865320454893,0.0148264887157308,0.0052729656351211,3.6880320602952,0.00297918053953984,2.89375816160189,0.0596703107786387,0.0914175988735794,,
KOR,"Korea, Rep.",2012,74.4220663,0.00481877575087728,0.0154826378449259,0.0208863608362155,2.54766550568242,0.00272061616121548,2.00997301929048,0.0569097069190274,0.100818097512262,0.2,31.6
KOR,"Korea, Rep.",2013,74.5398678,0.0028374905082032,0.0163144416223366,0.00424845562971992,3.2913959543442,0.00283286914887899,2.82226288554209,0.0461384584384727,0.0723717153476114,,
KOR,"Korea, Rep.",2014,76.0907575,0.00204256397687853,0.0171590251462527,0.00229587956231499,3.21468019683108,0.00225698216815479,2.5683693516693,0.0403191275638592,0.0640735784174601,0.2,31.2
KOR,"Korea, Rep.",2015,77.2995045,0.0011509345645292,0.0147317001307185,0.000831471147607381,2.92029267301234,0.00162378207382868,2.37903405951899,0.0184101263141833,0.0367480142308671,,
KOR,"Korea, Rep.",2016,74.7023463,0.00123764220447531,0.0139031415280003,0.00115995175034279,3.17152748983935,0.00133201099970313,2.76290075939411,0.0154774466539604,0.0331101931364819,0.1,35.2
KOR,"Korea, Rep.",2017,76.5785261,0.00136736003257122,0.0179390624320357,0.00103511203201852,3.433191763972,0.00264782344988136,3.14298545917306,0.0156129162216889,0.0386022741681957,0.1,34.9
KOR,"Korea, Rep.",2018,80.7641604,0.00116307142139939,0.016438046525388,0.000308061695378874,3.17611568177327,0.00407766664331777,2.72979572830845,0.0251346708672274,0.0471215171527114,0.1,33.7
KOR,"Korea, Rep.",2019,80.490315,0.000847332735118339,0.0154088493340387,0.0810627148655371,2.31380210595475,0.00496990830543458,1.95849636720857,0.0191641999802525,0.121453005220381,0.1,33.2
KOR,"Korea, Rep.",2020,80.7211746,0.000675182032437153,0.0149030312299503,0.0843581660058351,-0.700242317542106,0.00434773092204482,-0.837051834035137,0.00898681274589818,0.113270922936166,0.1,32.7
KOR,"Korea, Rep.",2021,81.2769586,0.00109890187258597,0.0147189954905301,0.000483293114651688,4.61296795454287,0.00519896806845811,4.747751556973,0.0283124162355571,0.049812574781783,0.1,32.9
XKX,Kosovo,2000,,,,,,,,,,,
XKX,Kosovo,2001,,,,,,,,,,,
XKX,Kosovo,2002,65.7440222,,,,,,,,,,
XKX,Kosovo,2003,65.4775869,,,,,,,,,2.2,29.0
XKX,Kosovo,2004,68.7212478,,,,,,,,,,
XKX,Kosovo,2005,69.2682673,,,,,,,,,3.2,31.2
XKX,Kosovo,2006,69.4992447,,,,,,,,,2.9,30.3
XKX,Kosovo,2007,68.0087128,,,,,,,,,,
XKX,Kosovo,2008,78.4154318,3.46974810931307,0.0,0.0,,0.0,,0.0,3.46974810931307,,
XKX,Kosovo,2009,72.9352445,1.17228835700882,0.0,0.103195627947151,5.03485413839893,0.0,5.39636701673933,0.0,1.27548398495597,2.3,31.8
XKX,Kosovo,2010,52.9948948,2.09943006832557,0.0,0.456136814085565,4.93995095961395,0.0,5.28831482675317,0.0,2.55556688241113,2.1,33.3
XKX,Kosovo,2011,52.0539548,2.08041423593308,0.0,0.339144129318233,6.31981022896761,0.0,6.12959202990389,0.0,2.41955836525131,1.3,27.8
XKX,Kosovo,2012,52.8873832,0.87581895083904,0.0,0.108932715392703,1.71219595890548,0.0,0.857974394903721,0.0,0.984751666231743,0.7,29.0
XKX,Kosovo,2013,52.4341708,0.422084221324138,0.0,0.106494238331507,5.34079911900278,0.0,4.70387084053738,0.0,0.528578459655645,0.4,26.3
XKX,Kosovo,2014,60.7360591,0.295749533066664,0.0,0.227030986264137,3.34880478431623,0.0,3.65273027273803,0.0,0.522780519330801,0.7,27.3
XKX,Kosovo,2015,62.187674,0.245681401583698,0.0,0.10013664162422,5.91623128345211,0.0,7.36815111994392,0.0,0.345818043207918,0.5,26.5
XKX,Kosovo,2016,61.0215542,0.278019453016927,0.0,0.116892340321784,5.57177504731632,0.0,6.20761650241487,0.0,0.394911793338711,0.5,26.7
XKX,Kosovo,2017,62.9594822,0.297313205479888,0.0,0.26220389637406,4.82565565298054,0.0,4.03838879864328,0.0,0.559517101853948,8.0,44.2
XKX,Kosovo,2018,58.8296176,0.322759346705482,0.0,0.259796395926622,3.40663227056285,0.0,3.05752931278261,0.0,0.582555742632103,10.6,44.6
XKX,Kosovo,2019,64.0829562,0.248062007101388,0.0,0.155240679271605,4.75680057007834,0.0,5.23669676312298,0.0,0.403302686372993,5.0,40.2
XKX,Kosovo,2020,64.452655,0.223207299342125,0.0,0.182422584469144,-5.34027547826166,0.0,-5.40690184268419,0.0,0.405629883811269,10.1,57.4
XKX,Kosovo,2021,65.9129798,0.379080525110064,0.0,0.549818417405912,10.7456560819583,0.0,10.9981400491097,0.0,0.928898942515976,13.2,49.4
KWT,Kuwait,2000,77.1093334,0.0,0.000283594360217399,0.0,4.69458187079211,1.07488964584328,1.76596434147542,50.2892381187247,51.3644113589282,,
KWT,Kuwait,2001,,0.0,0.000347997033731128,0.0,0.213332576499354,1.29022077016935,-2.45214152569666,42.7980143074398,44.0885830746429,,
KWT,Kuwait,2002,69.1557217,0.0,0.000360449462699941,0.0,3.01428315192251,0.928084779806332,0.421240897856848,37.2003716194143,38.1288168486834,,
KWT,Kuwait,2003,70.2216256,0.0,0.000416081873389723,0.0,17.3260204175143,0.81882112644548,14.5507976912199,39.816851302288,40.6360885106068,,
KWT,Kuwait,2004,69.1019847,0.0,0.000331442421149268,0.0,10.2402980586354,0.76931436633299,7.81613775807561,46.1128336408051,46.8824794495593,,
KWT,Kuwait,2005,70.5313799,0.0,0.000245157069446747,0.0,10.6090449840228,0.821700960754246,6.67935670476243,53.3164834648164,54.13842958264,,
KWT,Kuwait,2006,72.7599036,0.0,0.000241711870463669,0.0,7.51477300024021,0.742307369022942,1.6976352381691,51.0394540758358,51.7820031567292,,
KWT,Kuwait,2007,77.3887525,0.0,0.000200385769009277,0.0,5.99157551059315,0.618508798827339,-0.0585846444072189,48.1550015709463,48.7737107555426,,
KWT,Kuwait,2008,75.8356814,0.0,0.000277277015199177,0.0,2.47975694278544,0.568940384456548,-3.06795857769427,52.8912935555667,53.4605112170385,,
KWT,Kuwait,2009,74.910957,0.0,0.00038065470921068,0.0,-7.07605643073411,0.735530245929982,-11.8648164745831,38.854853146546,39.5907640471852,,
KWT,Kuwait,2010,75.7466504,0.0,0.000423796580816382,0.0,-2.37054804425912,0.635329840794475,-7.27588260300011,48.1906069290048,48.8263605663801,,
KWT,Kuwait,2011,71.4738418,0.0,0.000369165248551607,0.0,9.62863419534361,0.700397270610481,2.99936488052495,58.3689295808333,59.0696960166924,,
KWT,Kuwait,2012,67.5542363,0.0,0.000379643443508407,0.0,6.62587485078971,0.731563944664216,0.0983286715542846,57.4129637304674,58.1449073185752,,
KWT,Kuwait,2013,67.7647499,0.0,0.000318577502808652,0.0,1.14946552780648,0.784396720958018,-3.77371634598551,55.5579394462588,56.3426547447197,,
KWT,Kuwait,2014,67.3560214,0.0,0.000545830372516933,0.0,0.500914669444924,0.731307332394645,-3.83157244878866,53.239569150436,53.9714223132032,,
KWT,Kuwait,2015,63.3898139,0.0,0.000721635659169802,0.0,0.592770817217982,0.864578423168116,-3.83270102171981,36.4482994431389,37.3135995019662,,
KWT,Kuwait,2016,65.5303963,0.0,0.000592378338661855,0.0,2.92607584256388,0.690322593013416,-1.43152053599024,31.6732106195044,32.3641255908565,,
KWT,Kuwait,2017,65.9260745,0.0,0.000670439644698328,0.0,-4.71222270495362,0.748172347211654,-8.16879129164303,36.0090908245608,36.7579336114171,,
KWT,Kuwait,2018,69.9272242,0.0,0.000300957010645904,0.0,2.74333045031415,1.10292151862869,-1.26570110779524,44.0490671354298,45.1522896110691,,
KWT,Kuwait,2019,70.0978967,0.0,0.000415263714116295,0.0,2.26381706595791,1.18290776369048,-0.471027490632153,38.6553473115018,39.8386703389064,,
KWT,Kuwait,2020,68.5489184,0.0,0.000492952883899628,0.0,-4.81731593381585,1.70268520321554,-3.90774915473197,27.5816891390019,29.2848672951013,,
KWT,Kuwait,2021,68.5286289,,,,1.67213054307859,,2.59077518987651,,,,
KGZ,Kyrgyz Republic,2000,55.1343259,0.03503197691603,0.0355057695215399,3.15869466085072,5.44333663288322,0.0183743993584071,4.19610604345162,0.900163529762309,4.14777033640901,23.3,31.0
KGZ,Kyrgyz Republic,2001,,0.119776193517,0.0268129674751675,2.75313948274489,5.32162141190466,0.0433044312245958,4.3267567743611,0.589736237550232,3.53276931251188,20.3,30.2
KGZ,Kyrgyz Republic,2002,51.983372,0.0391165928677559,0.0218905583634931,2.78242269646878,-0.0173246130360667,0.020217360910022,-0.931486114215559,0.445969369196253,3.3096165778063,19.4,30.3
KGZ,Kyrgyz Republic,2003,46.812874,0.0305895344385065,0.0234986093439985,2.9011137836032,7.03029319731168,0.048675322575388,5.91391847989379,0.398560924925991,3.40243817488708,16.2,28.7
KGZ,Kyrgyz Republic,2004,46.7434629,0.26902172298262,0.0173572843800282,2.61371990073658,7.02681242497607,0.0400876318612614,5.73937835827032,0.475114651060121,3.41530119102061,8.3,34.8
KGZ,Kyrgyz Republic,2005,44.6393241,0.115019797922825,0.0155997806742436,2.03691402547417,-0.175515404044219,0.0314911142930956,-1.29558825808593,0.900674260856272,3.09969897922061,9.3,32.6
KGZ,Kyrgyz Republic,2006,44.1980312,0.100806703723948,0.0167261649637947,0.75265450059523,3.10289874199981,0.0532136005561311,2.00174444436951,0.901919856447568,1.82532082628667,6.1,37.4
KGZ,Kyrgyz Republic,2007,51.1017649,0.152101434131713,0.0150355732532453,0.503158419647854,8.54287477507607,0.0294386056493686,7.51249331031009,0.372572936622736,1.07230696930492,5.9,33.9
KGZ,Kyrgyz Republic,2008,56.9883458,0.427096068416551,0.0125567822242535,3.39260159297831,8.40161604861429,0.0495559616786454,7.37554930252675,0.419785696717881,4.30159610201564,2.9,31.5
KGZ,Kyrgyz Republic,2009,55.971584,0.172862286981781,0.0174578068678723,4.00055045835326,2.88629457537731,0.0255451846363182,1.53257250259469,0.240382537421539,4.45679827426077,1.7,29.9
KGZ,Kyrgyz Republic,2010,49.9325994,0.303050305289713,0.0179756670650179,9.17570825729604,-0.471566596791618,0.0181811955533565,-1.88093371727501,0.293982876159289,9.80889830136341,3.0,30.1
KGZ,Kyrgyz Republic,2011,48.8626592,0.416326855099761,0.0184545217442561,9.36439598951443,5.95627429693504,0.0175896749006956,4.43705345314649,0.386664882614064,10.2034319238732,1.5,27.8
KGZ,Kyrgyz Republic,2012,50.9318013,0.236331327157742,0.0148808808078958,2.91822265098111,-0.0881501998439376,0.0526690838341321,-1.95288116304553,0.358817908971423,3.5809218517523,2.2,27.4
KGZ,Kyrgyz Republic,2013,51.9499159,0.13882888823816,0.0128733750870724,5.22275812679732,10.9154694528045,0.0361147069496845,8.51417444984632,0.308548395714406,5.71912349278664,2.5,28.8
KGZ,Kyrgyz Republic,2014,53.8240681,0.151111714831141,0.0129570372911553,3.61314486974443,4.02403863083252,0.00401334764246336,1.75718622899099,0.290808188479066,4.07203515798825,1.2,26.8
KGZ,Kyrgyz Republic,2015,53.4358512,0.129856171145207,0.0134427944958746,4.07203844313298,3.87582544512439,0.0027051725159668,1.56807607660568,0.0350561205770026,4.25309870186703,2.0,29.0
KGZ,Kyrgyz Republic,2016,56.4457146,0.129937189552705,0.0116820639625866,5.41828400757048,4.33585592190116,0.00111232377736502,2.04985149948004,0.0524748993735499,5.61349048423669,1.3,26.8
KGZ,Kyrgyz Republic,2017,60.811992,0.154626266886822,0.0132169678178566,8.49409322255165,4.73993722377884,0.00123629973598906,2.55837834194257,0.0925684065781225,8.75574116357044,1.3,27.3
KGZ,Kyrgyz Republic,2018,60.363986,0.218169107095955,0.0135917317488829,4.30242708965849,3.75791013557165,0.00161084908379671,1.54586820248004,0.134682037189741,4.67048081477686,0.9,27.7
KGZ,Kyrgyz Republic,2019,62.3615904,0.160152432876729,0.0125077444121361,6.96589662889718,4.60062565707598,0.000931624750778577,2.28120088774463,0.103713879600644,7.24320231053747,0.8,29.7
KGZ,Kyrgyz Republic,2020,57.2370436,0.172697754818117,0.014183215528037,6.28875312852564,-7.14897757727955,0.000458878964953331,-9.03157714073227,0.0514871230911807,6.52758010092793,1.5,29.0
KGZ,Kyrgyz Republic,2021,59.2727382,0.257836525140979,0.0139920276901101,11.1502022599394,5.50700762671923,0.00208054760142869,3.58776993335192,0.0824296570356698,11.5065410174076,0.9,28.8
LAO,Lao PDR,2000,55.6142181,0.0445899933144997,3.98002467263242,0.0,5.79878232861959,0.0,4.03726532497247,0.0,4.02461466594692,,
LAO,Lao PDR,2001,,0.104442091245031,4.45222579615322,0.0,5.75141287983195,0.0,4.02249661411516,0.0,4.55666788739825,,
LAO,Lao PDR,2002,64.5284016,0.0685645442274591,4.74233157631651,0.0,5.91874368370564,0.0,4.23097600258968,0.0,4.81089612054397,11.4,32.6
LAO,Lao PDR,2003,48.6545114,0.0515999609543647,5.68715480863349,0.840145130798113,6.06700230344272,0.0,4.44645858943204,0.0,6.57889990038597,,
LAO,Lao PDR,2004,57.1151186,0.297933282046325,5.04923483984754,0.790509951035875,6.35769548008234,0.0,4.81831567317876,0.0,6.13767807292974,,
LAO,Lao PDR,2005,59.4028966,0.191304258857786,3.2659618532618,3.14069276616939,7.10756836811267,0.0,5.50361623488958,0.0,6.59795887828897,,
LAO,Lao PDR,2006,64.3511681,0.169639597729574,3.26671513334511,9.8456285035157,8.61926620832807,0.0,6.91294627933061,0.0,13.2819832345904,,
LAO,Lao PDR,2007,63.2754748,0.433645537959031,3.8924387313394,8.89584721512652,7.59682880054878,0.0,5.94392449426221,0.0,13.221931484425,9.2,35.4
LAO,Lao PDR,2008,66.1155043,0.556859052832542,4.84161486952125,7.61995714785796,7.82490276337012,0.0,6.19878841672832,0.0,13.0184310702118,,
LAO,Lao PDR,2009,64.7809872,0.215514625203559,4.06024879587667,6.31545864249351,7.50177491225853,0.0,5.90563851314371,0.0,10.5912220635737,,
LAO,Lao PDR,2010,62.1358365,0.397807012077435,3.96567750708735,10.4469530516871,8.52690551739717,0.0,6.94116593325336,0.0,14.8104375708519,,
LAO,Lao PDR,2011,64.6575488,0.463089061823866,4.4855549308167,10.323636810442,8.03865268023725,0.0,6.48536557882839,0.0,15.2722808030825,,
LAO,Lao PDR,2012,64.6506973,0.22963196538877,3.42906992113894,8.46160222330191,8.02609843461283,0.0,6.49513527103458,0.0,12.1203041098296,5.0,36.0
LAO,Lao PDR,2013,65.0309816,,3.19297130511819,9.34511794096013,8.02630022699017,0.0,6.51642199042166,0.0,12.5380892460783,,
LAO,Lao PDR,2014,72.3383467,,4.15344387600155,3.97640525476164,7.61196343979319,0.0,6.13842534644749,0.0,8.12984913076319,,
LAO,Lao PDR,2015,72.806263,,2.78329524594104,2.74146705972327,7.27006584373785,0.0,5.71702901311374,0.0,5.52476230566431,,
LAO,Lao PDR,2016,71.7909771,,2.66611565616279,1.68647627652902,7.02283625501138,0.0,5.36288912313843,0.0,4.35259193269181,,
LAO,Lao PDR,2017,70.6372551,,2.61008665283784,2.3607956816917,6.8925308726989,0.0,5.2271106715724,0.0,4.97088233452954,,
LAO,Lao PDR,2018,70.4235369,,1.60636140612663,2.27239697182916,6.24796000755872,0.0,4.60986171989208,0.0,3.8787583779558,3.3,38.8
LAO,Lao PDR,2019,72.0130362,,1.42057799518842,1.68396142284596,5.4577350924848,0.0,3.86091278109465,0.0,3.10453941803438,,
LAO,Lao PDR,2020,75.2150591,,1.58688103695113,1.23058591260409,0.503031829018681,0.0,-0.986715601107164,0.0,2.81746694955522,,
LAO,Lao PDR,2021,75.8544353,,1.49346268158709,3.88929844488645,2.52835100486102,0.0,1.06109059992194,0.0,5.38276112647354,,
LVA,Latvia,2000,75.6600894,0.0,2.59232171929407,0.0,5.84102642353959,0.0,6.86619861333267,0.0,2.59232171929407,,
LVA,Latvia,2001,,0.0,2.08081083066916,0.0,6.46057826727287,0.0,7.8444195658347,0.0,2.08081083066916,,
LVA,Latvia,2002,81.2241748,0.0,1.73987716796356,0.0,7.66548778586991,0.0,8.92368151151518,0.0,1.73987716796356,0.4,35.1
LVA,Latvia,2003,81.9871398,0.0,1.74608259393462,0.0,8.42913257059108,0.0,9.48207219023105,0.0,1.74608259393462,0.3,36.5
LVA,Latvia,2004,75.9773374,0.0,1.57913673808513,0.0,8.72514341727928,0.0,9.91817299610062,0.0103677175607095,1.58950445564584,1.6,36.4
LVA,Latvia,2005,80.5099008,0.0,1.30160542972423,0.0,11.6153178557457,0.0,12.8279409524173,0.0195425675565115,1.32114799728074,1.5,39.0
LVA,Latvia,2006,81.3776068,0.0,1.16231070981732,0.0,12.825017846905,0.0,13.8646922612695,0.0177881524248426,1.18009886224217,1.0,35.6
LVA,Latvia,2007,78.6351935,0.0,0.953538071520019,0.0,10.4145372792714,0.0,11.3194013044585,0.0227668765867207,0.97630494810674,0.4,37.5
LVA,Latvia,2008,72.7344656,0.0,0.656987605561244,0.0,-3.38871665849958,0.0,-2.36803650613602,0.0525767547664309,0.709564360327675,0.7,37.2
LVA,Latvia,2009,76.3589694,0.0,0.839140410401527,0.0,-16.0400195313042,0.0,-14.6423127971401,0.0511686185788562,0.890309028980383,1.2,35.9
LVA,Latvia,2010,75.9643503,0.0,1.21927163209873,0.0,-3.66125859554762,0.0,-1.63514379125596,0.0638161948318141,1.28308782693054,1.0,35.0
LVA,Latvia,2011,72.4026965,0.0,1.23759391411225,0.0,3.03634482668815,0.0,4.92957999064132,0.0951786230834513,1.3327725371957,0.6,35.8
LVA,Latvia,2012,74.1098163,0.0,1.2936727049797,0.0,7.30524057200897,0.0,8.64449958601972,0.137675372248078,1.43134807722777,0.7,35.2
LVA,Latvia,2013,76.5318523,0.0,1.05452046128301,0.0,2.09609028156248,0.0,3.19545170389934,0.0896165354483561,1.14413699673137,0.8,35.5
LVA,Latvia,2014,78.1965106,0.0,1.04193524551335,0.0,2.0949597710559,0.0,3.06097381676449,0.0891082785579314,1.13104352407128,0.5,35.1
LVA,Latvia,2015,78.1374356,0.0,0.96882721597682,0.0,3.78336712084972,0.0,4.63645212679371,0.0345824404298269,1.00340965640665,0.4,34.2
LVA,Latvia,2016,76.8851186,0.0,0.964459176738095,0.0,2.55168601974034,0.0,3.49318640044002,0.0190916739437906,0.983550850681886,0.4,34.3
LVA,Latvia,2017,77.2226151,0.0,1.1708609951596,0.0,3.39894872623931,0.0,4.31935869681359,0.036360085832959,1.20722108099256,0.4,35.6
LVA,Latvia,2018,77.2238587,0.0,0.993976242728764,0.0,4.30971286294503,0.0,5.12560422080688,0.0795369079908762,1.07351315071964,0.2,35.1
LVA,Latvia,2019,77.4765827,0.0,1.13001985532043,0.0,0.675372771884227,0.0,1.37774612596324,0.0593681954347841,1.18938805075522,0.2,34.5
LVA,Latvia,2020,78.3005205,0.0,1.24316355744522,0.0,-3.46922750780554,0.0,-2.78996380720736,0.0314235592999339,1.27458711674516,0.3,35.7
LVA,Latvia,2021,79.6789749,0.0,1.09972035164877,0.0,6.94254173062592,0.0,7.8481957927218,0.0653994018600052,1.16511975350878,0.3,34.3
LBN,Lebanon,2000,54.8259945,0.0,0.00160712397308317,0.0,1.34187161970405,0.0,-0.39180673260141,0.0,0.00160712397308317,,
LBN,Lebanon,2001,,0.0,0.00153542622167633,0.0,3.83966927702973,0.0,2.12758024747754,0.0,0.00153542622167633,,
LBN,Lebanon,2002,57.8120342,0.0,0.00137292195937972,0.0,3.42314982843781,0.0,1.99615029951745,0.0,0.00137292195937972,,
LBN,Lebanon,2003,56.1593262,0.0,0.00160303958190996,0.0,3.22709826879041,0.0,1.81278345572235,0.0,0.00160303958190996,,
LBN,Lebanon,2004,52.4130477,0.0,0.00145705625851701,0.0,6.67944461641103,0.0,4.96833961304041,0.0,0.00145705625851701,,
LBN,Lebanon,2005,48.9048098,0.0,0.00137623351454346,0.0,2.68577931016345,0.0,1.106879785513,0.0,0.00137623351454346,,
LBN,Lebanon,2006,40.1225475,0.0,0.00162400349088944,0.0,1.54951500083213,0.0,-0.16111039140597,0.0,0.00162400349088944,,
LBN,Lebanon,2007,34.6670191,0.0,0.00137813978532232,0.0,9.31062252641144,0.0,7.21242419520836,0.0,0.00137813978532232,,
LBN,Lebanon,2008,40.1876147,0.0,0.00189663557109102,0.0,9.06912826789082,0.0,7.27020382429338,0.0,0.00189663557109102,,
LBN,Lebanon,2009,43.6107726,0.0,0.00190954318912001,0.0,10.232155577776,0.0,8.75424197439401,0.0,0.00190954318912001,,
LBN,Lebanon,2010,41.404578,0.0,0.00188079916555357,0.0,7.97513555844932,0.0,6.92562408092621,0.0,0.00188079916555357,,
LBN,Lebanon,2011,41.0172578,0.0,0.00193498198500856,0.0,0.86733987855277,0.0,-0.215990101752055,0.0,0.00193498198500856,0.0,31.8
LBN,Lebanon,2012,38.9185167,0.0,0.00190477725937707,0.0,2.56479133680038,0.0,-0.172272058447192,0.0,0.00190477725937707,,
LBN,Lebanon,2013,38.3838302,0.0,0.0015553293883068,0.0,3.8278734986016,0.0,-5.35004515636365,0.0,0.0015553293883068,,
LBN,Lebanon,2014,40.361092,0.0,0.00229376123243399,0.0,2.48406010500743,0.0,-7.26145145442744,0.0,0.00229376123243399,,
LBN,Lebanon,2015,42.0605422,0.0,0.00228828375146288,0.0,0.462320792597581,0.0,-1.48529943559267,0.0,0.00228828375146288,,
LBN,Lebanon,2016,43.1183886,0.0,0.0013728364357897,0.0,1.55454940856943,0.0,3.95420458700914,0.0,0.0013728364357897,,
LBN,Lebanon,2017,43.0161211,0.0,0.00199555625750973,0.0,0.903028464073813,0.0,3.57185811074811,0.0,0.00199555625750973,,
LBN,Lebanon,2018,45.1470729,0.0,0.00106750721286952,0.0,-1.88470575631651,0.0,1.00112836973221,0.0,0.00106750721286952,,
LBN,Lebanon,2019,43.00695,0.0,0.00131340504601898,0.0,-6.91492472851026,0.0,-3.87037166908469,0.0,0.00131340504601898,,
LBN,Lebanon,2020,42.8470593,0.0,0.00223718784227487,0.0,-21.3998996914321,0.0,-20.1290983815185,0.0,0.00223718784227487,,
LBN,Lebanon,2021,43.2923323,0.0,0.00276403839242888,0.0,-7.00123862514116,0.0,-7.25697163046323,0.0,0.00276403839242888,,
LSO,Lesotho,2000,57.5419297,0.0,3.45870923985656,0.0,3.87554677576694,0.0,3.84034989034289,0.0,3.45870923985656,,
LSO,Lesotho,2001,,0.0,3.61294719864822,0.0,3.56158183392093,0.0,3.71996350434441,0.0,3.61294719864822,,
LSO,Lesotho,2002,60.0981741,0.0,4.64972989607064,0.0,0.723836067167127,0.0,1.0355999970419,0.0,4.64972989607064,42.9,51.2
LSO,Lesotho,2003,64.2523766,0.0,5.46817367450901,0.0,4.55977716384528,0.0,5.06649512855877,0.0,5.46817367450901,,
LSO,Lesotho,2004,66.7784635,0.0,3.85504573954824,0.0,1.69237417358596,0.0,2.41103579960742,0.0,3.85504573954824,,
LSO,Lesotho,2005,64.3506539,0.0,3.46065787841255,0.0,3.46612222755311,0.0,4.42249766024187,0.0,3.46065787841255,,
LSO,Lesotho,2006,63.67556,0.0,3.06843905736909,0.0,4.23009522805209,0.0,4.65948787654852,0.0,3.06843905736909,,
LSO,Lesotho,2007,60.8858733,0.0,5.0525676359588,0.0,4.18791409957151,0.0,3.75025688346649,0.0,5.0525676359588,,
LSO,Lesotho,2008,63.9495847,0.0,5.45904125705999,0.0,5.52341966978646,0.0,4.81119838923493,0.0,5.45904125705999,,
LSO,Lesotho,2009,75.0227322,0.0,5.90302783789186,0.0,-1.25375779920832,0.0,-1.96870088552072,0.0,5.90302783789186,,
LSO,Lesotho,2010,75.8293339,0.0,3.93439968984273,0.0,5.26967078056286,0.0,4.45925951436652,0.0,3.93439968984273,,
LSO,Lesotho,2011,76.8668976,0.0,3.88951380908295,0.0,4.61641394528752,0.0,3.69398595274109,0.0,3.88951380908295,,
LSO,Lesotho,2012,70.4292729,0.0,4.7058759222187,0.0,6.33408374679448,0.0,5.27066659627468,0.0,4.7058759222187,,
LSO,Lesotho,2013,71.4448492,0.0,5.10158145699247,0.0,1.79252555575545,0.0,0.696148188602265,0.0,5.10158145699247,,
LSO,Lesotho,2014,62.9530783,0.0,5.59052228450031,0.0,1.71054990545476,0.0,0.557309193389017,0.0,5.59052228450031,,
LSO,Lesotho,2015,62.3253859,0.0,6.21135692867531,0.0,3.12406678044546,0.0,1.92251059472272,0.0,6.21135692867531,,
LSO,Lesotho,2016,61.2035655,0.0,7.27012601835192,0.0,3.60890731687714,0.0,2.35363981271321,0.0,7.27012601835192,,
LSO,Lesotho,2017,62.441153,0.0,6.29773888103094,0.0,-3.13817493733471,0.0,-4.33655999292874,0.0,6.29773888103094,17.0,44.9
LSO,Lesotho,2018,63.5065256,0.0,3.60958084633478,0.0,-1.48063315848241,0.0,-2.67593907523207,0.0,3.60958084633478,,
LSO,Lesotho,2019,60.9752323,0.0,3.73425482845294,0.0,-1.41799383085205,0.0,-2.56925986092637,0.0,3.73425482845294,,
LSO,Lesotho,2020,63.4142594,0.0,4.55548495060365,0.0,-8.15595785459911,0.0,-9.23727005298078,0.0,4.55548495060365,,
LSO,Lesotho,2021,63.6157044,0.0,4.31788190525398,0.0,2.26670961833291,0.0,1.09935782526551,0.0,4.31788190525398,,
LBR,Liberia,2000,33.4628705,0.0,17.8350965177307,0.00585816302890919,28.6159342546183,0.0,23.9409230680701,0.0,17.8409546807596,,
LBR,Liberia,2001,,0.0,17.2395800812434,0.0127152271727971,2.92027476569781,0.0,-0.0567743363726407,0.0,17.2522953084162,,
LBR,Liberia,2002,33.3288671,0.0,23.8880090830016,0.0117613396411939,3.76301761700071,0.0,1.09938923491595,0.0,23.8997704226428,,
LBR,Liberia,2003,30.6135861,0.0,34.1741484800942,0.00352027025105901,-30.145132727942,0.0,-30.6993530292511,0.0,34.1776687503452,,
LBR,Liberia,2004,40.8665947,0.0,19.7725867665806,0.0154678629612014,2.61984689477413,0.0,1.4054000654278,0.0,19.7880546295418,,
LBR,Liberia,2005,43.210332,0.0,20.0488562160195,0.00555059842920357,5.28121245309295,0.0,0.684612867093762,0.0,20.0544068144487,,
LBR,Liberia,2006,44.7745335,0.0,17.6442018959285,0.0043856177211333,8.04390997190059,0.0,2.17024627280136,0.0,17.6485875136497,,
LBR,Liberia,2007,46.0590288,0.0,21.4360664933649,0.14096051546518,9.53527536282282,0.0,4.21343815918623,0.0,21.5770270088301,23.4,36.4
LBR,Liberia,2008,46.0642028,0.0,21.4723570976293,0.295025897767202,7.14569112811476,0.0,2.88473943454363,0.0,21.7673829953965,,
LBR,Liberia,2009,48.2007745,0.0,21.7927736606451,0.284975460928843,5.30054050291531,0.0,2.04180167202995,0.0,22.0777491215739,,
LBR,Liberia,2010,59.1787177,0.0,17.9510944458158,0.413568041078707,6.09982524004147,0.0,3.07117998186455,0.0,18.3646624868945,,
LBR,Liberia,2011,57.811602,0.0,17.4676272397432,5.805338657141,8.20076822497064,0.0,4.04086635073222,0.0,23.2729658968842,,
LBR,Liberia,2012,59.2714229,0.0,17.8845884314922,8.82701310448789,7.99381444555367,0.0,4.24345556941776,0.0,26.7116015359801,,
LBR,Liberia,2013,59.6657585,0.0,16.6884841167255,11.6826942161479,8.68728781639683,0.0,6.3241100027268,0.0,28.3711783328734,,
LBR,Liberia,2014,57.1757224,0.0,18.4789387903565,7.7016979887302,0.701393100287518,0.0,-1.37370786861489,0.0,26.1806367790867,8.7,33.2
LBR,Liberia,2015,55.8986285,0.0,19.1299777213272,0.316280306796235,-0.0185649695590939,0.0,-2.06002320038729,0.0,19.4462580281234,,
LBR,Liberia,2016,58.1540898,0.0,19.592202926753,0.522159021029362,-1.5549586174878,0.0,-3.54590251888713,0.0,20.1143619477823,9.9,35.3
LBR,Liberia,2017,61.2793685,0.0,20.0292148785597,1.29484144538855,2.45515592012239,0.0,0.48341831127135,0.0,21.3240563239483,,
LBR,Liberia,2018,65.5773981,0.0,14.0250297312743,0.0,1.15757512207355,0.0,-0.802290167584516,0.0,14.0250297312743,,
LBR,Liberia,2019,61.5011116,0.0,14.2604895547102,0.0,-2.46729763532686,0.0,-4.38160849244818,0.0,14.2604895547102,,
LBR,Liberia,2020,62.1346886,0.0,17.4661654481066,0.0,-2.98249127649473,0.0,-4.97470394166794,0.0,17.4661654481066,,
LBR,Liberia,2021,62.3012684,0.0,16.4804415866455,5.43515850046016,4.98671283481617,0.0,2.7936852774608,0.0,21.9156000871056,,
LBY,Libya,2000,59.9294079,0.0,0.0243819376068251,0.0,3.6792704082,0.64878145322726,1.97930843294741,33.5852838997618,34.2584472905959,,
LBY,Libya,2001,,0.0,0.0366301530184635,0.0,-1.76283887062603,0.858452679296687,-3.55569593532938,29.4914880458031,30.3865708781182,,
LBY,Libya,2002,61.6683268,0.0,0.0622127196862004,0.0,-0.958897332849631,1.17058840670198,-2.84267783712218,48.3822928740602,49.6150940004484,,
LBY,Libya,2003,64.018579,0.0,0.0593117737934373,0.0,13.0160372478013,0.820892853183124,10.7838721756603,47.8421621561942,48.7223667831708,,
LBY,Libya,2004,65.6983682,0.0,0.0398855413348862,0.0,4.46163899648637,1.02085475369624,2.32576943782377,54.7869519679771,55.8476922630083,,
LBY,Libya,2005,69.9596963,0.0,0.0278309721711951,0.0,11.8707565226151,1.28973568533705,9.53922388994984,61.0171738102836,62.334740467791804,,
LBY,Libya,2006,69.252214,0.0,0.027406617469483,0.0,6.50052541959279,1.33425165972172,4.3383026664543,60.9295741290035,62.2912324061948,,
LBY,Libya,2007,74.4332991,0.0,0.0233291046717325,0.0,6.22998278561838,1.41426530663488,4.06916207450483,59.9292830144719,61.3668774257785,,
LBY,Libya,2008,74.7055542,0.0,0.0326259550260565,0.0,-0.162048238799883,1.21083129603755,-2.26034195363675,64.8164362995569,66.0598935506205,,
LBY,Libya,2009,74.8232345,0.0,0.0463801016367676,0.0,-4.4001817631021,1.77360153552263,-6.37107364350932,49.9122829981053,51.7322646352647,,
LBY,Libya,2010,57.7159861,0.0,0.04564164200233,0.0,5.0272476723775,1.39408948599556,2.90736772244718,54.526429982548,55.9661611105459,,
LBY,Libya,2011,37.9809248,0.0,0.0787430965478931,0.0,-50.3385151384986,1.15243299574461,-49.1278565212286,36.3305559734441,37.5617320657366,,
LBY,Libya,2012,38.9983835,0.0,0.0471390878188543,0.0,86.8267484395784,1.42580825881716,91.7813702690939,57.6300935046394,59.1030408512754,,
LBY,Libya,2013,33.3839125,0.0,0.0511875207182889,0.0,-17.9979615745681,1.88859809428919,-19.6276937990081,45.8016137051651,47.7413993201726,,
LBY,Libya,2014,27.1999666,0.0,0.0982474044007786,0.0,-23.0428058282215,2.28817061051005,-24.5110536856449,28.6305298163822,31.016947831293,,
LBY,Libya,2015,28.1427275,0.0,0.102943521305577,0.0,-0.842656252118843,1.86281114357274,-2.43005265175647,14.4264442000075,16.3921988648858,,
LBY,Libya,2016,27.3300687,0.0,0.0756973661667981,0.0,-1.4909411172622,1.37802629270615,-2.98083261952721,10.7931417666286,12.2468654255016,,
LBY,Libya,2017,26.7038179,0.0,0.0735583020106559,0.0,32.4918021862688,1.13858543021991,30.3950611263495,20.9466167504799,22.1587604827104,,
LBY,Libya,2018,26.8814768,0.0,0.0412422352220792,0.0,7.9413678529104,1.54108781216236,6.20327204937865,30.0345298438813,31.6168598912657,,
LBY,Libya,2019,27.3077464,0.0,0.0589350917271918,0.0,-11.1960828853386,1.68853062615573,-12.4989174222368,32.7515623093831,34.4990280272661,,
LBY,Libya,2020,27.9189568,0.0,0.0686866900036121,0.0,-29.4552967282824,2.16630490857925,-30.4001717408883,9.24399152945122,11.4789831280341,,
LBY,Libya,2021,28.1965038,0.0,0.0765423782704484,0.0,28.2996823429147,4.58022937363502,26.6853936559494,56.3779371892049,61.0347089411103,,
LIE,Liechtenstein,2000,87.2297648,,0.00936390166869675,0.0,3.22019308239609,,1.87954790344263,,0.00936390166869675,,
LIE,Liechtenstein,2001,,,0.00843356599945969,0.0,-0.733092455297992,,-2.37488109909029,,0.00843356599945969,,
LIE,Liechtenstein,2002,87.2669651,,0.00940294319900605,0.0,-0.993919947159299,,-2.46311446328741,,0.00940294319900605,,
LIE,Liechtenstein,2003,88.4028693,,0.00882996396874573,0.0,-1.93756534125014,,-3.04540410833893,,0.00882996396874573,,
LIE,Liechtenstein,2004,85.4818525,,0.0068004142295357,0.0,3.03917210306501,,1.93839655413686,,0.0068004142295357,,
LIE,Liechtenstein,2005,88.5192565,,0.00660421107495562,0.0,4.82807677743524,,3.90506605911179,,0.00660421107495562,,
LIE,Liechtenstein,2006,88.5784579,,0.00842264824176702,0.0,8.64496857267281,,7.76432322419438,,0.00842264824176702,,
LIE,Liechtenstein,2007,88.6762245,,0.00943234681920636,0.0,3.325963509369,,2.66666052628214,,0.00943234681920636,,
LIE,Liechtenstein,2008,88.6641837,,0.0109235111204393,0.0,1.79808847836411,,1.19257451932671,,0.0109235111204393,,
LIE,Liechtenstein,2009,94.0717093,,0.00978668467181032,0.0,-1.15748291975636,,-1.90138748845943,,0.00978668467181032,,
LIE,Liechtenstein,2010,93.9913882,,0.00924063538213154,0.0,,,,,0.00924063538213154,,
LIE,Liechtenstein,2011,93.9183422,,0.00817289068062751,0.0,,,,,0.00817289068062751,,
LIE,Liechtenstein,2012,93.9106315,,0.00655238694776474,0.0,,,,,0.00655238694776474,,
LIE,Liechtenstein,2013,93.8870709,,0.0052938315075899,0.0,,,,,0.0052938315075899,,
LIE,Liechtenstein,2014,93.9684545,,0.00599288437231091,0.0,,,,,0.00599288437231091,,
LIE,Liechtenstein,2015,91.6125174,,0.00194110894161873,0.0,,,,,0.00194110894161873,,
LIE,Liechtenstein,2016,91.5542453,,0.00207232625568761,0.0,,,,,0.00207232625568761,,
LIE,Liechtenstein,2017,91.5613854,,0.00186506931005221,0.0,,,,,0.00186506931005221,,
LIE,Liechtenstein,2018,91.611607,,0.00327838093890037,0.0,,,,,0.00327838093890037,,
LIE,Liechtenstein,2019,93.9613195,,0.00179668932945333,0.0,,,,,0.00179668932945333,,
LIE,Liechtenstein,2020,93.9549258,,0.00147146668515006,0.0,,,,,0.00147146668515006,,
LIE,Liechtenstein,2021,92.9621278,,,,,,,,,,
LTU,Lithuania,2000,76.3153738,0.0,0.657243165462163,0.0,3.41862206571636,0.0,4.14861792867285,0.350374403020056,1.00761756848222,0.2,31.7
LTU,Lithuania,2001,,0.0,0.593577237447843,0.0,6.48412665187908,0.0,7.36519017903279,0.356954383456659,0.950531620904502,0.3,32.0
LTU,Lithuania,2002,81.760151,0.0,0.511066864176344,0.0,6.71983945103626,0.0,7.57999763692278,0.298245654690125,0.809312518866469,0.2,31.9
LTU,Lithuania,2003,82.9767008,0.0,0.495587211728695,0.0,10.5518959629574,0.0,11.4535417783581,0.236285179210918,0.731872390939613,0.1,35.5
LTU,Lithuania,2004,76.5936364,0.0,0.441751083809341,0.0,6.50203536075556,0.0,7.70478467031737,0.213297786959526,0.655048870768867,1.7,37.0
LTU,Lithuania,2005,79.8505305,0.0,0.391063533661301,0.0,7.7314467577492,0.0,9.50010821862925,0.199035520535653,0.590099054196955,1.1,35.3
LTU,Lithuania,2006,79.3745517,0.0,0.386222248962889,0.0,7.39548122468629,0.0,9.12367697158992,0.163827335648741,0.550049584611631,0.9,34.4
LTU,Lithuania,2007,79.803867,0.0,0.36899966627528,0.0,11.0779282578673,0.0,12.4053451378162,0.111123246183541,0.480122912458821,0.9,34.8
LTU,Lithuania,2008,78.7232645,0.0,0.319020219473437,0.0,2.59946154605602,0.0,3.66012476803633,0.120394867137278,0.439415086610715,0.9,35.7
LTU,Lithuania,2009,76.5492175,0.0,0.3303576107812,0.0,-14.8386117894848,0.0,-13.8877568111501,0.0715728904991753,0.401930501280375,1.4,37.2
LTU,Lithuania,2010,78.1245441,0.0,0.444399073634748,0.0,0.427199566550769,0.0,2.5553360476174,0.0803743997861436,0.524773473420892,1.1,33.6
LTU,Lithuania,2011,77.5833375,0.0,0.441104602702902,0.0,6.32363664821298,0.0,8.75223892258067,0.111619814532788,0.55272441723569,0.5,32.5
LTU,Lithuania,2012,78.1538117,0.0,0.405870637283716,0.0,4.38290584355157,0.0,5.74397608423232,0.0974715128859943,0.50334215016971,0.7,35.1
LTU,Lithuania,2013,82.7023413,0.0,0.377498286214361,0.0,4.04691318575325,0.0,5.026825169489,0.0739349105055915,0.451433196719953,0.5,35.3
LTU,Lithuania,2014,81.8925419,0.0,0.37324321317975,0.0,3.7725437958099,0.0,4.62035286553186,0.0624235150052519,0.435666728185002,0.8,37.7
LTU,Lithuania,2015,82.0275822,0.0,0.327502058308449,0.0,2.83280643343234,0.0,3.75632420325671,0.028369813462494,0.355871871770943,0.6,37.4
LTU,Lithuania,2016,82.2000022,0.0,0.319623616534637,0.0,2.67192215053329,0.0,3.87744054624235,0.0181352318557627,0.3377588483904,0.8,38.4
LTU,Lithuania,2017,81.1356801,0.0,0.385285598105187,0.0,4.61224310312809,0.0,5.88872606993294,0.0227232483962868,0.408008846501474,0.8,37.3
LTU,Lithuania,2018,81.3878711,0.0,0.351605803322247,0.0,4.91836780106811,0.0,5.79066548228593,0.0267898297704848,0.378395633092732,0.5,35.7
LTU,Lithuania,2019,82.6773936,0.0,0.317308048932071,0.0,4.67735183530451,0.0,4.97938353929399,0.0168744393867326,0.334182488318804,0.4,35.3
LTU,Lithuania,2020,85.5490156,0.0,0.302338974212566,0.0,0.0428158336981426,0.0,0.068446214406265,0.00844361118604004,0.310782585398606,0.2,36.0
LTU,Lithuania,2021,83.1660384,0.0,0.270178087184519,0.0,6.39481772930206,0.0,6.47017052787757,0.015948543146471,0.28612663033099,0.2,36.7
LUX,Luxembourg,2000,92.0898337,0.0,0.0190086228380903,0.0,6.93809504692074,0.0,5.51037466267064,0.0,0.0190086228380903,0.0,30.1
LUX,Luxembourg,2001,,0.0,0.0187875662300189,0.0,3.07427520210337,0.0,1.85449582849829,0.0,0.0187875662300189,0.0,30.9
LUX,Luxembourg,2002,92.1097765,0.0,0.0172526782204699,0.0,3.22528846998354,0.0,2.14948280766399,0.0,0.0172526782204699,0.0,31.1
LUX,Luxembourg,2003,88.8965549,0.0,0.0150664520035236,0.0,2.6192502126754,0.0,1.37976654261331,0.0,0.0150664520035236,0.0,30.2
LUX,Luxembourg,2004,84.5950629,0.0,0.00965720131113687,0.0,4.23067892192488,0.0,2.75969290542125,0.0,0.00965720131113687,0.0,30.2
LUX,Luxembourg,2005,87.2688953,0.0,0.009842585563947,0.0,2.48250499371829,0.0,0.926401620733969,0.0,0.009842585563947,0.0,30.8
LUX,Luxembourg,2006,89.1396483,0.0,0.0116592667887084,0.00923921679749266,6.01662739677904,0.0,4.33902205420004,0.0,0.0208984835862011,0.0,30.9
LUX,Luxembourg,2007,91.4252792,0.0,0.0145508924000938,0.0184112835674772,8.09852098069817,0.0,6.4418869874232,0.0,0.032962175967571,0.0,31.1
LUX,Luxembourg,2008,91.8217294,0.0,0.0142032529848065,0.161857407688261,-0.302272983306707,0.0,-2.0685335435922,0.0,0.176060660673067,0.0,32.6
LUX,Luxembourg,2009,91.3307206,0.0,0.01388653183711,0.152487610740538,-3.23895268839308,0.0,-5.01426169873878,0.0,0.166374142577648,0.0,31.2
LUX,Luxembourg,2010,91.3084854,0.0,0.0174728891170373,0.0554468546189907,3.76040578658925,0.0,1.88353964502777,0.0,0.072919743736028,0.0,30.5
LUX,Luxembourg,2011,89.4470454,0.0,0.015185232981227,0.0964425475476,1.0442860057217,0.0,-1.17681027678633,0.0,0.111627780528827,0.1,32.1
LUX,Luxembourg,2012,89.1924014,0.0,0.013340026610924,0.110975457226791,1.64971134354685,0.0,-0.762369570929096,0.0,0.124315483837715,0.0,34.3
LUX,Luxembourg,2013,88.3824739,0.0,0.0095537089381304,0.0559270910497059,3.17168513780955,0.0,0.814549354349651,0.0,0.0654807999878363,0.1,32.0
LUX,Luxembourg,2014,90.3386571,0.0,0.0116539868977013,0.0394707897033685,2.62308838097542,0.0,0.232566751606214,0.0,0.0511247766010698,0.1,31.2
LUX,Luxembourg,2015,90.0224852,0.0,0.0121647269251085,0.0,2.26836572735107,0.0,-0.116861972397984,0.0,0.0121647269251085,0.2,32.9
LUX,Luxembourg,2016,88.8816085,0.0,0.0100663139177463,0.0,4.97819047122638,0.0,2.73979183520059,0.0,0.0100663139177463,0.1,31.7
LUX,Luxembourg,2017,87.6143673,0.0,0.00960957126949073,0.0,1.31711942298405,0.0,-1.11617956345307,0.0,0.00960957126949073,0.2,34.5
LUX,Luxembourg,2018,88.1947317,0.0,0.0131614123128893,0.0,1.61129891211624,0.0,-0.329837078615427,0.0,0.0131614123128893,0.2,35.4
LUX,Luxembourg,2019,88.1954355,0.0,0.00887356762506664,0.0,2.74932091920692,0.0,0.752175646219683,0.0,0.00887356762506664,0.1,34.2
LUX,Luxembourg,2020,86.5719558,0.0,0.00666359766515693,0.0,-0.510051634039826,0.0,-2.15417448261604,0.0,0.00666359766515693,0.0,33.4
LUX,Luxembourg,2021,85.4536695,0.0,0.00475136757511518,0.0,6.92973270801744,0.0,5.31842935090185,0.0,0.00475136757511518,0.0,32.7
MAC,"Macao SAR, China",2000,73.3008642,0.0,0.00109989412783637,0.0,5.74714593475937,0.0,4.96128697751081,0.0,0.00109989412783637,,
MAC,"Macao SAR, China",2001,,0.0,0.0012515633431334,0.0,2.88824010651439,0.0,2.1057298683224,0.0,0.0012515633431334,,
MAC,"Macao SAR, China",2002,73.3380645,0.0,0.00129294906675416,0.0,8.90480904902596,0.0,7.78694490504645,0.0,0.00129294906675416,,
MAC,"Macao SAR, China",2003,82.5355617,0.0,0.00166554584265641,0.0,11.6433551416587,0.0,10.3346413302596,0.0,0.00166554584265641,,
MAC,"Macao SAR, China",2004,81.8950358,0.0,0.00142006573846366,0.0,26.6368742306114,0.0,23.5454528451709,0.0,0.00142006573846366,,
MAC,"Macao SAR, China",2005,87.3292532,0.0,0.000813289697051987,0.0,8.07794929953978,0.0,3.78678679303218,0.0,0.000813289697051987,,
MAC,"Macao SAR, China",2006,82.2129142,0.0,0.000762848827837186,0.0,13.3921711919351,0.0,7.61914824490131,0.0,0.000762848827837186,,
MAC,"Macao SAR, China",2007,72.2297829,0.0,0.000914438870209263,0.0,14.4817728129028,0.0,9.64668162095835,0.0,0.000914438870209263,,
MAC,"Macao SAR, China",2008,72.2194434,0.0,0.00134690575890845,0.0,3.39251560752048,0.0,-0.393635324657993,0.0,0.00134690575890845,,
MAC,"Macao SAR, China",2009,71.9194154,0.0,0.00122316242318777,0.0,1.29837946885112,0.0,2.37763323141643,0.0,0.00122316242318777,,
MAC,"Macao SAR, China",2010,71.8268485,0.0,0.000905336110860392,0.0,25.1031075246958,0.0,24.6371741633376,0.0,0.000905336110860392,,
MAC,"Macao SAR, China",2011,71.7426652,0.0,0.000918692177244038,0.0,21.6223064381087,0.0,18.8340221202044,0.0,0.000918692177244038,,
MAC,"Macao SAR, China",2012,71.7337777,0.0,0.000637773144866662,0.0,9.21747479596735,0.0,5.6980527343963,0.0,0.000637773144866662,,
MAC,"Macao SAR, China",2013,78.7618399,0.0,0.0005215709086089,0.0,10.7816711590297,0.0,6.28976356008269,0.0,0.0005215709086089,,
MAC,"Macao SAR, China",2014,85.3969638,0.0,0.000707754579992928,0.0,-2.03874227961819,0.0,-6.73432773895128,0.0,0.000707754579992928,,
MAC,"Macao SAR, China",2015,85.3687227,0.0,0.000676701941454292,0.0,-21.7540078753246,0.0,-24.3342148018188,0.0,0.000676701941454292,,
MAC,"Macao SAR, China",2016,88.3230692,0.0,0.000766339291005204,0.0,-0.701510212552961,0.0,-2.16245351057516,0.0,0.000766339291005204,,
MAC,"Macao SAR, China",2017,88.3316852,0.0,0.000816577243915305,0.0,9.91855844513513,0.0,10.6136017665803,0.0,0.000816577243915305,,
MAC,"Macao SAR, China",2018,85.4998719,0.0,0.000378495372010862,0.0,6.35917030567686,0.0,4.66426775869004,0.0,0.000378495372010862,,
MAC,"Macao SAR, China",2019,85.5180621,0.0,0.000345302748769397,0.0,-2.4609094006739,0.0,-4.36234107753577,0.0,0.000345302748769397,,
MAC,"Macao SAR, China",2020,83.9957362,0.0,0.00092361911978552,0.0,-54.4020925789353,0.0,-55.2935602758164,0.0,0.00092361911978552,,
MAC,"Macao SAR, China",2021,82.4442007,0.0,0.000724556273813068,0.0,22.4622020023362,0.0,22.9825542159725,0.0,0.000724556273813068,,
MDG,Madagascar,2000,66.8146201,0.0,3.28311953021778,0.000221203767551962,4.45685893956946,0.0,1.19450196549229,0.0,3.28334073398533,,
MDG,Madagascar,2001,,0.0,2.78738585949357,0.0,5.98023576982733,0.0,2.76590524360817,0.0,2.78738585949357,24.4,47.4
MDG,Madagascar,2002,61.7195306,0.0,3.50534579179508,0.0,-12.4079711055149,0.0,-14.9882005086862,0.0,3.50534579179508,,
MDG,Madagascar,2003,70.9088628,0.0,5.21855839818452,0.0,9.78489212474175,0.0,6.61414736438235,0.0,5.21855839818452,,
MDG,Madagascar,2004,65.5057168,0.0,6.15954217323474,0.000996170172693605,5.25700362208742,0.0,2.23191685103676,0.0,6.16053834340743,,
MDG,Madagascar,2005,65.1506297,0.0,5.46519263328718,0.000332965132044544,4.75584509499119,0.0,1.7317720668288,0.0,5.46552559841922,19.2,39.9
MDG,Madagascar,2006,68.2967239,0.0,5.62204187652251,0.00255770633458802,5.3985084485368,0.0,2.34726337803239,0.0,5.6245995828571,,
MDG,Madagascar,2007,67.6478127,0.0,6.43417442529821,7.30016306430093e-05,5.71056419885052,0.0,2.65309950729227,0.0,6.43424742692885,,
MDG,Madagascar,2008,57.6693465,0.0,5.80556100159194,0.00380437623857973,6.71263253913001,0.0,3.62579150838536,0.0,5.80936537783052,,
MDG,Madagascar,2009,52.7909371,0.0,6.87733920979639,0.00169970355308899,-3.9787086116544,0.0,-6.7569485520622,0.0,6.87903891334948,,
MDG,Madagascar,2010,45.9816577,0.0,5.68747856738867,0.120966458978006,0.619239744622121,0.0,-2.26580252727942,0.0,5.80844502636667,26.5,42.4
MDG,Madagascar,2011,52.1689055,0.000322260550655754,5.5749453029126,0.320174108110331,1.57842705366555,0.0,-1.26548226968092,0.0,5.89544167157359,,
MDG,Madagascar,2012,54.1014426,0.000419342345868383,6.40089316102634,0.289984667146829,3.01114811621208,0.0,0.20064094160324,0.0,6.69129717051904,29.3,42.6
MDG,Madagascar,2013,55.6094899,0.000503807061428649,6.23357590435031,0.540283265617823,2.30037622800727,0.0,-0.444341802421619,0.0,6.77436297702956,,
MDG,Madagascar,2014,56.2869548,0.000428259605667876,7.09219196743408,0.0,3.33920311195367,0.0,0.605710119846222,0.0862831212415832,7.17890334828133,,
MDG,Madagascar,2015,56.9033614,0.000163962299589566,8.54403808,0.0,3.13229807490305,0.0,0.445748708056158,0.065733337532039,8.60993537983163,,
MDG,Madagascar,2016,57.9323826,0.000131585329685599,8.71432923238448,0.0,3.99314606199499,0.0,1.31063593376801,0.058311086080069,8.77277190379424,,
MDG,Madagascar,2017,56.7554604,7.3058283026749e-06,7.5442035718252,0.0,3.93330759462793,0.0,1.26236994297058,0.0955254362506415,7.63973631390415,,
MDG,Madagascar,2018,52.8686191,0.0,4.70033922077114,0.340463533082977,3.19435651744398,0.0,0.542519018708518,0.129091659780245,5.16989441363436,,
MDG,Madagascar,2019,56.8504887,0.0,4.6145813792411,0.0,4.41123212909589,0.0,1.73013722889858,0.0932709055863001,4.7078522848274,,
MDG,Madagascar,2020,56.0780417,0.0,5.61001842847587,0.0,-7.13767162064489,0.0,-9.49182579621846,0.0494868182948729,5.65950524677075,,
MDG,Madagascar,2021,58.0152523,0.0,5.44735877336419,0.0,4.65068343174309,0.0,2.05115869903585,0.0838298700394072,5.5311886434036,27.6,36.8
MWI,Malawi,2000,52.4621197,0.0385169697693728,10.0316065352122,0.0,1.57607762616895,0.0,-0.830828162365975,0.0807881603585492,10.1509116653401,,
MWI,Malawi,2001,,0.0419802307583337,9.83604003142813,0.0,-4.97496361892476,0.0,-7.24640554406461,0.0598971612045519,9.93791742339101,,
MWI,Malawi,2002,64.9121312,0.01756687476736,5.75831892101349,0.0,1.70000003078317,0.0,-0.760072947056585,0.0310630990812267,5.80694889486208,,
MWI,Malawi,2003,62.1915516,0.0282565235614179,8.57947472563311,0.0,5.70563940467414,0.0,3.09254835285383,0.0344193619672947,8.64215061116182,,
MWI,Malawi,2004,63.5076735,0.0507704027095983,6.29604823305071,0.0,5.42049754993828,0.0,2.72895046279207,0.0452942648318498,6.39211290059216,32.4,39.9
MWI,Malawi,2005,65.2877266,0.0384324342348724,6.7175515938718,0.0,3.26872602317066,0.0,0.539880654549222,0.0685179503607441,6.82450197846741,,
MWI,Malawi,2006,64.6922893,0.0446080880730234,6.66514327958745,0.0,4.69999976404691,0.0,1.85481455109522,0.0748603124282387,6.78461168008871,,
MWI,Malawi,2007,64.8296715,0.0554261308582828,7.84517109886133,0.0,9.59999987683469,0.0,6.55134655734449,0.0787195782768977,7.97931680799651,,
MWI,Malawi,2008,62.2905599,0.102860825132369,8.53294920695495,0.0,7.63973639944591,0.0,4.5585561584534,0.0912165620723904,8.72702659415971,,
MWI,Malawi,2009,65.9627556,0.0289060472212568,6.97412824018488,0.0,8.3281098524038,0.0,5.17234875360792,0.0373878734787395,7.04042216088488,,
MWI,Malawi,2010,65.2834647,0.0626336908273944,5.88073470813202,0.0,6.87406585416142,0.0,3.76961752338009,0.0823566866553219,6.02572508561474,34.8,45.5
MWI,Malawi,2011,62.6375026,0.0680857990480494,5.79620379155834,0.0,4.93266999813729,0.0,1.91798932347378,0.112587609355475,5.97687719996186,,
MWI,Malawi,2012,64.4231567,0.0567668631872671,8.72012057939235,0.0302171189100718,1.90000000072909,0.0,-0.983601161818072,0.144130794366265,8.95123535585595,,
MWI,Malawi,2013,62.4233608,0.0471963118263986,9.9435549353807,0.0184093644950517,5.41034999817167,0.0,2.46076368480048,0.140975415777245,10.1501360274794,,
MWI,Malawi,2014,65.4039002,0.0298560004976618,9.47486222793018,0.0119433124737108,5.62527000105139,0.0,2.70386402914775,0.101801477666212,9.61846301856776,,
MWI,Malawi,2015,65.0017806,0.0184546431382984,8.82510366636224,0.0132948439407637,2.80000000003355,0.0,0.00792518281976129,0.0421572569811812,8.89901041042248,,
MWI,Malawi,2016,61.4907533,0.0179067532663158,10.8969752016762,0.00470271466065946,2.49999999914311,0.0,-0.256367435160101,0.0544029137872334,10.9739875833904,30.4,44.7
MWI,Malawi,2017,60.547837,0.0201542594156459,6.97709320669546,0.00647116186416923,4.00000000089172,0.0,1.22138049385239,0.0,7.00371862797528,,
MWI,Malawi,2018,59.2380506,0.0178482861472595,5.18922015689666,0.00107961049197648,4.35356471619211,0.0,1.60299745635619,0.0,5.20814805353589,,
MWI,Malawi,2019,61.0696748,0.0113816426802696,4.23066256836338,0.0017185595820268,5.71682519194337,0.0,2.9515101541935,0.0,4.24376277062568,33.8,38.5
MWI,Malawi,2020,64.5856591,0.00846742409376605,4.08779495626672,0.00301932289837063,0.793596429787286,0.0,-1.82835240679078,0.0,4.09928170325885,,
MWI,Malawi,2021,64.1376617,0.0166282857564063,4.20023001186865,0.00564591527235387,4.55829212016083,0.0,1.88076432929152,0.0,4.22250421289741,,
MYS,Malaysia,2000,66.1696616,0.00041713945272182,4.25633373605828,0.0117604999428554,8.85886816969386,3.29597588490104,6.33603610574379,5.00305271845637,12.5675399788113,,
MYS,Malaysia,2001,,0.0045386605815816,3.84919761755289,0.012576695625576,0.517675319192861,2.9945164708919,-1.86947729075297,3.80612191711308,10.666951361765,,
MYS,Malaysia,2002,72.1501143,0.000646918237038824,3.53468056133445,0.0146263688620715,5.39098830692797,2.47122884853955,2.87262555049826,3.7943040184147,9.81548671538781,,
MYS,Malaysia,2003,72.0732591,0.000273980909682817,4.92997906617167,0.0177561407310377,5.7884992858875,2.97162062750446,3.31466734765901,4.23640666645896,12.1560364817758,0.7,46.4
MYS,Malaysia,2004,68.5475826,0.00832402812714146,2.89831247323068,0.016595446281957,6.78343772370305,3.45269384358654,4.34321310786574,5.61137530219416,11.9873010934205,,
MYS,Malaysia,2005,72.8856908,0.00974663026118162,3.35021774131295,0.0337390898800391,5.33213916141486,3.40113242923192,2.97037127170485,7.08944062793991,13.884276518626,,
MYS,Malaysia,2006,69.4835894,0.0106744057710384,3.75990568321402,0.0309132491087826,5.5848470671515,2.655793721263,3.25940653936949,7.01882709402704,13.4761141533839,0.4,44.8
MYS,Malaysia,2007,68.5952334,0.0178770495644514,4.51490391769602,0.052471286446926,6.29878592740947,2.14793890756065,4.01330440274728,5.89566119166293,12.628852352931,,
MYS,Malaysia,2008,68.2010004,0.0441804095537564,4.11909757612888,0.0618600114951588,4.83176988913097,2.0355192417994,2.65806478779189,7.12611467503542,13.3867719140126,0.3,45.5
MYS,Malaysia,2009,66.3783031,0.0266907484328461,3.51056344704507,0.0464000773077083,-1.51352871598714,2.13948778482423,-3.45602642616269,3.92901312526175,9.65215518287161,,
MYS,Malaysia,2010,68.8887961,0.0471703338910635,2.9358826747592,0.166394103186287,7.42484738326097,1.83057086618171,5.43424070379723,4.63501988366743,9.61503786168569,,
MYS,Malaysia,2011,66.8902028,0.0699189725385976,2.26771749790281,0.334980850555972,5.29391283414003,1.79059723598374,3.46597439015295,5.48169161167852,9.94490616865965,0.1,43.6
MYS,Malaysia,2012,65.5582325,0.0391007523260482,2.28706087054873,0.2962320308496,5.47345419253853,1.68402080313272,3.69276569143121,4.89957757600977,9.20599203286687,,
MYS,Malaysia,2013,65.1626653,0.0271783392705705,2.11103457955223,0.301260578508611,4.69372252557893,1.68061798005116,2.91923259894287,4.34705959022544,8.46715106760802,0.0,41.3
MYS,Malaysia,2014,67.3972342,0.0195299738547053,2.50527420765292,0.1475068791475,6.00672194558203,2.11733139913897,4.20447757863825,3.85543153552736,8.64507399532146,,
MYS,Malaysia,2015,66.6594252,0.0115048278541161,1.77211285104809,0.152278270436555,5.09153242155011,2.76972655209539,3.28578556272301,1.86528956443024,6.5709120658644,0.0,41.1
MYS,Malaysia,2016,65.6238617,0.0114268952634963,1.61246329605266,0.0265438964182799,4.44978139761541,2.02024347199899,2.62004557566016,1.5297271888572,5.20040474859063,,
MYS,Malaysia,2017,65.6920105,0.0190568093450257,2.01543237647146,0.0616905603457848,5.81272240983328,2.06070771057807,3.96186564548185,2.07911297067253,6.23600042741287,,
MYS,Malaysia,2018,68.9172284,0.0177159930363127,1.97935469127175,0.00601473752423654,4.84308697634881,2.61106308483195,3.07401779071937,2.71329599019211,7.32744449685636,0.0,41.2
MYS,Malaysia,2019,68.6426383,0.016618676675233,1.78983852103498,0.0,4.41318742129586,2.55969990465384,2.75950122381441,1.83020222238435,6.19635932474839,,
MYS,Malaysia,2020,68.2870199,0.0143527755858021,1.86176683401628,0.0,-5.45684658426701,1.97988206097094,-6.7093351308522,0.685563649053848,4.54156531962687,,
MYS,Malaysia,2021,69.2442318,0.0252334817053191,1.70393676123606,0.0,3.31534954399166,3.34718425272374,2.13146199778431,1.84561185301968,6.92196634868479,0.0,40.7
MDV,Maldives,2000,85.2822728,0.0,0.00742343669238901,0.0,3.84581040832157,0.0,2.14940822069896,0.0,0.00742343669238901,,
MDV,Maldives,2001,,0.0,0.00541799207244732,0.0,-3.94363452271253,0.0,-5.53403935759995,0.0,0.00541799207244732,,
MDV,Maldives,2002,83.3741282,0.0,0.00534464674615868,0.0,7.26838656139654,0.0,5.48472446317076,0.0,0.00534464674615868,4.9,41.3
MDV,Maldives,2003,80.7824565,0.0,0.00515848513798669,0.0,13.7500496410836,0.0,11.879734886166,0.0,0.00515848513798669,,
MDV,Maldives,2004,72.1659148,0.0,0.00468462465671591,0.0,5.92489251113133,0.0,4.19516512399211,0.0,0.00468462465671591,,
MDV,Maldives,2005,77.3820053,0.0,0.00491991010429973,0.0,-11.1773097061784,0.0,-12.6312667876355,0.0,0.00491991010429973,,
MDV,Maldives,2006,77.0622035,0.0,0.00500854447381244,0.0,23.6302719852686,0.0,20.7066430063115,0.0,0.00500854447381244,,
MDV,Maldives,2007,65.9857935,0.0,0.00733172126018647,0.0,7.13338024717898,0.0,3.62432861281428,0.0,0.00733172126018647,,
MDV,Maldives,2008,63.1650337,0.0,0.00555485342934417,0.0,8.97645459033633,0.0,5.18657527149283,0.0,0.00555485342934417,,
MDV,Maldives,2009,63.9340559,0.0,0.00529407472213314,0.0,-8.34069861571051,0.0,-11.5265024869526,0.0,0.00529407472213314,3.2,38.4
MDV,Maldives,2010,63.4844032,0.0,0.00896594439349319,0.0,6.7854678229144,0.0,3.08074681818198,0.0,0.00896594439349319,,
MDV,Maldives,2011,61.0445392,0.0,0.00907113430846529,0.0,8.84342600490342,0.0,5.0911686527859,0.0,0.00907113430846529,,
MDV,Maldives,2012,60.3183628,0.0,0.00753577980631292,0.0,2.38928797963442,0.0,-1.08988000428648,0.0,0.00753577980631292,,
MDV,Maldives,2013,65.2306945,0.0,0.0053091845265809,0.0,6.97496226412528,0.0,3.43150186988382,0.0,0.0053091845265809,,
MDV,Maldives,2014,74.1023277,0.0,0.00517496156762446,0.0,7.86068643108074,0.0,4.32797689766733,0.0,0.00517496156762446,,
MDV,Maldives,2015,67.2967961,0.0,0.00586919819938419,0.0,3.86813536494475,0.0,0.341527920426657,0.0,0.00586919819938419,,
MDV,Maldives,2016,67.2458553,0.0,0.00663326999058831,0.0,6.37528306716864,0.0,2.73896015037067,0.0,0.00663326999058831,0.0,31.3
MDV,Maldives,2017,65.1568388,0.0,0.00525091904016801,0.0,7.07442863215275,0.0,3.57472677178792,0.0,0.00525091904016801,,
MDV,Maldives,2018,63.5712956,0.0,0.00258396462676911,0.0,8.5689555834747,0.0,5.16982903680598,0.0,0.00258396462676911,,
MDV,Maldives,2019,64.5089747,0.0,0.00274890529404401,0.0,6.92305989050099,0.0,3.71535274800274,0.0,0.00274890529404401,0.0,29.3
MDV,Maldives,2020,69.3736163,0.0,0.00502406983438185,0.0,-32.9088287752921,0.0,-34.8311671109222,0.0,0.00502406983438185,,
MDV,Maldives,2021,73.4620188,0.0,0.00370182242347212,0.0,37.507870124321,0.0,33.7685588624398,0.0,0.00370182242347212,,
MLI,Mali,2000,62.7476328,0.0,3.47770042617984,1.98597769271002,-0.736019992224286,0.0,-3.58595570324812,0.0,5.46367811888986,,
MLI,Mali,2001,,0.0,2.88841049747737,2.46418442782873,15.806031742271,0.0,12.37556659827,0.0,5.3525949253061,31.1,39.9
MLI,Mali,2002,68.8069565,0.0,3.09100668534988,3.72155380955355,3.03627540738884,0.0,-0.115608873309398,0.0,6.81256049490343,,
MLI,Mali,2003,67.2015884,0.0,4.02945114370306,1.27153977926327,9.79712256086644,0.0,6.36163328005934,0.0,5.30099092296633,,
MLI,Mali,2004,71.4787886,0.0,3.01889605723735,0.876718794578996,1.47732490290102,0.0,-1.75582979330909,0.0,3.89561485181635,,
MLI,Mali,2005,68.9328854,0.0,2.79148479768263,0.0,2.53837834888921,0.0,-0.765580835079675,0.0,2.79148479768263,,
MLI,Mali,2006,74.175261,0.0,2.5666241421107,4.84997517094625,3.68960265255278,0.0,0.343315236766117,0.0,7.41659931305695,25.7,38.9
MLI,Mali,2007,71.946324,0.0,3.11055598956912,4.75208548839515,1.76004607852802,0.0,-1.53137745711133,0.0,7.86264147796427,,
MLI,Mali,2008,71.1261117,0.0,3.14154205733775,3.77819115865768,3.63871070923719,0.0,0.288268761584348,0.0,6.91973321599543,,
MLI,Mali,2009,68.9224793,0.0,3.04049785349174,5.56653503531067,5.45473562683669,0.0,2.07458358714914,0.0,8.60703288880241,23.6,33.0
MLI,Mali,2010,63.668285,0.0,2.61018274612127,5.05956970490197,5.57678859793515,0.0,2.20222024826431,0.0,7.66975245102324,,
MLI,Mali,2011,52.7074764,0.0,2.51424462764592,6.39587096840698,2.93537897118415,0.0,-0.338811372741219,0.0,8.91011559605289,,
MLI,Mali,2012,32.3552637,0.0,3.03659941511685,9.07448874069243,-1.07239924147837,0.0,-3.9193056742574,0.0,12.1110881558093,,
MLI,Mali,2013,37.7728658,0.0,3.06807344266868,5.44508230561883,3.29068742053545,0.0,0.317423676450176,0.0,8.51315574828752,,
MLI,Mali,2014,38.7345769,0.0,3.31815719946539,3.9307637045793,6.50263878386326,0.0,3.18909645735663,0.0,7.24892090404468,,
MLI,Mali,2015,39.356533400000004,0.0,3.72747779347964,3.6996322116691,6.23887890181064,0.0,2.96620762301546,0.0,7.42711000514874,,
MLI,Mali,2016,39.6932356,0.0,3.66811544529244,5.32271470621413,6.00506308559498,0.0,2.70047363998611,0.0,8.99083015150657,,
MLI,Mali,2017,36.5372477,0.0,3.4182019270969,4.39794476162732,5.37554769647939,0.0,2.06891771151898,0.0,7.81614668872422,,
MLI,Mali,2018,33.8102693,0.0,2.36216326095172,5.38053448505117,4.86784999935264,0.0,1.64097526437071,0.0,7.74269774600288,7.2,36.0
MLI,Mali,2019,30.7915798,0.0,2.16801927523539,5.69040949691231,4.99999911699705,0.0,1.8782927302578,0.0,7.85842877214771,,
MLI,Mali,2020,30.714892,0.0,2.31221822320905,7.15745887818053,-1.16910834857605,0.0,-4.10679845683099,0.0,9.46967710138959,,
MLI,Mali,2021,26.0609877,0.0,2.23456673263579,16.1833154644134,3.10094124463507,0.0,-0.00652431025741862,0.0,18.4178821970492,9.6,35.7
MLT,Malta,2000,88.4792156,0.0,0.0,0.0,19.6812693530689,0.0,18.9114915732227,0.0,0.0,,
MLT,Malta,2001,,0.0,0.0,0.0,-0.757203651807174,0.0,-1.49983029433655,0.0,0.0,,
MLT,Malta,2002,87.6718127,0.0,0.0,0.0,2.74113503379645,0.0,1.97804075587469,0.0,0.0,,
MLT,Malta,2003,86.8485274,0.0,0.0,0.0,3.69331066307235,0.0,3.01352426839672,0.0,0.0,,
MLT,Malta,2004,81.1578896,0.0,0.0,0.0,0.407354423655889,0.0,-0.264750389042717,0.0,0.0,,
MLT,Malta,2005,85.064303,0.0,0.0,0.0,2.88123652429068,0.0,2.22751927185199,0.0107363531671732,0.0107363531671732,,
MLT,Malta,2006,84.0606479,0.0,0.0,0.0,2.33618870316785,0.0,1.96401854578517,0.0121328675494815,0.0121328675494815,0.3,28.0
MLT,Malta,2007,85.1109358,0.0,0.0,0.0,5.03640177981643,0.0,4.67072002776783,0.0056509041515729,0.0056509041515729,0.3,29.2
MLT,Malta,2008,86.3606069,0.0,0.0,0.0,4.41059689827608,0.0,3.73344898701311,0.00671337918398488,0.00671337918398488,0.1,29.0
MLT,Malta,2009,86.4002106,0.0,0.0,0.0,-1.39524956144803,0.0,-2.13584241113088,0.00417915639073977,0.00417915639073977,0.3,30.2
MLT,Malta,2010,86.6925621,0.0,0.0,0.0,6.19734978656928,0.0,5.6770056257412,0.0,0.0,0.1,29.0
MLT,Malta,2011,83.0115951,0.0,0.0,0.0,0.992201768011597,0.0,0.565202154513315,0.0,0.0,0.2,29.1
MLT,Malta,2012,83.1922518,0.0,0.0,0.0,4.10167460261891,0.0,3.16977888017695,0.0,0.0,0.1,29.4
MLT,Malta,2013,82.4967318,0.0,0.0,0.0,6.29233378116625,0.0,5.09582254051386,0.0,0.0,0.0,28.8
MLT,Malta,2014,83.8064293,0.0,0.0,0.0,7.6313628225042,0.0,5.47839291832402,0.0,0.0,0.0,29.0
MLT,Malta,2015,82.1340467,0.0,0.0,0.0,9.62070302842181,0.0,6.97062709797696,0.0,0.0,0.1,29.4
MLT,Malta,2016,81.8977808,0.0,0.0,0.0,4.07800422216982,0.0,1.72282160938224,0.0,0.0,0.1,29.1
MLT,Malta,2017,84.3908285,0.0,0.0,0.0,12.9713425287845,0.0,9.92374329605097,0.0,0.0,0.1,29.2
MLT,Malta,2018,84.8913894,0.0,0.0,0.0,7.18921425536917,0.0,3.4685156198008,0.0,0.0,0.1,28.7
MLT,Malta,2019,81.5983506,0.0,0.0,0.0,4.0850557312243,0.0,-0.0478839092805288,0.0,0.0,0.2,31.0
MLT,Malta,2020,82.8302159,0.0,0.0,0.0,-3.45728232537419,0.0,-5.62564948135554,0.0,0.0,0.2,31.4
MLT,Malta,2021,81.8116195,0.0,0.0,0.0,13.3509818925498,0.0,12.7690777878809,0.0,0.0,0.0,31.6
MHL,Marshall Islands,2000,,,0.0,0.0,2.45443006851272,,1.43606867628043,,0.0,,
MHL,Marshall Islands,2001,,,0.0,0.0,6.93004446202892,,6.05783765607725,,0.0,,
MHL,Marshall Islands,2002,,,0.0,0.0,3.63579015049041,,3.02717549564456,,0.0,,
MHL,Marshall Islands,2003,82.1460909,,0.0,0.0,-1.56167510462087,,-1.96961874271634,,0.0,,
MHL,Marshall Islands,2004,82.0790764,,0.0,0.0,-0.408355471416314,,-0.700644285464008,,0.0,,
MHL,Marshall Islands,2005,82.4735879,,0.0,0.0,1.79104477611941,,1.56552229029398,,0.0,,
MHL,Marshall Islands,2006,82.6401711,,0.0,0.0,0.175953079178882,,0.0102519719929859,,0.0,,
MHL,Marshall Islands,2007,82.9152703,,0.0,0.0,3.68852459016394,,3.60283982880377,,0.0,,
MHL,Marshall Islands,2008,82.8813889,,0.0,0.0,-7.56634669678148,,-7.5574639701523,,0.0,,
MHL,Marshall Islands,2009,93.0361937,,0.0,0.0,3.66524129505193,,3.68716247105003,,0.0,,
MHL,Marshall Islands,2010,88.9591624,,0.0,0.0,5.53918680023571,,5.48848970412462,,0.0,,
MHL,Marshall Islands,2011,92.6829837,,0.0,0.0,-0.502512562814076,,-0.239905288671963,,0.0,,
MHL,Marshall Islands,2012,92.6652257,,0.0,0.0,-1.29068462401796,,-0.35386854623583,,0.0,,
MHL,Marshall Islands,2013,92.610966,,0.0,0.0,3.80898237635019,,5.32061452634225,,0.0,,
MHL,Marshall Islands,2014,92.7983956,,0.0,0.0,-1.25958378970427,,0.495281427303354,,0.0,,
MHL,Marshall Islands,2015,85.4101354,,0.0,0.0,1.88574597892401,,3.96521735177255,,0.0,,
MHL,Marshall Islands,2016,80.9676706,,0.0,0.0,2.5040827436037,,4.84812588584671,,0.0,,
MHL,Marshall Islands,2017,85.3421489,,0.0,0.0,3.55815188528943,,6.18444127953049,,0.0,,
MHL,Marshall Islands,2018,85.408926,,0.0,0.0,5.48717948717949,,8.38496134170197,,0.0,,
MHL,Marshall Islands,2019,85.5530879,,0.0,0.0,10.4521147301896,,13.6597363046024,,0.0,0.4,35.5
MHL,Marshall Islands,2020,83.6500012,,0.0,0.0,-2.77288732394366,,0.18904949035759,,0.0,,
MHL,Marshall Islands,2021,83.0547911,,0.0,0.0,2.15939339067452,,5.4661699940084,,0.0,,
MRT,Mauritania,2000,65.2544021,2.03141338076991,1.24345946403152,0.0,-3.91802587923293,0.0,-6.555624764896,0.0,3.27487284480144,9.6,39.0
MRT,Mauritania,2001,,2.58932160062699,1.25845204776429,2.91713865493167,-0.799493815789347,0.0,-3.21840326025114,0.0,6.76491230332295,,
MRT,Mauritania,2002,67.3750964,2.73071651595988,1.5273013191166,3.41553456781853,1.38148396199058,0.0,-0.835751864319576,0.0,7.673552402895,,
MRT,Mauritania,2003,60.9580345,2.10232364238981,2.35775217712206,0.0,6.92826955106302,0.0,4.50921935163325,0.0,4.46007581951187,,
MRT,Mauritania,2004,60.5457189,2.35598406080186,1.91936936100957,4.58471568993541,4.7327579245203,0.0,2.30058501496531,0.0,8.86006911174684,8.0,40.2
MRT,Mauritania,2005,58.5456992,4.08895330007849,1.5752349600215,13.7221336248001,8.56628724906668,0.0,5.96595707845833,0.0,19.3863218849001,,
MRT,Mauritania,2006,68.1309368,3.53662207542126,1.21825170069606,9.43504416149917,18.3331987597713,0.0,15.4039449751116,11.4339025984773,25.6238205360937,,
MRT,Mauritania,2007,63.1820077,2.26137529725392,1.68693825246156,22.1956263712932,-1.96942275160761,0.0,-4.48587323087267,5.94490221432553,32.0888421353342,,
MRT,Mauritania,2008,54.2129752,6.4404399840998,1.6592415477119,24.8341508830955,-0.331079195278377,0.0,-3.15557607122382,5.46163646578312,38.3954688806903,5.2,35.7
MRT,Mauritania,2009,56.2856156,4.09870414799325,1.95798771313435,12.1291121702343,0.0978758719728035,0.0,-2.9856873273381,2.65898185019521,20.8447858815571,,
MRT,Mauritania,2010,51.9662955,4.56933510281066,1.44705432027677,24.8231169137448,2.62022952055378,0.0,-0.603277353696114,2.43044511982911,33.2699514566613,,
MRT,Mauritania,2011,48.7542918,5.02486052168533,1.39659717176728,21.6240890250926,4.17278328304418,0.0,0.84650929364669,2.80489508955736,30.8504418081025,,
MRT,Mauritania,2012,47.1205717,2.41583961574517,1.65507065930211,15.0678055719528,4.47001318233693,0.0,1.11502443614368,2.34921054003086,21.4879263870309,,
MRT,Mauritania,2013,46.4306834,1.63001628883715,1.62559299471304,11.7555338282219,4.15081318627171,0.0,0.93552130503231,1.92187619455113,16.9330193063232,,
MRT,Mauritania,2014,52.8916382,1.4942762150545,2.03062930758937,8.172368029958,4.27482327130284,0.0,1.18070234091525,1.48326200444495,13.1805355570468,2.8,32.6
MRT,Mauritania,2015,52.6303564,1.02486804494166,2.35151885988211,2.30112030205658,5.37633923694936,0.0,2.25580164145644,0.513819837621705,6.19132704450206,,
MRT,Mauritania,2016,50.4090035,0.920132418687253,2.41653389337466,4.30137214819587,1.26090922448303,0.0,-1.7297966805089,0.407544888538057,8.04558334879584,,
MRT,Mauritania,2017,52.8476838,1.25601532337934,2.19988404954931,5.09937446035893,6.27054569386574,0.0,3.14237150374205,0.541318938190263,9.09659277147784,,
MRT,Mauritania,2018,53.1083901,1.11226349111224,1.32088783975869,0.375158670165074,4.77217363890155,0.0,1.70257045496822,0.0,2.808310001036,,
MRT,Mauritania,2019,54.8692793,0.784232241959444,1.22286017311381,0.604821746996996,3.14100489264639,0.0,0.13930852413786,0.0,2.61191416207025,2.5,32.0
MRT,Mauritania,2020,55.1954098,0.513765063076087,1.31625487949524,0.608689097089833,-0.36065738652286,0.0,-3.22895410826938,0.0,2.43870903966116,,
MRT,Mauritania,2021,56.9739921,0.670017115111406,1.19369920050682,9.58503577077492,0.7427154981402,0.0,-2.12417720362249,0.0,11.4487520863931,,
MUS,Mauritius,2000,77.3967245,0.0,0.0117784211704657,0.0,8.20279174865273,0.0,7.14471594691585,0.0,0.0117784211704657,,
MUS,Mauritius,2001,,0.0,0.0117589422349643,0.0,3.3475407273143,0.0,2.53426285301911,0.0,0.0117589422349643,,
MUS,Mauritius,2002,81.8270391,0.0,0.0113185119211624,0.0,1.61491865862438,0.0,0.91191021688131,0.0,0.0113185119211624,,
MUS,Mauritius,2003,80.5572561,0.0,0.010684499152159,0.0,5.9254454894774,0.0,5.16167044757967,0.0,0.010684499152159,,
MUS,Mauritius,2004,79.0443951,0.0,0.00681953407733824,0.0,4.33001985464323,0.0,3.67780930188415,0.0,0.00681953407733824,,
MUS,Mauritius,2005,83.6511798,0.0,0.00657606583814967,0.0,1.77754302034465,0.0,1.17669908705355,0.0,0.00657606583814967,,
MUS,Mauritius,2006,81.1222796,0.0,0.00816434745435896,0.0,4.86554460775534,0.0,4.3775868209086,0.0,0.00816434745435896,0.2,35.7
MUS,Mauritius,2007,83.4216048,0.0,0.00837909473560662,0.0,5.76380219453068,0.0,5.28311581104207,0.0,0.00837909473560662,,
MUS,Mauritius,2008,83.6512498,0.0,0.00857162807576386,0.0,5.4630565042284,0.0,5.08235833519142,0.0,0.00857162807576386,,
MUS,Mauritius,2009,75.6927955,0.0,0.0114110119806519,0.0,3.36352090607312,0.0,3.08941590518148,0.0,0.0114110119806519,,
MUS,Mauritius,2010,74.4774704,0.0,0.00683190038274732,0.0,4.39672657214976,0.0,4.14867580867737,0.09058786343855,0.0974197638212974,,
MUS,Mauritius,2011,73.9535248,0.0,0.00464600285197656,0.0,4.14555262561014,0.0,3.9789069685684,0.109303420945243,0.11394942379722,,
MUS,Mauritius,2012,84.1734668,0.0,0.00374494316096804,0.0,3.51062090167264,0.0,3.22396185289575,0.09302537199132,0.0967703151522881,0.2,38.5
MUS,Mauritius,2013,83.884318,0.0,0.00186065972558228,0.0,3.39755085220649,0.0,3.14746046384803,0.075948511699122,0.0778091714247043,,
MUS,Mauritius,2014,79.7239935,0.0,0.00123621259447728,0.0,3.85773905280689,0.0,3.66990365786847,0.0823071655778768,0.0835433781723541,,
MUS,Mauritius,2015,83.3998001,0.0,0.00114133236981235,0.0,3.71766362108832,0.0,3.58042781630353,0.0268410183705881,0.0279823507404004,,
MUS,Mauritius,2016,83.5116163,0.0,0.00365434846511541,0.0,3.88576121076034,0.0,3.81440765602909,0.0234690891049759,0.0271234375700913,,
MUS,Mauritius,2017,83.2235368,0.0,0.00339252211144264,0.0,3.95441730960265,0.0,3.86072669871569,0.0,0.00339252211144264,0.1,36.8
MUS,Mauritius,2018,81.2539224,0.0,0.00240720178247387,0.0,4.11669369456492,0.0,4.05992866276578,0.0,0.00240720178247387,,
MUS,Mauritius,2019,81.7653421,0.0,0.00235978741871314,0.0,2.86394938684734,0.0,2.83079852696363,0.0,0.00235978741871314,,
MUS,Mauritius,2020,81.7603303,0.0,0.00262996135685098,0.0,-14.1974358137792,0.0,-14.1994012536253,0.0,0.00262996135685098,,
MUS,Mauritius,2021,81.7194933,0.0,0.00271526913227865,0.0,3.33809084057279,0.0,3.31197751733502,0.0,0.00271526913227865,,
MEX,Mexico,2000,64.7382969,0.0010126660789203,0.0684645024890943,0.0689659453339466,5.02928399378261,0.101366224193813,3.42140514214798,3.33837327328532,3.5781826113811,5.8,53.4
MEX,Mexico,2001,,0.0069582517531789,0.0647583327720538,0.0450579079364883,-0.450845253215945,0.0922107414251373,-1.9162965888934,2.39265778309786,2.60164301698472,,
MEX,Mexico,2002,63.5233937,0.00261380116904821,0.0647831387815131,0.0472079727522801,-0.236588001922641,0.0725730429832139,-1.66063053524651,2.56123107950286,2.74840903518892,4.0,50.6
MEX,Mexico,2003,64.3154965,0.00418837848129839,0.0676496208835113,0.0535750541612422,1.18554486709559,0.0614333225948134,-0.219450145073267,3.17250156374492,3.35934793986578,,
MEX,Mexico,2004,63.2658988,0.0273022630858051,0.0626746292053891,0.131562167776797,3.56544102622887,0.0603358045511139,2.16106231298699,3.91311549345697,4.19499035807608,3.9,50.3
MEX,Mexico,2005,59.7670661,0.0295646975447426,0.0564561704190723,0.194879672775774,2.11324711473297,0.107040373383792,0.745413240991311,5.19854636227176,5.58648727639514,4.2,50.9
MEX,Mexico,2006,55.7107036,0.0355247371379613,0.0676935775602247,0.349434675566359,4.80501351664901,0.150480549487065,3.39577676474912,5.53800257872389,6.1411361184755,2.9,49.7
MEX,Mexico,2007,55.0710677,0.0352874169588699,0.0665473983471124,0.396355351677486,2.0778639395329,0.177822600392634,0.650788705758472,5.08084054962981,5.75685331700591,,
MEX,Mexico,2008,53.1598894,0.106680413833219,0.0693930826594843,0.333187525650902,0.943331872912935,0.187206346731322,-0.519889915451088,6.04436562265737,6.7408329915323,3.3,50.8
MEX,Mexico,2009,52.3836707,0.0535139993276361,0.0746356501956864,0.307378174721435,-6.29525056697287,0.301071991179704,-7.65517174021555,3.43604404491316,4.17264386033762,,
MEX,Mexico,2010,51.8378367,0.0796871696268284,0.132266727975207,0.502379057813547,4.9713345832195,0.152145470781719,3.47084287436401,4.0853189393579,4.9517973655552,2.6,47.7
MEX,Mexico,2011,53.5075478,0.132625302569202,0.100903566829113,0.872067632421353,3.44404505297089,0.291352067275173,1.99026327309548,5.72990793071681,7.12685649981166,,
MEX,Mexico,2012,52.2117256,0.0594435226719813,0.0978850771398704,0.795322265347299,3.55321076010608,0.292312698627022,2.15731830473833,5.40265415074589,6.64761771453207,2.2,49.6
MEX,Mexico,2013,52.1530435,0.0394965314684216,0.120316401596808,0.59037542903202,0.852101550164704,0.294655512434139,-0.447810747405228,4.59508453903103,5.63992841356242,,
MEX,Mexico,2014,49.5018886,0.0296217542584092,0.144244778895991,0.414931244421241,2.50376350783593,0.253327765301614,1.27091421020926,3.9014361869158,4.74356172979305,2.1,48.9
MEX,Mexico,2015,50.6531064,0.0146209134508051,0.128024371752287,0.36391708177676,2.70232343024026,0.130969772345063,1.6097101105377,1.54607339138936,2.18360553071428,,
MEX,Mexico,2016,51.64984,0.02079440539794,0.184353917127319,0.477374396002239,1.7724932254128,0.0555286615814859,0.790955203187124,1.23719531597201,1.97524669608099,1.2,46.9
MEX,Mexico,2017,48.0339505,0.0246410567158187,0.165514971862054,0.555632855528948,1.87172854648381,0.0594559535085476,0.923425371780112,1.55624412694841,2.36148896456378,,
MEX,Mexico,2018,50.0543383,0.025196241296921,0.114434607692261,0.423822774241611,1.97208211101069,0.120301873913526,1.01136623366224,2.20735150189898,2.8911069990433,1.0,46.0
MEX,Mexico,2019,50.5648971,0.0153902956410095,0.102118280293066,0.274036355521412,-0.392690513290532,0.117422243869392,-1.33462177697962,1.58229584530394,2.09126302062882,,
MEX,Mexico,2020,52.6169798,0.0111313464432547,0.147032678491114,0.464219554964667,-8.35403459379062,0.0700656490052309,-9.10287155806593,0.867384554620089,1.55983378352436,1.2,44.6
MEX,Mexico,2021,53.3188388,0.0161205544445626,0.105388324112049,1.36465937318187,6.04848347173572,0.0909613894136,5.34306680540892,2.06594374719816,3.64307338835023,,
FSM,"Micronesia, Fed. Sts.",2000,,,0.0074641058190842,0.0,4.62454546471687,0.0,4.28464922262306,,0.0074641058190842,,
FSM,"Micronesia, Fed. Sts.",2001,,,0.00857109008570517,0.0,1.82016351571185,0.0,1.52928759804583,,0.00857109008570517,,
FSM,"Micronesia, Fed. Sts.",2002,,,0.00973310065295731,0.0,0.4432199530481,0.0,0.36908090872447,,0.00973310065295731,,
FSM,"Micronesia, Fed. Sts.",2003,73.9578635,,0.0142734119946187,0.0,1.76275629920303,0.0,1.91048154546718,,0.0142734119946187,,
FSM,"Micronesia, Fed. Sts.",2004,78.6281558,,0.016520240050047,0.0,-3.19037831026102,0.0,-2.87899601132597,,0.016520240050047,,
FSM,"Micronesia, Fed. Sts.",2005,84.3472533,,0.01068453390706,0.0,2.7434627349036,0.0,3.21654818694653,,0.01068453390706,3.9,42.4
FSM,"Micronesia, Fed. Sts.",2006,84.3897745,,0.0124872726970928,0.0,-0.413223140495873,0.0,0.201049259643597,,0.0124872726970928,,
FSM,"Micronesia, Fed. Sts.",2007,84.4599936,,0.0189088329318677,0.0,-1.65975103734441,0.0,-0.899914202895062,,0.0189088329318677,,
FSM,"Micronesia, Fed. Sts.",2008,84.4513451,,0.0319934852578765,0.0,-2.53164556962025,0.0,-1.6870200410321,,0.0319934852578765,,
FSM,"Micronesia, Fed. Sts.",2009,90.3980088,,0.0289115684176353,0.0,1.29870129870129,0.0,2.21732101369363,,0.0289115684176353,,
FSM,"Micronesia, Fed. Sts.",2010,86.5439215,,0.0272732816714997,0.0,1.7094017094017,0.0,2.1037928244549,,0.0272732816714997,,
FSM,"Micronesia, Fed. Sts.",2011,84.363503,,0.0354254343191027,0.0,3.78151260504202,0.0,3.62925834784508,,0.0354254343191027,,
FSM,"Micronesia, Fed. Sts.",2012,84.3539664,,0.0282034652210159,0.0,-1.61943319838058,0.0,-1.79451030307897,,0.0282034652210159,,
FSM,"Micronesia, Fed. Sts.",2013,84.3248286,,0.0266740121867941,0.0,-3.70370370370371,0.0,-3.90944028072801,,0.0266740121867941,9.0,40.1
FSM,"Micronesia, Fed. Sts.",2014,84.2265786,,0.0406003278508593,0.0,-2.56410256410257,0.0,-2.81129684982227,,0.0406003278508593,,
FSM,"Micronesia, Fed. Sts.",2015,84.204229,,0.032192134954101,0.0,4.3859649122807,0.0,4.0787101496705,,0.032192134954101,,
FSM,"Micronesia, Fed. Sts.",2016,84.1485789,,0.0360496232316334,0.0,1.26050420168067,0.0,0.927224155763625,,0.0360496232316334,,
FSM,"Micronesia, Fed. Sts.",2017,84.1553979,,0.0385320066214341,0.0,2.07468879668049,0.0,1.69615440576835,,0.0385320066214341,,
FSM,"Micronesia, Fed. Sts.",2018,86.4923385,,0.0165045161037463,0.0,0.406504065040664,0.0,0.0155080252273621,,0.0165045161037463,,
FSM,"Micronesia, Fed. Sts.",2019,83.1362703,,0.0147433271606052,0.0,3.64372469635627,0.0,3.29317692508138,,0.0147433271606052,,
FSM,"Micronesia, Fed. Sts.",2020,85.0374541,,0.0200730721927284,0.0,-2.05703124999999,0.0,-2.61687691868171,,0.0200730721927284,,
FSM,"Micronesia, Fed. Sts.",2021,86.8511665,,0.0178477556025635,0.0,3.09969928290539,0.0,2.445766552558,,0.0178477556025635,,
MDA,Moldova,2000,60.2820917,0.0,0.268480210772503,0.0,2.10771608200733,0.000285725649604128,2.31558560482232,0.0462293945531825,0.314995330975289,13.2,36.4
MDA,Moldova,2001,,0.0,0.186926611436212,0.0,6.10000039929173,0.000481167467549749,6.33753269392803,0.027932952617252,0.215340731521014,9.7,38.0
MDA,Moldova,2002,64.4895512,0.0,0.203024388166527,0.0,7.79999965773833,0.00032394599072994,8.04993224916466,0.0246158649690204,0.227964199126278,5.1,35.8
MDA,Moldova,2003,61.6463103,0.0,0.236771215774469,0.0,6.59999995777716,0.00023710532933596,6.90061128351323,0.0230683030184434,0.260076624122249,2.0,34.9
MDA,Moldova,2004,60.8082289,0.0,0.188553996194082,0.0,7.39999973358189,0.000279690183575359,7.66608705336095,0.0224885889043192,0.211322275281976,2.6,35.0
MDA,Moldova,2005,59.6630955,0.0,0.156357384996323,0.0,7.5000001493726,0.000207022589008672,7.76188624467986,0.0375729585706165,0.194137366155948,4.3,36.3
MDA,Moldova,2006,62.2849093,0.0,0.172095276465195,0.0,4.79999983670831,0.0954620566988178,5.09166801572276,0.0298150598802193,0.297372393044233,0.8,35.4
MDA,Moldova,2007,66.9085826,0.0,0.147510393453266,0.0,3.00000022585525,0.00016207200152596,3.238946835622,0.0519331771812052,0.199605642635997,0.4,34.4
MDA,Moldova,2008,61.7808604,0.0,0.120457000877806,0.0,7.80000014541523,0.000267087056866113,8.00539195483559,0.104253032464958,0.22497712039963,0.3,34.7
MDA,Moldova,2009,60.9238713,0.0,0.136743347235972,0.0,-6.00000026352828,0.000335684408541058,-5.88123771461969,0.0709039203172028,0.207982951961716,0.2,32.9
MDA,Moldova,2010,64.6216398,0.0,0.0913786171518213,0.0,7.10000010705836,8.82226050062812e-05,7.20697461136707,0.0410121464400827,0.13247898619691,0.2,32.1
MDA,Moldova,2011,68.4446711,0.0,0.102797843282732,0.0,5.81816614684824,7.48602823163864e-05,5.87938512338968,0.0658151040070292,0.168687807572078,0.1,30.6
MDA,Moldova,2012,68.2618074,0.0,0.116366132840054,0.0,-0.589733954762579,0.000151449004696691,-0.576700868382531,0.0520121651564088,0.168529747001159,0.1,29.2
MDA,Moldova,2013,68.4584132,0.0,0.242647103892061,0.0,9.0438656074181,0.000136316341731475,9.0730755766005,0.0398922117138423,0.282675631947635,0.0,28.5
MDA,Moldova,2014,64.547656,0.0,0.275155591837714,0.0,4.99962585407656,7.29195979032618e-05,5.06366581042911,0.0299660461211061,0.305194557556724,0.0,26.8
MDA,Moldova,2015,62.9658024,0.0,0.31600770734607,0.0,-0.338235622387202,6.62200174007279e-05,0.429158887977096,0.0136446165022722,0.329718543865743,0.0,27.0
MDA,Moldova,2016,62.7463209,0.0,0.259923223099085,0.0,4.64601436259409,5.04397625609019e-05,5.87017576429136,0.00862196490392666,0.268595627765572,0.1,26.3
MDA,Moldova,2017,62.7882699,0.0,0.251239502377678,0.0,4.17561205106279,5.84473503480182e-05,5.99041199822246,0.00923649995277875,0.260534449680804,0.0,25.9
MDA,Moldova,2018,61.8237471,0.0,0.249202760058751,0.0,4.07559546585034,7.31336242755443e-05,5.92036718190722,0.0127635798638785,0.262039473546905,0.0,25.7
MDA,Moldova,2019,63.3755268,0.0,0.239470257131583,0.0,3.5523140853476,3.54706880923648e-05,5.22280984962049,0.0102511321031361,0.249756859922812,0.0,26.0
MDA,Moldova,2020,63.3477077,0.0,0.239746987888132,0.0,-8.27597831976949,1.97113564430777e-06,-7.26326976771907,0.00619089364526559,0.245939852669041,0.0,25.0
MDA,Moldova,2021,65.1228447,0.0,0.224174207052017,0.0,13.9299997889786,6.08786635979016e-05,15.6557976122015,0.0117069637364196,0.235942049452034,0.0,25.7
MCO,Monaco,2000,,,0.0,0.0,3.91022992758094,,3.76615473587731,,0.0,,
MCO,Monaco,2001,,,0.0,0.0,2.18773369040099,,2.21292868129454,,0.0,,
MCO,Monaco,2002,,,0.0,0.0,1.02649757327522,,1.10439722287524,,0.0,,
MCO,Monaco,2003,82.1460909,,0.0,0.0,1.08753654746801,,1.23741613461443,,0.0,,
MCO,Monaco,2004,81.5812212,,0.0,0.0,2.47048260499609,,2.68299142149206,,0.0,,
MCO,Monaco,2005,81.7687413,,0.0,0.0,1.89541410859198,,2.20227083533935,,0.0,,
MCO,Monaco,2006,81.8479214,,0.0,0.0,5.81764849670007,,6.32268952424462,,0.0,,
MCO,Monaco,2007,81.9786827,,0.0,0.0,14.4375144375144,,15.2283004153469,,0.0,,
MCO,Monaco,2008,81.9625782,,0.0,0.0,0.746871215179652,,0.750035773265338,,0.0,,
MCO,Monaco,2009,82.1522113,,0.0,0.0,-11.3369865758365,,-12.7834725197235,,0.0,,
MCO,Monaco,2010,81.9672295,,0.0,0.0,2.06521962654098,,-0.393849531303786,,0.0,,
MCO,Monaco,2011,81.7990014,,0.0,0.0,7.02235694617619,,4.5537743299959,,0.0,,
MCO,Monaco,2012,81.7812433,,0.0,0.0,1.01221841230461,,-1.21400229828895,,0.0,,
MCO,Monaco,2013,81.7269836,,0.0,0.0,9.57709832354816,,7.3019059415093,,0.0,,
MCO,Monaco,2014,81.9144132,,0.0,0.0,7.18702777537968,,5.1665902777315,,0.0,,
MCO,Monaco,2015,86.4932079,,0.0,0.0,4.91037176536236,,3.11510490897003,,0.0,,
MCO,Monaco,2016,86.4375595,,0.0,0.0,3.00844358752744,,1.57423975069067,,0.0,,
MCO,Monaco,2017,92.289205,,0.0,0.0,-3.20618323813213,,-4.23891093966274,,0.0,,
MCO,Monaco,2018,92.3371667,,0.0,0.0,5.69790121192926,,4.37923997124996,,0.0,,
MCO,Monaco,2019,92.3515614,,0.0,0.0,7.12088951975396,,7.24738037567747,,0.0,,
MCO,Monaco,2020,86.498826,,0.0,0.0,-13.2391048292108,,-13.1045741376188,,0.0,,
MCO,Monaco,2021,86.4678024,,0.0,0.0,22.2322155851208,,20.7188673661029,,0.0,,
MNG,Mongolia,2000,76.1513392,1.51807420998017,0.549764569676623,3.03510381790946,1.14606213709108,0.0,-0.187391049653314,0.119407654940596,5.22235025250685,,
MNG,Mongolia,2001,,3.00881490469291,0.5956842548407,2.05198029970624,2.95271054338117,0.0,1.69858502304278,0.0851257034195289,5.74160516265939,,
MNG,Mongolia,2002,82.8374277,1.5492838485279,0.602088934629251,2.19867574914092,4.73297846590111,0.0,3.39545599901953,0.148943183083729,4.4989917153818,4.8,32.9
MNG,Mongolia,2003,80.5822038,1.16729060084723,0.765254736281406,2.46912927322485,7.00463457384886,0.0,5.65230856172873,0.196826822445144,4.59850143279864,,
MNG,Mongolia,2004,74.671543,4.6182672365583,0.682204527161078,9.39485279137489,10.6254059599309,0.0,9.38888056764907,0.271188019771381,14.9665125748657,,
MNG,Mongolia,2005,80.6418647,4.7391317641898,0.38044192595988,11.3598576109697,7.25366543796015,0.0,6.06987814990435,0.305156747819831,16.7845880489393,,
MNG,Mongolia,2006,77.1233522,4.45031620926175,0.331290140910164,23.1450183779807,8.55623481664365,0.0,7.25546356240756,0.498974379028602,28.4255991071812,,
MNG,Mongolia,2007,77.7128212,4.86481895009341,0.397398007513807,21.296321923898,10.2480163590057,0.0,8.77843828826261,0.918313208985426,27.4768520904907,0.7,35.8
MNG,Mongolia,2008,73.0716701,13.3347576972343,0.501438933520427,15.5331284367367,8.90036794067551,0.0,7.19669912596376,1.36774431978469,30.7370693872761,,
MNG,Mongolia,2009,77.4626338,10.9115496083324,0.586156478610438,10.8709337580517,-1.26859893608282,0.0,-3.02646374326369,1.34708748725095,23.7157273322455,,
MNG,Mongolia,2010,77.2900943,19.6438178089225,0.369945948040915,14.3767179735502,6.3651616786311,0.0,4.52004039651671,1.51728063526244,35.907762365776,0.5,33.1
MNG,Mongolia,2011,75.5375597,25.8999299043664,0.340725870819078,14.0546863394044,17.2907775869555,0.0,15.2830434931644,1.92131227140389,42.2166543859938,0.3,33.9
MNG,Mongolia,2012,76.2262847,10.0374339886047,0.215988824855809,9.88964892039198,12.3198198494032,0.0,10.2081460867694,2.12988232376644,22.2729540576189,0.2,33.8
MNG,Mongolia,2013,76.8858223,5.90532113283819,0.189827775696915,9.84721759372725,11.6489161878925,0.0,9.36487841658389,2.7278590828164,18.6702255850788,,
MNG,Mongolia,2014,81.0504019,4.99665662998931,0.278768560842992,7.17526010772536,7.88522548204762,0.0,5.5513088464518,3.63584891999233,16.08653421855,0.1,32.0
MNG,Mongolia,2015,78.8907188,2.37083694914676,0.23805372113812,5.55352988558207,2.37983580731722,0.0,0.223539088154311,1.71657823790019,9.87899879376714,,
MNG,Mongolia,2016,78.1210356,4.33446955900433,0.281307366829251,3.98730978039654,1.48978448679577,0.0,-0.547071462431205,1.44692568738784,10.050012393618,0.3,32.3
MNG,Mongolia,2017,78.1254853,7.72740017972011,0.339980111374321,7.27119890150608,5.63687638694772,0.0,3.6220070103727,1.74982078080304,17.0883999734036,,
MNG,Mongolia,2018,78.6896342,7.86743352891565,0.163388696996473,9.61105231259492,7.74488062024881,0.0,5.75427016552706,2.22574065348702,19.8676151919941,0.3,32.7
MNG,Mongolia,2019,78.5056124,6.60165232977836,0.141122796895315,6.587264700304,5.60224422064255,0.0,3.67988421239794,1.44391721947301,14.7739570464507,,
MNG,Mongolia,2020,78.7026692,4.43853996157604,0.210720477219284,8.25665752301558,-4.55775197583431,0.0,-6.26542378289111,0.567774921103161,13.4736928829141,,
MNG,Mongolia,2021,78.4294302,4.89275510557756,0.174160026203042,26.5731453966821,1.63676957736662,0.0,-0.0614212834574062,1.49715573696848,33.1372162654312,,
MNE,Montenegro,2000,66.9413639,,0.0,0.0,3.09999666280245,,3.27911575775674,,0.0,,
MNE,Montenegro,2001,,,0.0,0.0,1.09984092979461,,0.693869613179103,,0.0,,
MNE,Montenegro,2002,78.712076,,0.0,0.0,1.90393612601383,,1.49637251756793,,0.0,,
MNE,Montenegro,2003,78.4456406,,0.0,0.0744036174229074,2.48265891351525,,2.07441348286153,,0.0744036174229074,,
MNE,Montenegro,2004,78.3527184,,0.0,0.255159492728589,4.42605147138921,,4.24115518507786,,0.255159492728589,,
MNE,Montenegro,2005,78.8997379,0.297073785239654,0.0,0.345152197033432,4.18060206704946,0.0,4.02660240456581,0.0,0.642225982273086,0.1,30.2
MNE,Montenegro,2006,69.3728545,0.299594046102001,0.294277195219685,0.430058073745408,8.56641991756757,0.0,8.43155589607736,0.0,1.02392931506709,0.1,30.0
MNE,Montenegro,2007,68.658859,0.294771011035765,0.263492151707789,0.395007296330282,7.13755016459636,0.0,6.98968425407895,0.0,0.953270459073836,0.1,31.4
MNE,Montenegro,2008,78.4855979,1.05263175865509,0.2451234964049,0.204894764683611,6.89860030860218,0.0,6.70904934455439,0.0,1.5026500197436,0.1,30.5
MNE,Montenegro,2009,78.3492338,0.185900838034728,0.175270379220043,0.015667008541764,-5.99444862538753,0.0,-6.19590190743681,0.0,0.376838225796534,0.0,31.0
MNE,Montenegro,2010,74.5921426,0.716295403612445,0.38200994270558,0.0394728384050534,2.77559782547836,0.0,2.58744435496348,0.0,1.13777818472308,0.0,28.9
MNE,Montenegro,2011,74.4769751,0.815341280214694,0.456103692714325,0.17224261977352,3.40978812497193,0.0,3.25692677248162,0.0,1.44368759270254,0.1,30.8
MNE,Montenegro,2012,76.3767445,0.346822967174017,0.434317394657323,0.153929237412336,-2.48732882965353,0.0,-2.65570357284696,0.0,0.935069599243676,1.9,41.2
MNE,Montenegro,2013,75.9572597,0.154702162253761,0.405722321873075,0.112537711550129,3.38612548540247,0.0,3.1920026066844,0.0,0.672962195676965,1.6,39.0
MNE,Montenegro,2014,71.0928265,0.123513438750382,0.420115501412041,0.237631897602672,2.37030892464516,0.0,2.18041940678877,0.0,0.781260837765096,0.9,38.8
MNE,Montenegro,2015,69.7759581,0.0968828936467626,0.466169902533069,0.168260845077682,2.52306333975571,0.0,2.37419874424694,0.0,0.731313641257514,0.7,39.0
MNE,Montenegro,2016,70.7258625,0.0819627752980139,0.399949460727295,0.355624135517638,3.4393056210999,0.0,3.32318817615919,0.0,0.837536371542947,1.7,38.5
MNE,Montenegro,2017,66.7594431,0.104326596931278,0.462117194187429,0.772976189304725,3.21668504736274,0.0,3.11297073146422,0.0,1.33941998042343,2.1,36.9
MNE,Montenegro,2018,68.1439034,0.116984497336867,0.521937199343323,0.198519968491461,4.73292113433965,0.0,4.65668340285264,0.0,0.837441665171651,1.5,36.8
MNE,Montenegro,2019,69.2355697,0.0931587848680625,0.475423168276577,0.0479096404046219,4.39391565821528,0.0,4.34144828521134,0.0,0.616491593549262,0.9,35.7
MNE,Montenegro,2020,66.3995884,0.0925290326993661,0.61593669511223,0.0145372657540534,-14.9926187023533,0.0,-14.970505034482,0.0,0.723002993565649,1.0,35.4
MNE,Montenegro,2021,65.3266026,0.14484831357974,0.47878926865507,0.0135600897455756,13.0462607426359,0.0,13.3242405343679,0.0,0.637197671980386,1.2,34.3
MAR,Morocco,2000,59.4218708,0.000330792270591261,0.166686658825676,0.126939155104646,2.58218091499747,0.00505601668451482,1.11923449171742,0.00631272522300296,0.305325348108431,4.0,40.6
MAR,Morocco,2001,,5.52658321011586e-05,0.196357108599301,0.00316263088205563,7.72182519577728,0.00552667805533819,6.22462901700752,0.00389678993671929,0.208998473305515,,
MAR,Morocco,2002,60.6268104,0.0,0.181682245548865,0.00384366312746036,3.73019737485745,0.0042865136108573,2.33486055707684,0.00482094327981793,0.194633365567,,
MAR,Morocco,2003,58.1671504,0.0,0.197001395825051,0.0389834595749842,6.17110214953244,0.00323575842559893,4.79759279351288,0.0035183313822751,0.242738945207909,,
MAR,Morocco,2004,59.3806376,0.00113018455248217,0.157033141728211,0.403156828884719,4.57138016516208,0.00439367389605553,3.20713471239438,0.00447676173181179,0.57019059079328,,
MAR,Morocco,2005,56.2692428,0.000393674908270451,0.145865966357905,0.585332085107535,3.19224973015831,0.00357718072559544,1.78494971981462,0.00402070243000557,0.739189609529312,,
MAR,Morocco,2006,59.4063642,0.000128482825881006,0.164138751759762,0.998985066736335,7.7908200104027,0.00538870749098225,6.31205425044466,0.0062368292429596,1.17487783805592,2.1,40.7
MAR,Morocco,2007,58.8253506,0.0,0.1336884622777,1.33571238967862,3.44106776690418,0.0052266946835513,2.03302704420354,0.00648886456293074,1.4811164112028,,
MAR,Morocco,2008,57.1458005,0.0,0.198355289561574,5.80519549020674,5.68453936284732,0.00384882894495432,4.24978033517071,0.0061644205483407,6.0135640292616,,
MAR,Morocco,2009,58.5916538,0.0,0.186574281041964,3.85315008261178,3.74576940136258,0.00327045529676437,2.34392549842086,0.00325837372650423,4.04625319267701,,
MAR,Morocco,2010,58.370471,0.0,0.216628768174571,5.29773108141911,3.49955709403216,0.00368849162524083,2.07976488720576,0.00546877446444964,5.52351711568337,,
MAR,Morocco,2011,57.2507721,0.0,0.223143714328967,7.20478249504538,5.52464523319847,0.00487176434039505,4.06561020586629,0.00726865921109118,7.44006663292583,,
MAR,Morocco,2012,56.0550242,0.0,0.260590604857879,6.21304329534516,3.06234368502997,0.00690409560270985,1.66384638357194,0.00528452503464482,6.48582252084039,,
MAR,Morocco,2013,54.0147278,0.0,0.205257416480863,4.33282340110598,4.12221286860944,0.00794804306675751,2.7578648778037,0.00535817874110864,4.55138703939471,0.7,39.5
MAR,Morocco,2014,58.9001646,0.0,0.281398504022271,3.23580084970368,2.7192440802029,0.00687828870476931,1.43852495314533,0.00272007561344937,3.52679771804417,,
MAR,Morocco,2015,58.1279806,0.0,0.276275193355075,2.3319960711726,4.34458297635238,0.004323679359373,3.10634719191513,0.00142730898853635,2.61402225287558,,
MAR,Morocco,2016,57.8475007,0.0,0.207352282076776,2.68677241813984,0.52118550608968,0.00295472045218195,-0.693616602037565,0.00113281093648473,2.89821223160529,,
MAR,Morocco,2017,57.2421749,0.0,0.240173421922609,3.05500972926979,5.05789816173446,0.00340502839948628,3.78371209116371,0.00131078372177982,3.29989896331367,,
MAR,Morocco,2018,58.6099311,0.0,0.123267027080312,2.28347675590799,3.06564133025955,0.00539924272695324,1.91410663270995,0.00175486944296997,2.41389789515822,,
MAR,Morocco,2019,59.225745,0.0,0.158956085793289,0.15557980407794,2.89097476137077,0.00587225251769356,1.81642055572905,0.00137237053657597,0.321780512925498,,
MAR,Morocco,2020,58.9003457,0.0,0.141429630185034,0.147539736096977,-7.17820744246774,0.00631929775199296,-8.13866950405836,0.000839572708870582,0.296128236742874,,
MAR,Morocco,2021,57.8892089,0.0,0.115570302322102,0.265907979887688,8.15473889823681,0.00921346590687334,7.0606299574828,0.00101118511153249,0.391702933228196,,
MOZ,Mozambique,2000,62.2031534,0.00255061991420226,6.20732193246862,0.0017922560594659,0.766234955773442,0.000570471054454014,-1.43002745719546,0.0,6.21223527949675,,
MOZ,Mozambique,2001,,0.00817710494533627,6.27857654461634,0.00179701439106853,12.8516820207736,0.000900031540372012,10.3674476794306,0.0,6.28945069549311,,
MOZ,Mozambique,2002,63.4588082,0.00799736131984257,7.14523308512711,0.00126032395522147,9.66850534669427,0.00158881967528373,7.23540386040537,0.0,7.15607959007746,50.9,46.9
MOZ,Mozambique,2003,62.6640508,0.00691378312896811,10.0866712736505,0.00176381438885474,7.21770086569656,0.00163856411454619,4.81743112185357,0.0,10.0969874352829,,
MOZ,Mozambique,2004,60.9437799,0.00802687987008606,7.20578334583194,0.0017211134496494,8.20470494788577,0.701308197114022,5.76229495896818,0.0784873173881835,7.99532685365388,,
MOZ,Mozambique,2005,64.4771346,0.0010053602835455,6.72333221434257,0.00272998243622806,6.31202378023193,0.558866557971731,3.88124108732595,0.232148890251788,7.51808300528586,,
MOZ,Mozambique,2006,70.3980922,0.0139501342059779,6.2863857798552,0.00719191574624869,9.91067756782915,1.82989350547793,7.35938789849386,0.36782081784457,8.50524215312992,,
MOZ,Mozambique,2007,67.9150117,0.0101828236358189,7.84910776632065,0.00757898843367378,7.64935393795867,1.56645133238839,5.11813481404295,0.371732317927041,9.80505322870557,,
MOZ,Mozambique,2008,69.0097133,0.0289147181912644,7.87141274670505,0.0199685271023678,6.87802942560995,1.80233550297769,4.27502296305138,0.481285902978786,10.2039173979552,42.3,45.5
MOZ,Mozambique,2009,70.4697187,0.0102326758147043,8.30367381576583,0.0416701961713075,5.92897187460815,1.58858003406097,3.21964861492762,0.0778446405127864,10.0220013623256,,
MOZ,Mozambique,2010,65.5167481,0.0199714393040125,8.02340173338148,0.0131069316895526,6.67972935662864,2.06799636870009,3.86194568743883,0.14400760317542,10.2684840762505,,
MOZ,Mozambique,2011,64.3732938,1.60162322953838,7.08040595732748,0.0172522745725617,7.13405842300445,2.46277284263354,4.19033881987379,0.208892298436241,11.3709466025082,,
MOZ,Mozambique,2012,66.5933587,1.98801014512389,7.16297339132777,0.0216963601172072,7.9945031610722,2.50717835565139,4.93805479095479,0.239401568530512,11.9192598207508,,
MOZ,Mozambique,2013,57.4292219,1.7152478444751,7.13772144608793,0.0156633915823614,6.57141389665537,2.50355833068363,3.53500457192386,0.260362393762375,11.6325534065914,,
MOZ,Mozambique,2014,55.3098599,1.49304929686929,7.79049402321541,0.0119843595535412,7.70256844839309,2.49412068073804,4.62514159794316,0.114254490571332,11.9039028509476,38.1,54.0
MOZ,Mozambique,2015,54.2055959,1.26833720910738,8.74582819571588,0.01247399317375,7.3930936986377,2.13938758840339,4.32231286612486,0.050045182177423,12.2160721685778,,
MOZ,Mozambique,2016,44.0153178,1.82404678745023,12.226277258257,0.227730753504038,4.69699024225795,1.97200900578106,1.67319789859388,0.0633248092640754,16.3133886142564,,
MOZ,Mozambique,2017,47.6973268,4.57367559928652,11.0781599539312,0.15108877208214,2.63820737310658,2.16082066537561,-0.38371430909207,0.0872960927597713,18.0510410834352,,
MOZ,Mozambique,2018,52.2626134,5.85840437749124,7.35831096113983,0.0308173507099442,3.48493202422782,3.03979938526507,0.445674338631605,0.11025673875252,16.3975888133586,,
MOZ,Mozambique,2019,51.7248231,3.25799776435329,6.60830485288298,0.0266967588970236,2.31781394821475,2.70158116067819,-0.646283515954551,0.0821437604923504,12.6767242973038,45.8,50.7
MOZ,Mozambique,2020,42.9068074,1.81495130833288,7.79461118243541,0.0422540328494302,-1.21952250011192,2.16476507105305,-4.10527399484737,0.0473545337657661,11.8639361284365,,
MOZ,Mozambique,2021,44.2430053,3.78124905359831,7.34073942101609,0.140484013033913,2.37743572761507,3.56569180210999,-0.606316436997986,0.0793125662089328,14.9074768559672,,
MMR,Myanmar,2000,37.9681084,0.0113430463493619,6.05338203460723,0.210015668247603,13.7459305561226,3.2424384672353,12.482374612359,1.32847770525212,10.8456569216916,,
MMR,Myanmar,2001,,0.0758051855856943,7.94213207842884,0.15799686400237,11.3439970699605,6.67584865927321,10.1756123569494,0.978658400478298,15.8304411877684,,
MMR,Myanmar,2002,40.0012972,0.0152696880925367,8.78142161661203,0.167467304935829,12.0255134340315,7.0882670077694,10.9072271265814,1.34949335508262,17.4019189724924,,
MMR,Myanmar,2003,43.7724004,0.0194742616801778,10.5765204979232,0.171509030585781,13.8439968903798,8.04869867586634,12.7839447542935,1.36774097417015,20.1839434402257,,
MMR,Myanmar,2004,47.4270412,0.125285309017504,8.47187607790571,0.380102975010015,13.5646616163416,8.14214332520292,12.5957538910265,1.74505333251524,18.8644610196514,,
MMR,Myanmar,2005,49.9325413,0.0923815780690894,5.96017552816053,0.547781794950616,13.5689500216456,9.26676467372353,12.6841326603106,2.91494528517854,18.7820488600823,,
MMR,Myanmar,2006,52.4493324,0.112014025577255,6.53713681815485,0.789794091849695,13.0761013792372,7.11993514076936,12.2555240244746,3.19885684353995,17.7577369198911,,
MMR,Myanmar,2007,48.0487278,0.150157592059017,7.21577937460555,0.558920259472605,11.9914352402146,5.5796017245025,11.2004378218927,2.31016483558413,15.8146237862238,,
MMR,Myanmar,2008,46.7721925,0.221707141220914,7.58644131932998,0.173728570313348,10.2553053929808,3.82889756804556,9.64981113277751,2.15334545377525,13.9641200526851,,
MMR,Myanmar,2009,46.1156065,0.0500972315373049,5.46378050335465,0.0588315684326682,10.5500090961932,2.68196178358611,9.93736426370333,0.716107930719796,8.97077901763052,,
MMR,Myanmar,2010,47.3023968,0.0863703805009912,4.2733461311721,0.258338989970332,9.6344394520444,2.39365031149079,8.82058943535873,0.976336261487368,7.98804207462158,,
MMR,Myanmar,2011,47.3676724,0.0860236336627246,3.96289837643904,0.470504517699231,5.59148237823661,1.83559798767907,4.74658078594661,1.00643883600724,7.3614633514873,,
MMR,Myanmar,2012,47.7937422,0.0564573315956754,3.25442888519771,0.231051010262153,7.33267044704149,1.6427752400454,6.43324807639843,0.771527109079778,5.95623957618071,,
MMR,Myanmar,2013,44.1592969,0.0270369697390516,3.05382023461951,0.517429829412603,8.42600102501767,1.59345178892816,7.50873881521075,0.661094841513687,5.85283366421301,,
MMR,Myanmar,2014,46.2378749,0.0251479211009174,4.04551684358372,0.798589733591853,8.16990745558277,2.48423798053391,7.27568618509038,0.528936281376954,7.88242876018736,,
MMR,Myanmar,2015,46.6955798,0.0151772971723697,2.93589041143927,0.359737628124076,6.99284029026121,3.15576965417731,6.13960007817474,0.146604102339128,6.61317909325215,4.4,38.1
MMR,Myanmar,2016,48.4777851,0.00859612036331026,3.43421863242011,0.652374910582734,5.86247291518572,2.61215166075448,5.02652118853597,0.103530840750173,6.8108721648708,,
MMR,Myanmar,2017,44.6899778,0.0154298627627981,3.96181166359992,1.10184604979825,6.13610824360305,2.58866845782587,5.31957403505668,0.152347682977876,7.82010371696471,1.8,30.7
MMR,Myanmar,2018,43.7246454,0.02945886790351,2.0518344792042,1.21505683329675,6.26886221471075,3.24961569445266,5.50179746363222,0.15681434683775,6.70278022169487,,
MMR,Myanmar,2019,42.6196691,0.0340926780571958,1.83230053753397,0.682240313219997,6.57911006765414,3.23186360116772,5.83309474734135,0.101384700071059,5.88188183004994,,
MMR,Myanmar,2020,39.727474,0.0242925112469022,1.93462564157793,0.513919541943762,-9.04834717984643,2.16427590306573,-9.69306034482335,0.0259006705691479,4.66301426840348,,
MMR,Myanmar,2021,30.1263779,0.0464337290823448,2.17227831182645,2.000484851698,-12.0163724829177,4.39650989335516,-12.627100008178,0.0627970227865469,8.6785038087485,,
NAM,Namibia,2000,63.0050594,0.0,0.356347859444422,0.235658118768329,3.49218336365178,0.0,1.08624861082079,0.0,0.592005978212752,,
NAM,Namibia,2001,,0.0,0.382501757254487,0.252359664754088,1.17794869467917,0.0,-0.914261311645021,0.0,0.634861422008575,,
NAM,Namibia,2002,66.8036759,0.0,0.480646882575109,0.117987408584723,4.7886612188211,0.0,2.96331356534192,0.0,0.598634291159831,,
NAM,Namibia,2003,69.2380926,0.0,0.580438661470065,0.350172067770085,4.23979429582137,0.0,2.74512795300122,0.0,0.930610729240151,18.7,63.3
NAM,Namibia,2004,73.7953594,0.0,0.472492002560067,0.321996874329369,12.2695481036769,0.0,10.8464095671906,0.0,0.794488876889435,,
NAM,Namibia,2005,75.8228156,0.0,0.427875988357403,0.754895325174027,2.52926265819022,0.0,1.25193634526472,0.0,1.18277131353143,,
NAM,Namibia,2006,77.9169532,0.0,0.369720495404145,2.29309202232327,7.07317531845825,0.0,5.71286099626298,0.0,2.66281251772741,,
NAM,Namibia,2007,81.7387802,0.0,0.5421468635895,5.30737356642788,5.37404415167634,0.0,3.97963640998429,0.0,5.84952043001738,,
NAM,Namibia,2008,84.08317,0.0,0.729188316442959,1.52185080973327,2.64981203780268,0.0,1.22288329166788,0.0,2.25103912617622,,
NAM,Namibia,2009,81.7676617,0.0,0.748171715784463,1.18237850227727,0.295970914001089,0.0,-1.16873879710282,0.0,1.93055021806173,13.6,61.0
NAM,Namibia,2010,79.342493,0.0,0.488152947708488,1.90274394248915,6.03924947955858,0.0,4.40996877603639,0.0,2.39089689019764,,
NAM,Namibia,2011,78.1112376,0.0,0.486338509216644,1.58560287259435,5.09133813864338,0.0,3.30348908465837,0.0,2.071941381811,,
NAM,Namibia,2012,80.3001439,0.0,0.554933472051722,1.17565876827297,5.0616820696264,0.0,2.74809367129893,0.0,1.73059224032469,,
NAM,Namibia,2013,80.9061734,0.0,0.609700288511706,0.56432604132088,5.61471962254485,0.0,2.90208375663774,0.0,1.17402632983259,,
NAM,Namibia,2014,76.7737568,0.0,0.693923589761296,0.94761204800766,6.09251915977956,0.0,3.35635017944713,0.0,1.64153563776896,,
NAM,Namibia,2015,78.1505406,0.0,0.871881487516777,1.00339287496743,4.26417453763675,0.0,1.53445826192009,0.0,1.8752743624842,8.5,59.1
NAM,Namibia,2016,77.2661493,0.0,0.96866214431124,1.63512832007077,0.0337944502063294,0.0,-2.62833210419717,0.0,2.60379046438201,,
NAM,Namibia,2017,76.6460513,0.0,0.780640763126682,2.5751532371798,-1.02724808856709,0.0,-3.69773452685817,0.0,3.35579400030648,,
NAM,Namibia,2018,77.7533951,0.0,0.490237026586481,0.772592097720402,1.05993949860752,0.0,-1.70342664632669,0.0,1.26282912430688,,
NAM,Namibia,2019,75.9027575,0.0,0.622413085000472,0.814900879106456,-0.839152163419357,0.0,-3.57649160039189,0.0,1.43731396410693,,
NAM,Namibia,2020,74.6509477,0.0,0.893729769613443,1.03656406986947,-8.10140201443319,0.0,-10.7372931134497,0.0,1.93029383948291,,
NAM,Namibia,2021,74.6676553,0.0,0.862664220207092,3.16791637362429,3.60382919248703,0.0,0.588992664401843,0.0,4.03058059383138,,
NRU,Naoero,2000,,,,,-6.85616110197874,,-6.68211183574525,,,,
NRU,Naoero,2001,,,,,-6.76113945239328,,-6.41137867245162,,,,
NRU,Naoero,2002,,,,,-9.97133415083098,,-9.54271126243978,,,,
NRU,Naoero,2003,82.1460909,,,,0.284579021867188,,0.513880673870659,,,,
NRU,Naoero,2004,82.0790764,,,,-4.31476539773472,,-4.32427685246654,,,,
NRU,Naoero,2005,82.4735879,,,,0.0,,0.109463628221704,,,,
NRU,Naoero,2006,82.6401711,,,,8.45070422535204,,8.61282905726155,,,,
NRU,Naoero,2007,82.9152703,,,,-22.077922077922,,-21.9690489151566,,,,
NRU,Naoero,2008,82.8813889,,,,19.9999999999999,,20.1318813068238,,,,
NRU,Naoero,2009,93.0361937,,,,-5.55555555555564,,-5.62156105786306,,,,
NRU,Naoero,2010,92.8512136,,0.0,0.0,0.0,,-0.268843970925019,,,,
NRU,Naoero,2011,92.6829837,,0.0,0.0,14.7058823529412,,14.0811226451365,,,,
NRU,Naoero,2012,92.6652257,,0.0,0.0,24.3589743589745,,22.3119628983076,,,1.3,32.4
NRU,Naoero,2013,92.610966,,0.0,0.0,4.12371134020613,0.0,1.6485827070359,0.0,0.0,,
NRU,Naoero,2014,89.8793568,,0.0,0.0,15.8415841584163,0.0,13.4151871712962,0.0,0.0,,
NRU,Naoero,2015,83.2276432,,0.0,0.0,3.41880341880281,0.0,1.4172709809001,0.0,0.0,,
NRU,Naoero,2016,83.1501628,,0.0,0.0,4.13223140495909,0.0,2.30174554349074,0.0,0.0,,
NRU,Naoero,2017,79.9727425,,0.0,0.0,-6.34920634920609,0.0,-7.7882065342324,0.0,0.0,,
NRU,Naoero,2018,79.6955321,,0.0,0.0,-0.847457627118729,0.0,-2.16926114572559,0.0,0.0,,
NRU,Naoero,2019,78.8692421,,0.0,0.0,8.5470085470084,0.0,7.51652861776262,0.0,0.0,,
NRU,Naoero,2020,78.8610327,,0.0,0.0,1.57480314960559,0.0,1.08625303568498,0.0,0.0,,
NRU,Naoero,2021,78.8288236,,0.0,0.0,7.75193798449692,0.0,7.14457374271909,0.0,0.0,,
NPL,Nepal,2000,42.1067992,0.00361957120700216,1.16343889006649,0.0,6.19999998192236,0.0,4.37721035459148,0.0,1.16705846127349,,
NPL,Nepal,2001,,0.00308752111307696,1.05755999863321,0.0,4.79989214255407,0.0,3.11851050390348,0.0,1.06064751974629,,
NPL,Nepal,2002,33.3624495,0.00260076969635691,1.13921960572077,0.0,0.120143177369414,0.0,-1.39074360828988,0.0,1.14182037541713,,
NPL,Nepal,2003,29.3661339,0.00235467520986336,1.2077250453728,0.0,3.94503776051116,0.0,2.48926345447566,0.0,1.21007972058267,19.9,43.8
NPL,Nepal,2004,29.8238149,0.00488260573259377,0.896832451856914,0.0,4.68260325152944,0.0,3.36324782625996,0.0,0.901715057589508,,
NPL,Nepal,2005,29.2408916,0.00477903901273278,0.801141820319836,0.0,3.47918104829496,0.0,2.32754534491777,0.0,0.805920859332569,,
NPL,Nepal,2006,34.0032896,0.00784522611567117,1.07401524198505,0.0,3.36461478056277,0.0,2.36866119233534,0.0,1.08186046810072,,
NPL,Nepal,2007,34.7832492,0.00664869500481226,1.35031327057698,0.0,3.41156027980276,0.0,2.55045520091535,0.0,1.35696196558179,,
NPL,Nepal,2008,34.3461584,0.0123667547612362,1.06200432261153,0.0,6.10463914373472,0.0,5.31231494291112,0.0,1.07437107737277,,
NPL,Nepal,2009,37.9051542,0.0061701418760256,0.998674343176918,0.0,4.5330787246486,0.0,3.82909610583356,0.0,1.00484448505294,,
NPL,Nepal,2010,38.5793667,0.0078338999279562,1.46446310737176,0.0,4.81641464694573,0.0,4.16886489216166,0.0,1.47229700729972,4.5,32.8
NPL,Nepal,2011,39.921029,0.00764892975300979,1.10915239779602,0.0,3.42180870116162,0.0,2.96035780817019,0.0,1.11680132754903,,
NPL,Nepal,2012,40.645364,0.00573225516585173,0.961886294979046,0.0,4.67014192446953,0.0,4.40244630730626,0.0,0.967618550144898,,
NPL,Nepal,2013,44.9452709,0.00495863706649407,0.83981216667816,0.0,3.52515317129149,0.0,3.31847430980025,0.0,0.844770803744654,,
NPL,Nepal,2014,51.4843979,0.00434662076737776,0.856372465206546,0.0,6.01148284250441,0.0,5.69591211662627,0.0,0.860719085973924,,
NPL,Nepal,2015,48.5495262,0.0033106740353512,0.931579561878785,0.0,3.97605327162971,0.0,3.4108030002933,0.0,0.934890235914136,,
NPL,Nepal,2016,50.1608711,0.00369891103745001,1.02737941721779,0.000142211930544087,0.433113719381524,0.0,-0.0405110299060141,0.0,1.03122054018578,,
NPL,Nepal,2017,56.4951726,0.00455544974333973,0.698706447270446,0.0,8.97727935643466,0.0,8.76020605401564,0.0,0.703261897013786,,
NPL,Nepal,2018,57.4255647,0.00505202233372013,0.419104437589301,0.0,7.62237610397933,0.0,7.36009731523734,0.0,0.424156459923021,,
NPL,Nepal,2019,58.9654864,0.0038213736882493,0.442367971002413,0.0,6.65705543110468,0.0,5.40192160337149,0.0,0.446189344690663,,
NPL,Nepal,2020,61.618773,0.00323492779599548,0.519395973172543,0.0,-2.3696206292072,0.0,-4.23182776858643,0.0,0.522630900968538,,
NPL,Nepal,2021,61.5895345,0.00606226595390929,0.492874643993917,0.0,4.838149614115,0.0,3.02971971240495,0.0,0.498936909947826,,
NLD,Netherlands,2000,94.6678503,0.0,0.00304850175977695,0.0,4.21970034558892,0.343533262762868,3.4774247585043,0.0428661703754643,0.389447934898109,,
NLD,Netherlands,2001,,0.0,0.00233225894446791,0.0,2.32358454925847,0.747341370036793,1.55411293814574,0.0288835905371522,0.778557219518414,,
NLD,Netherlands,2002,83.5480052,0.0,0.00235605036783664,0.0,0.24582951723049,0.505350536423084,-0.391993507260253,0.0447970205533278,0.552503607344249,,
NLD,Netherlands,2003,85.3655114,0.0,0.0025013616607494,0.0,0.0978549395212411,0.430352698895937,-0.373308769807309,0.0444408788956073,0.477294939452294,,
NLD,Netherlands,2004,80.6627333,0.0,0.00180366926374822,0.0,2.01628331561487,0.395244249969581,1.66241697012426,0.0482013400128872,0.445249259246216,0.1,29.8
NLD,Netherlands,2005,83.1350558,0.0,0.00195976001651045,0.0,2.03401576512488,0.294878106120457,1.79587820013489,0.0486888872963133,0.345526753433281,0.1,29.0
NLD,Netherlands,2006,82.3508566,0.0,0.00213720221958192,0.0,3.53729585853395,0.607059769493383,3.37113428384058,0.0474303353534585,0.656627307066423,0.0,30.0
NLD,Netherlands,2007,81.7878949,0.0,0.00220334718727661,0.0,3.88542348324803,0.52120335320914,3.65969583887677,0.0695823476637214,0.592989048060138,0.0,29.6
NLD,Netherlands,2008,82.5933026,0.0,0.00246694606799199,0.0,2.11674514240192,0.963753121969128,1.71998513111112,0.0767004716623707,1.04292053969949,0.1,29.3
NLD,Netherlands,2009,83.9280042,0.0,0.0023782905129004,0.0,-3.66528147002826,0.686149183988494,-4.15944424816443,0.0342324179411298,0.722759892442524,0.1,27.9
NLD,Netherlands,2010,82.8466432,0.0,0.00260401099906781,0.0,1.31935287897116,0.728762153920343,0.80099304285595,0.0313299442533534,0.762696109172764,0.0,27.8
NLD,Netherlands,2011,84.3887377,0.0,0.00218147216558768,0.0,1.77330320575034,0.967144018557186,1.29970857644341,0.0513023587099409,1.02062784943271,0.1,27.8
NLD,Netherlands,2012,85.1544563,0.0,0.0021295328576992,0.0,-0.977826121310997,1.07545709194109,-1.34358548841696,0.0544334924427504,1.13202011724154,0.0,27.6
NLD,Netherlands,2013,83.948509,0.0,0.00239221595316568,0.0,-0.0302410184270769,1.06858270146467,-0.32453861663322,0.0489230990645562,1.11989801648239,0.0,28.1
NLD,Netherlands,2014,84.1579465,0.0,0.00297058309548493,0.0,1.61255885112396,0.625839472123598,1.24758527002837,0.0610565682264859,0.689866623445569,0.0,28.6
NLD,Netherlands,2015,81.4706964,0.0,0.00501118074626869,0.0,2.12064007193544,0.409802071791948,1.66902244941207,0.0277934109206209,0.442606663458837,0.0,28.2
NLD,Netherlands,2016,80.9398498,0.0,0.00693793859115223,0.0,2.42428065449427,0.229978465875855,1.8806480971239,0.0142927116318486,0.251209116098856,0.0,28.2
NLD,Netherlands,2017,79.2526096,0.0,0.00587042401410181,0.0,2.78150834679987,0.257105896754391,2.17565329205816,0.0205884596366125,0.283564780405105,0.1,28.5
NLD,Netherlands,2018,79.44179,0.0,0.00617904324612337,0.0,2.25873158164956,0.320392140389771,1.6633486959666,0.0285323898225818,0.355103573458477,0.1,28.1
NLD,Netherlands,2019,77.8266632,0.0,0.00462812658848738,0.0,2.3001616053659,0.192462763398317,1.63221248669214,0.0211765776530471,0.218267467639851,0.0,29.2
NLD,Netherlands,2020,78.0101862,0.0,0.00384491596503712,0.0,-3.86799714191608,0.0687746204407482,-4.40056893380125,0.0111244987898519,0.0837440351956371,0.0,26.0
NLD,Netherlands,2021,78.4148135,0.0,0.00385280512396815,0.0,6.27683593745216,0.312284681581925,5.72194046869852,0.024399192645775,0.340536679351668,0.0,25.7
NCL,New Caledonia,2000,,0.0,0.0130490350083369,12.0832116134031,2.10010882688805,0.0,0.0082048320171566,0.0,12.0962606484114,,
NCL,New Caledonia,2001,,0.0,0.0143479240667534,3.74930527832309,,0.0,,0.0,3.76365320238985,,
NCL,New Caledonia,2002,,0.0,0.0134670865433796,4.50420452051189,,0.0,,0.0,4.51767160705527,,
NCL,New Caledonia,2003,,0.0,0.0121584379678141,8.19729522683555,,0.0,,0.0,8.20945366480336,,
NCL,New Caledonia,2004,,0.0,0.00850688471319401,11.7024370084929,,0.0,,0.0,11.7109438932061,,
NCL,New Caledonia,2005,,0.0,0.00861632659667667,8.13433257804138,,0.0,,0.0,8.14294890463805,,
NCL,New Caledonia,2006,,0.0,0.00902892780756148,18.291379629475,,0.0,,0.0,18.3004085572826,,
NCL,New Caledonia,2007,,0.0,0.00947981061744996,35.2518384192318,,0.0,,0.0,35.2613182298492,,
NCL,New Caledonia,2008,,0.0,0.0121948488788253,2.59906867060087,,0.0,,0.0,2.6112635194797,,
NCL,New Caledonia,2009,,0.0,0.0115765236192026,0.0,,0.0,,0.0,0.0115765236192026,,
NCL,New Caledonia,2010,,0.0,0.0110888495736551,5.28330292789847,,0.0,,0.0,5.29439177747213,,
NCL,New Caledonia,2011,,0.0,0.0113090929867707,4.11949500769485,,0.0,,0.0,4.13080410068162,,
NCL,New Caledonia,2012,,0.0,0.0114496916463885,0.0,,0.0,,0.0,0.0114496916463885,,
NCL,New Caledonia,2013,,0.0,0.0105325049427626,0.0,,0.0,,0.0,0.0105325049427626,,
NCL,New Caledonia,2014,,0.0,0.0126797653775496,0.0,,0.0,,0.0,0.0126797653775496,,
NCL,New Caledonia,2015,,0.0,0.0128159191409519,0.0,,0.0,,0.0,0.0128159191409519,,
NCL,New Caledonia,2016,,0.0,0.013426159178997,0.0,,0.0,,0.0,0.013426159178997,,
NCL,New Caledonia,2017,,0.0,0.0171317828341953,0.0,,0.0,,0.0,0.0171317828341953,,
NCL,New Caledonia,2018,82.896132,0.0,0.0124451244978835,0.957748358886719,0.400000000000006,0.0,0.401770467057673,0.0,0.970193483384602,,
NCL,New Caledonia,2019,83.995374,0.0,0.0122251541031086,0.0,-1.39999999506659,0.0,-1.42259824757296,0.0,0.0122251541031086,,
NCL,New Caledonia,2020,83.7339572,0.0,0.0127156723522875,0.0,-2.40000000692145,0.0,-2.59576601107399,0.0,0.0127156723522875,,
NCL,New Caledonia,2021,84.8954685,0.0,0.0123296068298993,16.7795377181056,-2.0999999972552,0.0,-2.4562945690604,0.0,16.7918673249355,,
NZL,New Zealand,2000,90.2748488,0.027335482931185,0.957460924925655,0.0783679904071662,2.86879087314065,0.772533985252861,2.26614300686462,0.520025634346264,2.35572401786313,,
NZL,New Zealand,2001,,0.0695684221761093,0.902555275978612,0.0663380015243075,3.41557461751114,0.723273881016931,2.80795315087559,0.333507075013648,2.09524265570961,,
NZL,New Zealand,2002,86.8135084,0.0507879701521111,0.840951531470553,0.063023344444634,4.71514593471419,0.483237932251309,2.91176998851674,0.303997253208924,1.74199803152753,,
NZL,New Zealand,2003,86.0171215,0.0290566144094623,0.625067451422437,0.0513125981054872,4.72587484712128,0.350848212212797,2.67930990113685,0.200234078312301,1.25651895446249,,
NZL,New Zealand,2004,89.3355896,0.0811835089170043,0.443486338339782,0.0552680731263105,4.09053577279863,0.308753759135773,2.5549616303889,0.211058993281138,1.09975067280001,,
NZL,New Zealand,2005,88.815337,0.103598332435624,0.497596142338579,0.0945297824682151,3.35295444152619,0.262193836171953,2.19289321941467,0.278111552185467,1.23602964559984,,
NZL,New Zealand,2006,87.8018105,0.12993003806763,0.490107444942473,0.148426348338586,2.7744428588158,0.245663011673657,1.5292427792522,0.278552388345492,1.29267923136784,,
NZL,New Zealand,2007,88.7311299,0.0709625941558605,0.486048803696726,0.0988847521186223,3.06312221869514,0.211060317270213,2.10661992432209,0.506514577589481,1.3734710448309,,
NZL,New Zealand,2008,86.4991455,0.319784688769179,0.542210251974539,0.216284800968863,-1.02561134479848,0.226628534151768,-1.86205389881211,1.05778347154292,2.36269174740727,,
NZL,New Zealand,2009,86.3848764,0.153723685036484,0.623220093920223,0.175545636406621,-0.040259885205117,0.250322841303481,-1.0346067631192,0.544779024480274,1.74759128114708,,
NZL,New Zealand,2010,90.0912113,0.20750694875161,0.600825091741324,0.409243996619399,1.47182504276788,0.2438841728747,0.349983779394819,0.660975990307668,2.1224362002947,,
NZL,New Zealand,2011,89.6428176,0.246103790643507,0.579511738702005,0.377749138694933,2.1445004445998,0.212996832549146,1.36863094989059,0.77791212195698,2.19427362254657,,
NZL,New Zealand,2012,89.9598248,0.123873930791891,0.550761274437723,0.18817372232206,2.30256429520961,0.212958954478484,1.74325488763843,0.607739113456127,1.68350699548628,,
NZL,New Zealand,2013,89.4472264,0.0670833164312877,0.541057900081082,0.255720128150806,2.5648360739867,0.203838462621952,1.77980097200441,0.453082035859237,1.52078184314436,,
NZL,New Zealand,2014,91.4454389,0.0417798979558715,0.494880818603469,0.185891578764959,3.81933619307242,0.279204464595017,2.10912726740773,0.427387592230975,1.42914435215029,,
NZL,New Zealand,2015,90.9379445,0.0230559013337265,0.614524659512628,0.131431139520895,3.72968312125018,0.318725269522909,1.63906665013374,0.196512069556291,1.28424903944645,,
NZL,New Zealand,2016,90.906224,0.0214309623807079,0.571752153534661,0.0974352775345248,3.7435247472109,0.229710795872046,1.43938460571344,0.127171106470809,1.04750029579275,,
NZL,New Zealand,2017,91.3884222,0.028685250841757,1.08437908809607,0.114124951593038,3.31568621648204,0.215964024290082,1.18008899640975,0.150386335561469,1.59353965038242,,
NZL,New Zealand,2018,90.5754935,0.0353255664680367,1.02962394225881,0.0709182603437035,3.32219666491432,0.277834411287836,1.48792512472586,0.174430202025453,1.58813238238384,,
NZL,New Zealand,2019,89.6102464,0.0277129818164676,1.00783313116509,0.0426316268310563,2.32371708441623,0.295210632582245,0.888801067116702,0.12988820598752,1.50327657838238,,
NZL,New Zealand,2020,90.8429264,0.0194952178038486,0.939103923492483,0.038956105818985,-0.240916114758988,0.231004223323853,-2.24892070128274,0.0439077405671644,1.27246721100633,,
NZL,New Zealand,2021,89.0738141,0.0306624632958425,0.970351896048609,0.0961811421229474,4.29916005216614,0.294661482258359,4.04890442681972,0.102256581182383,1.49411356490814,,
NIC,Nicaragua,2000,60.3426818,0.0,1.21635629575207,0.137652458211628,4.10159025073438,0.0,2.67944162568968,0.0,1.3540087539637,,
NIC,Nicaragua,2001,,0.0,1.14731828128097,0.00116071955557833,2.96084349057273,0.0,1.64157183542785,0.0,1.14847900083655,9.4,52.9
NIC,Nicaragua,2002,59.5380496,0.0,1.08733388958463,0.0542460000046331,0.753938876079573,0.0,-0.460685992278769,0.0,1.14157988958926,,
NIC,Nicaragua,2003,59.0118407,0.0,1.12605049464508,0.00161162442256623,2.52073289551447,0.0,1.31955360750133,0.0,1.12766211906764,,
NIC,Nicaragua,2004,58.191765,0.0,1.0748793844279,0.216976191670465,5.31217056950739,0.0,4.0749066715682,0.0,1.29185557609837,,
NIC,Nicaragua,2005,59.2174417,0.0,0.977208810641339,0.136770969893077,4.28239833770654,0.0,2.93169257880047,0.0,1.11397978053442,4.6,48.8
NIC,Nicaragua,2006,61.1300036,0.0,1.30900590905475,0.270117465049817,4.15294559846254,0.0,2.67777444612834,0.0,1.57912337410457,,
NIC,Nicaragua,2007,64.0501612,0.0,1.23980703229217,0.302781528707398,5.0763520180987,0.0,3.57801456385216,0.0,1.54258856099957,,
NIC,Nicaragua,2008,62.3569202,0.0,1.15700989639219,0.0831860228170077,3.43571693608081,0.0,1.96391791132177,0.241718443242608,1.4819143624518,,
NIC,Nicaragua,2009,61.1846356,0.0,1.08353274922932,0.0914768307888851,-3.2926651586197,0.0,-4.66051140515347,0.136614559984771,1.31162414000297,4.1,43.9
NIC,Nicaragua,2010,56.6908219,0.0,2.3080320616436,1.81988490265366,4.41009911716546,0.0,2.9388092403868,0.0252340770771501,4.15315104137442,,
NIC,Nicaragua,2011,58.0842927,0.0,1.77837454336858,3.29036422957445,6.31668553491842,0.0,4.82579847166105,0.0519123138385869,5.12065108678162,,
NIC,Nicaragua,2012,57.9889278,0.0,1.61356522754696,2.96560849044325,6.4961364710876,0.0,5.0120845551519,0.0462955853539498,4.62546930334416,,
NIC,Nicaragua,2013,59.7097061,0.0,2.05539478193332,2.85461443967664,4.92709413447304,0.0,3.47943447123747,0.0404742289870495,4.95048345059701,,
NIC,Nicaragua,2014,63.4318004,0.0,2.38322044545194,1.80386395737033,4.78546013589983,0.0,3.35791289379488,0.0340990650048295,4.2211834678271,1.8,46.2
NIC,Nicaragua,2015,62.884096,0.0,1.70317084401318,0.40222751206695,4.79226768332697,0.0,3.37914204919937,0.0,2.10539835608013,,
NIC,Nicaragua,2016,63.0333858,0.0,2.20033806886868,0.904944489294892,4.56314739524967,0.0,3.16650951067395,0.00769475794674993,3.11297731611032,,
NIC,Nicaragua,2017,62.7940555,0.0,1.81762605112298,0.872480147766622,4.63120757580209,0.0,3.24691576299918,0.0128520280376942,2.7029582269273,,
NIC,Nicaragua,2018,46.9001644,0.0,1.30381382544342,0.70147840677944,-3.3633566598573,0.0,-4.62941675714166,0.0215824227322452,2.02687465495511,,
NIC,Nicaragua,2019,49.7556204,0.0,1.22160234514415,0.0453935747655657,-2.89686986728901,0.0,-4.14856907147293,0.0178636683851291,1.28485958829485,,
NIC,Nicaragua,2020,56.9560598,0.0,1.59982896829405,0.0498653154241797,-2.23654176262323,0.0,-3.4517971097024,0.0084343580954292,1.65812864181366,,
NIC,Nicaragua,2021,58.9330313,0.0,1.13992662673056,2.68031775817092,10.4543887816515,0.0,9.13330612485078,0.0205645534300319,3.84080893833151,,
NER,Niger,2000,59.3795751,0.0302576124785667,7.23577527305823,0.0022839421705727,-1.20847774100575,0.0,-4.57504226731116,0.0,7.26831682770737,,
NER,Niger,2001,,0.0499647133055402,6.50698412001633,0.00247605641527164,7.26813490213235,0.0,3.56959177749576,0.0,6.55942488973714,,
NER,Niger,2002,56.634333,0.032312520938159,6.97802805475054,0.00261251032273135,4.91847057594622,0.0,1.27795509678579,0.0,7.01295308601143,,
NER,Niger,2003,61.6952952,0.0312263490860586,9.23078252911612,0.00116371374196527,2.1706103837418,0.0,-1.40492633289823,0.0,9.26317259194414,,
NER,Niger,2004,57.6061155,0.108115808400168,7.37654133467507,0.0229428335169691,0.363801578722132,0.0,-3.18333778722413,0.0,7.50759997659221,,
NER,Niger,2005,58.8963127,0.0565882238700283,6.93108508185696,0.22084942348025,7.33186884258517,0.0,3.50589535528762,0.0,7.20852272920724,45.2,44.4
NER,Niger,2006,63.6435286,0.055007466870775,6.53979423958846,0.299794983757293,5.93104997350342,0.0,2.12703436992842,0.0,6.89459669021653,,
NER,Niger,2007,59.7900015,0.0629841200401747,7.86421949104767,0.373375851231499,3.14272408386731,0.0,-0.585038841788489,0.0,8.30057946231934,39.6,37.3
NER,Niger,2008,55.793522,0.114066529268946,7.57169585457099,0.259876597923336,7.73141422777337,0.0,3.81608288917157,0.0,7.94563898176327,,
NER,Niger,2009,50.1590707,0.0396820694312682,7.66292092667386,0.259600588912084,1.96260090694645,0.0,-1.75785643451498,0.0,7.96220358501721,,
NER,Niger,2010,47.4166249,0.0973243501897151,6.47924361977721,0.308153599011326,8.57816674262253,0.0,4.60766589552573,0.0,6.88472156897825,,
NER,Niger,2011,52.9341936,0.107227307110315,6.68948635942864,0.453708188345834,2.35775693603874,0.0,-1.38136228282855,0.897289901092115,8.1477117559769,24.0,31.5
NER,Niger,2012,50.8088411,0.0645920818469523,7.25650952957397,0.343742842769807,10.5489445763446,0.0,6.45537638540985,2.66870372209961,10.3335481762903,,
NER,Niger,2013,49.9398881,0.046299642680483,7.04363724897562,0.146524133755415,5.31513063394726,0.0,1.43045373805732,4.23042002083649,11.466881046248,,
NER,Niger,2014,49.1431186,0.0344822080892499,7.36980603852393,0.071946469299858,6.64213665495603,0.0,2.77949866185601,2.79681841817513,10.2730531340882,22.2,34.3
NER,Niger,2015,52.2378434,0.0234772390851172,8.71508566119428,0.100901481382659,4.39264883207291,0.0,0.604320140159473,0.90069467580531,9.74015905746736,,
NER,Niger,2016,49.7638964,0.0268755656188016,8.63960045673879,0.0989601085722921,4.28137558478143,0.0,0.519341979477275,0.920918399439848,9.68635453036973,,
NER,Niger,2017,48.1076627,0.0314688786329333,7.97566616294018,0.0744665106290883,5.53198531271451,0.0,1.84106184580625,1.29768887354329,9.37929042574549,,
NER,Niger,2018,45.5557519,0.0311126942946068,4.93099140793473,0.422039369560076,6.89458420864513,0.0248077115644434,3.26870208925641,1.38714615007191,6.79609733342576,19.7,37.3
NER,Niger,2019,45.5647454,0.0227923510814171,4.74233933196262,0.088770305876397,6.07881528959186,0.0250536967376847,2.56706453200282,0.933683949773014,5.81263963543114,,
NER,Niger,2020,40.2296474,0.0197947937949763,4.92839878156715,0.208663520694245,4.45481803846413,0.0176684406437786,1.06429267675003,0.393738499216623,5.56826403591678,,
NER,Niger,2021,40.6254264,0.0372529254036624,4.8887254788283,0.830100168425339,1.11520063869706,0.0303136934860688,-2.12237799775981,0.622678205533793,6.40907047167716,18.6,32.9
NGA,Nigeria,2000,38.1068777,4.02063709273317e-05,2.32151830167876,0.000153345750217713,5.01593475936546,0.564094593247378,2.24461411115027,22.0499275524037,24.9357339994509,,
NGA,Nigeria,2001,,6.70645190902397e-05,2.13866213324612,0.000272515493931566,5.91768464924425,0.726754459284971,3.07926731848384,15.2354705757222,18.1012267482663,,
NGA,Nigeria,2002,30.643841,0.000481811735688031,1.95742849190656,0.000276343817950982,15.3291557409618,0.501989566605627,12.2103862832256,11.1446404443733,13.6048166584392,,
NGA,Nigeria,2003,34.1799493,0.000266977305556022,2.61314707510919,6.285057730766e-05,7.34719496793299,0.778807998966763,4.42833467510151,12.1202192108891,15.512504112848,20.6,40.1
NGA,Nigeria,2004,36.4364953,0.000219157225500114,1.66769651173444,2.78717613600577e-05,9.25055822923169,0.689215296398891,6.26527336884554,14.4183481253408,16.775506962461,,
NGA,Nigeria,2005,36.2768592,0.000134561625710408,1.40259102448285,0.00128802535343671,6.43851652535925,0.287750139206183,3.53183710665684,17.695803965512,19.3875677161802,,
NGA,Nigeria,2006,34.6577643,0.000108128509525699,1.08460901401012,0.00145349219149965,6.05942803202491,0.732425679471773,3.17092810336581,14.8803763188218,16.6989726330047,,
NGA,Nigeria,2007,36.7290792,0.000378312484578671,1.26299103618826,0.00617602236878342,6.59113036066867,0.757101200988554,3.67720698169809,13.8343651228424,15.8610116948726,,
NGA,Nigeria,2008,38.5736409,0.000929609635473612,1.30639847854871,0.00317538491131283,6.76447277784263,0.749813672501435,3.83258898513756,15.529944090028,17.590261235625,,
NGA,Nigeria,2009,40.5799518,0.000381672579786752,1.44801444533038,0.006732625722274,8.03692510100366,0.522028083602619,5.06718321394524,8.67398818858118,10.6511450158162,,
NGA,Nigeria,2010,31.311829,0.000623772030239382,1.06666413961285,0.0170111595024352,8.00565591623166,0.620085796949933,5.02853779304908,12.0986066267503,13.8029914948457,11.9,35.7
NGA,Nigeria,2011,32.6595177,0.00059645877958611,1.07249874646929,0.0180944735184713,5.30792420293915,0.95137055258512,2.39734841627433,15.5113433318503,17.5539035632028,,
NGA,Nigeria,2012,30.221987,0.000544124425098797,1.09186954935065,0.0208000315602732,4.23006117492493,0.944828584323691,1.37822146586619,13.0904727134596,15.1485150031193,11.4,35.5
NGA,Nigeria,2013,31.9138683,0.000358794263209442,1.01326214635552,0.0217510354394539,6.67133539308232,0.707231138877851,3.81449207687274,9.88011499667836,11.6227181116144,,
NGA,Nigeria,2014,28.5617067,0.000247381085254014,0.995506176775934,0.00536547862466416,6.30971865521856,0.706958402345768,3.53757268114983,7.0738580847829,8.78193552361452,,
NGA,Nigeria,2015,37.4061904,0.000225610780824667,1.16254596508362,0.00123316811272972,2.65269329541779,0.606650567592808,0.0819795778135273,2.78345150643408,4.55410681800406,10.8,35.9
NGA,Nigeria,2016,36.6837207,0.000315241982083601,1.48671424078734,0.00381603940176087,-1.61686894903467,0.482590199613052,-4.01892534265532,2.68429043488445,4.65772615666869,,
NGA,Nigeria,2017,33.2722023,0.000446678960032166,1.6351526504757,0.0171043027719665,0.805886619091581,0.679652469225142,-1.61585537269663,5.47262882301734,7.80498492445019,,
NGA,Nigeria,2018,33.6874013,0.000441431572252908,1.12503810641124,0.0139798912407887,1.92275734199798,0.968367262124034,-0.406836852107517,7.69068153465603,9.79850822600435,10.4,35.1
NGA,Nigeria,2019,32.1888547,0.000344190170794397,0.977848030640798,0.00519322032694481,2.20842927835211,0.855086670258244,-0.0100047582209584,6.51475056054778,8.35322267194456,,
NGA,Nigeria,2020,31.5768107,0.000239911775883114,1.08798883337937,0.00499659314905237,-6.36889840468527,0.66919749440088,-8.34242347890014,3.31241719212516,5.07484002483035,,
NGA,Nigeria,2021,31.4992996,0.000478431638825823,1.13371531183728,0.00800831809870735,1.109252540249,1.16400248668311,-0.988127022124459,6.24674969005013,8.55295423830806,,
MKD,North Macedonia,2000,47.3342762,0.00329262426606446,0.254214773820727,0.158868721809393,4.54913578288874,0.0,4.07405080631071,0.0,0.416376119896184,2.4,34.3
MKD,North Macedonia,2001,,0.00739631772439851,0.168450300328758,0.064432484635876,-3.06725662451662,0.0,-3.47368322147879,0.0,0.240279102689032,,
MKD,North Macedonia,2002,43.7102268,0.00356552995609467,0.159180881060893,0.0859058862284129,1.49366547202928,0.0,2.23345659919198,0.0,0.2486522972454,0.6,38.5
MKD,North Macedonia,2003,45.0850257,0.00400283710195594,0.183021002337912,0.0970504707824969,2.22260165732409,0.0,2.09282245300516,0.0,0.284074310222365,0.6,38.7
MKD,North Macedonia,2004,52.402797,0.0173735329313722,0.181262207797496,0.331313830559196,4.67408957960916,0.0,5.01357406752894,0.0,0.529949571288064,0.3,38.4
MKD,North Macedonia,2005,49.608845,0.011025567729415,0.161940200880839,0.299505894160864,4.72408864201974,0.0,5.29102012277241,0.0,0.472471662771118,0.8,39.3
MKD,North Macedonia,2006,55.1764833,0.0120998120637082,0.187079352240527,2.02673388143704,5.13702516153505,0.0,5.71920223477417,0.0,2.22591304574127,1.1,42.6
MKD,North Macedonia,2007,61.4069766,0.0156339602417874,0.145827926327759,5.39496651516359,6.47348685752347,0.0,7.08313931163076,0.00848092640736176,5.5649093281405,,
MKD,North Macedonia,2008,62.754076,0.0436126414299653,0.154938183558368,0.749312777104046,5.47200139015595,0.0,6.08402471253315,0.0021136756246601,0.94997727771704,0.3,46.1
MKD,North Macedonia,2009,64.3377522,0.013458054029194,0.141198995628257,0.629880938994667,-0.358614856979671,0.0,0.287981674208055,0.00119783763076804,0.785735826282886,5.5,42.8
MKD,North Macedonia,2010,58.153328,0.0331827860054843,0.120161838970592,1.32172183040512,3.35875085773812,0.0,4.02171749784563,0.0054810597393639,1.48054751512056,6.7,40.1
MKD,North Macedonia,2011,54.2849434,0.0360413038156159,0.138056976997275,1.12463948444663,2.33988604520331,0.0,2.81001401364465,0.0202744088961322,1.31901217415565,5.1,39.4
MKD,North Macedonia,2012,59.0696277,0.0171110905804179,0.161550730094025,0.972109482855732,-0.456183223607937,0.0,-0.0653472343038857,0.0230402748269549,1.17381157835713,3.8,38.1
MKD,North Macedonia,2013,58.9862302,0.00830353548003651,0.123231613012948,0.9795560965095,2.92525766450484,0.0,3.30559670350297,0.0175104064661129,1.1286016514686,2.6,36.2
MKD,North Macedonia,2014,69.7574416,0.00729713021540102,0.116911627511458,1.04002268355164,3.62912351276373,0.0,3.90792755780767,0.0217970329673458,1.18602847424584,2.5,35.2
MKD,North Macedonia,2015,62.1290756,0.00650151594708905,0.159186438538161,0.752026696908479,3.85586514041738,0.0,4.13429050530651,0.0173255645490176,0.935040215942746,2.9,35.6
MKD,North Macedonia,2016,60.0448829,0.00516706112317016,0.138122796783311,0.710173022944663,2.84820519363306,0.0,3.1782257470099,0.0128591662869988,0.866322047138143,2.2,34.5
MKD,North Macedonia,2017,61.6328449,0.00892012882391739,0.14891142080154,0.646476736917006,1.08177273813243,0.0,1.48936718625188,0.0,0.804308286542463,2.4,34.2
MKD,North Macedonia,2018,63.8711922,0.00774298342140328,0.14829259459869,0.2686236171567,2.88059670964267,0.0,3.40375411089484,0.0,0.424659195176793,1.7,33.0
MKD,North Macedonia,2019,66.5630218,0.00541957633738037,0.140752635201967,0.0,3.91041953840173,0.0,4.61869501137757,0.0,0.146172211539348,1.5,33.5
MKD,North Macedonia,2020,67.4168456,0.00468025623189221,0.14028307398639,0.0,-4.68845000956652,0.0,-3.65436823824773,0.0,0.144963330218282,,
MKD,North Macedonia,2021,67.4456605,0.00863232977360442,0.128288733786959,0.0,4.51067949038222,0.0,5.59213007924724,0.0,0.136921063560563,,
MNP,Northern Mariana Islands,2000,,,,,,,,,,,
MNP,Northern Mariana Islands,2001,,,,,,,,,,,
MNP,Northern Mariana Islands,2002,,,0.0,0.0,,0.0,,,0.0,,
MNP,Northern Mariana Islands,2003,,,0.0,0.0,0.343170899107761,0.0,2.42454664863909,,0.0,,
MNP,Northern Mariana Islands,2004,,,0.0,0.0,-3.07797537619699,0.0,-0.829932545374945,,0.0,,
MNP,Northern Mariana Islands,2005,,,0.0,0.0,-12.7028934368384,0.0,-10.4852551650988,,0.0,,
MNP,Northern Mariana Islands,2006,,,0.0,0.0,-6.87146321746161,0.0,-4.30544836131968,,0.0,,
MNP,Northern Mariana Islands,2007,,,0.0,0.0,-6.68402777777779,0.0,-3.92765941553607,,0.0,,
MNP,Northern Mariana Islands,2008,,,0.0,0.0,-11.0697674418605,0.0,-8.28281999633768,,0.0,,
MNP,Northern Mariana Islands,2009,,,0.0,0.0,-17.5732217573222,0.0,-14.854218227401,,0.0,,
MNP,Northern Mariana Islands,2010,,,0.0,0.0,1.3959390862944,0.0,3.70912591649699,,0.0,,
MNP,Northern Mariana Islands,2011,,,0.0,0.0,-7.38423028785982,0.0,-6.54977616215164,,0.0,,
MNP,Northern Mariana Islands,2012,,,0.0,0.0,0.810810810810807,0.0,1.51906574643922,,0.0,,
MNP,Northern Mariana Islands,2013,,,0.0,0.0,2.68096514745308,0.0,3.60738653208077,,0.0,,
MNP,Northern Mariana Islands,2014,,,0.0,0.0,4.177545691906,0.0,5.33556203023453,,0.0,,
MNP,Northern Mariana Islands,2015,,,0.0,0.0,3.38345864661653,0.0,4.71604040189382,,0.0,,
MNP,Northern Mariana Islands,2016,,,0.0,0.0,29.2121212121212,0.0,31.097890849885,,0.0,,
MNP,Northern Mariana Islands,2017,,,0.0,0.0,23.1707317073171,0.0,25.1775968489283,,0.0,,
MNP,Northern Mariana Islands,2018,,,0.0,0.0,-19.4973343488195,0.0,-18.0505598698509,,0.0,,
MNP,Northern Mariana Islands,2019,,,0.0,0.0,-11.4474929044465,0.0,-9.70326849241671,,0.0,,
MNP,Northern Mariana Islands,2020,,,,,-29.0598290598291,,-28.1627780007682,,,,
MNP,Northern Mariana Islands,2021,,,,,4.96987951807229,,6.19656514048702,,,,
NOR,Norway,2000,92.5456733,0.000686832030019998,0.0457539886473759,0.00274125387903448,3.443416131481,0.679904114559037,2.77419611443699,11.563574057982,12.2926602470975,0.2,27.4
NOR,Norway,2001,,0.00670896929352104,0.0478704696689313,0.00151314311376712,2.1634350595868,1.48859968754872,1.64774606735006,8.3238485310557,9.86854080068064,,
NOR,Norway,2002,91.9008788,0.00292238559202479,0.0498005755653283,0.00116998018036622,1.45747886087304,1.24076789974642,0.911800724863213,7.51237284652343,8.80703368760757,,
NOR,Norway,2003,85.9754014,0.00374326768837809,0.0429038250141529,0.000502605020011032,1.09635781210122,1.29552036796538,0.505130189722919,7.33585281468421,8.67852288037213,0.1,27.6
NOR,Norway,2004,84.0387425,0.0245300406476059,0.0342289218108911,0.000790857019610643,4.33015597691212,1.08040519257243,3.71545482424247,8.3587259592575,9.49868097130803,0.2,31.6
NOR,Norway,2005,87.5503608,0.00738231244883555,0.033137889980621,0.00435660449259831,2.96973597025936,0.820750880317894,2.27081970379837,9.62679537974438,10.4924230669843,0.1,30.6
NOR,Norway,2006,86.9241613,0.0112032034829543,0.0339236516074536,0.00489831654787615,2.84726376691944,1.64947339703,2.02226606740281,9.19503274522247,10.8945313138908,0.1,26.4
NOR,Norway,2007,86.7070542,0.0262338956782607,0.0384487141960385,0.0107115059495646,3.42030119916608,1.50336052705427,2.35569307941913,7.98287863833131,9.56163328120944,0.1,27.1
NOR,Norway,2008,88.7550219,0.0621317157696806,0.0367929196258007,0.0297516339788198,0.822805797014865,2.61547062464106,-0.425983914425387,9.87352536152341,12.6176722555388,0.1,27.0
NOR,Norway,2009,90.0386546,0.0172755566331691,0.0353321476903116,0.00956700095103686,-1.61327151945869,2.31051856857528,-2.84626226842052,5.99263870550393,8.36533197935372,0.0,26.2
NOR,Norway,2010,90.0641011,0.0213595659401432,0.0394546378235747,0.0656535464581076,1.00493269017117,1.91715331956751,-0.245447645308644,5.61799364871918,7.66161471850852,0.1,25.7
NOR,Norway,2011,88.8975593,0.0163198243427435,0.0340900628546341,0.0657948693048983,1.38505117083945,2.41175101682902,0.0783883119236179,7.50443616793107,10.0323919412624,0.1,25.3
NOR,Norway,2012,88.6578652,0.006773704007227,0.0303918429829495,0.0394759187988791,2.82395673492459,2.79793704881972,1.48225525787396,6.46713141316121,9.34170992776999,0.1,25.7
NOR,Norway,2013,88.3114777,0.00570000481964688,0.036013477985683,0.0405949418403509,1.27290177696287,2.53697378296224,0.0557424221281622,5.54926522150093,8.16854742910885,0.1,26.4
NOR,Norway,2014,86.39072,0.00524468700463925,0.0421191853372772,0.0259559152201897,2.09521388080101,1.90179376677279,0.950316555459452,5.54233636695862,7.51744992129352,0.1,26.8
NOR,Norway,2015,85.8984385,0.00388044762286498,0.04396577845457,0.0114655593130633,2.04428845501438,1.95702125326246,1.03389677968102,3.14606557734506,5.16239861599802,0.1,27.5
NOR,Norway,2016,85.460181,0.00337660408556927,0.0466299605074352,0.0,1.29158732771135,1.2124850625234,0.403158160219562,2.60460301891109,3.86709464602749,0.2,28.5
NOR,Norway,2017,84.6106037,0.000668385613510448,0.041236013714752,0.0,2.66964474273466,1.65858536349106,1.84374931382847,3.63541371456372,5.33590347738304,0.2,27.0
NOR,Norway,2018,84.8814137,0.000823626670339424,0.0527288108491556,0.0,1.1103912365576,2.37284790629379,0.445168753194665,4.96722177394478,7.39362211775806,0.2,27.6
NOR,Norway,2019,84.2852607,0.000523832286015022,0.0444070979953125,0.0,1.46970781954143,1.68596945226407,0.787031849898966,4.53800306780214,6.26890345034754,0.1,27.7
NOR,Norway,2020,86.4773169,0.000280973212636927,0.0411857622932454,0.0,-1.36055723261586,0.91000200178554,-1.93959793141106,3.22981815901586,4.18128689630728,0.2,28.4
NOR,Norway,2021,84.2087352,0.000758175459027536,0.0403713388100448,0.0,4.14314688769197,3.94366899283053,3.58770470380205,6.06347788332955,10.0482763904291,0.1,29.1
OMN,Oman,2000,83.2651219,0.0,0.000974176744089338,0.000155385864358047,6.19241063695442,1.95544231164374,4.83264880749192,44.475781466106,46.4323533403582,,
OMN,Oman,2001,,0.0,0.00112806241941509,1.84908058298389e-05,4.61316649389876,3.37433221536619,3.34135289623774,36.285347329679,39.6608260982704,,
OMN,Oman,2002,82.2999962,0.0,0.00125478682963038,0.000402913419828814,-0.784165786429256,3.00081952390751,-1.92709599366199,33.51317909328,36.5156563174369,,
OMN,Oman,2003,83.0437307,0.0,0.00172239732961824,0.0,-2.19466567976842,2.83911460251647,-3.29759460918538,33.3255110511249,36.1663480509711,,
OMN,Oman,2004,81.3681094,0.0,0.00151401022043465,0.00569190346485592,1.99251510973346,2.88939866107243,0.252575657950231,36.7966643908859,39.6932689656436,,
OMN,Oman,2005,82.0610775,0.0,0.00123406045003166,0.00934013672483785,2.77944360306151,3.43896048338828,0.482138133458704,42.841561539357,46.2910962199201,,
OMN,Oman,2006,80.3039394,0.0,0.00130015329674951,0.00655077362796562,4.66981481939328,3.83739990543483,2.38091766222423,40.7520000982427,44.5972509306022,,
OMN,Oman,2007,80.9975566,0.0,0.00109541757164313,0.0046080136430455,4.98065467051528,3.56690047305781,2.71865852745317,37.7986997972135,41.3713037014859,,
OMN,Oman,2008,80.4507899,0.0,0.00137092738643272,0.00137641545022014,8.95005895005896,2.58617896745128,6.61241844727729,37.9131008037865,40.5020271140744,,
OMN,Oman,2009,80.2437814,0.0,0.00173377724679697,0.00090316754360988,5.98196694904402,3.44253307350361,3.68717578981379,30.5131215016084,33.9582915199024,,
OMN,Oman,2010,75.913922,0.0,0.00159369128321774,0.0150457304494815,2.47199856582773,2.58478670992998,-0.232906393185388,32.5688653439524,35.1702914756151,,
OMN,Oman,2011,71.2353246,0.0,0.00157855166310487,0.15840492752114,2.89460973541192,2.70638988975639,-7.78414520830087,40.4074409203453,43.273814289286,,
OMN,Oman,2012,72.5160176,0.0,0.00165184315297515,0.105281449933667,8.86312225557018,2.79525403477041,-5.57202783891576,37.5396768679582,40.4418641958152,,
OMN,Oman,2013,71.5988552,0.0,0.0013691281081043,0.0490024463064276,5.22770408145942,2.80564328885222,-2.64416002304453,35.9895065337986,38.8455213970653,,
OMN,Oman,2014,75.6275028,0.0,0.00218906145561547,0.0518559807676152,1.29225229411081,2.61536016043644,-2.97274165335905,31.6791185960483,34.348523798708,,
OMN,Oman,2015,76.4087913,0.0,0.00240527332833459,0.0207625564399785,5.01705799719045,2.20871236883756,0.438450329868957,18.8680645519097,21.0999447505156,,
OMN,Oman,2016,74.5476434,0.0,0.00200422268933291,0.00121057598710312,5.04642394571691,1.7770747170444,0.118553614303224,16.2724873177614,18.0527768334822,,
OMN,Oman,2017,75.2355741,0.0,0.00235866376858395,6.04777123539979e-05,0.304057565922449,2.04633987256907,-2.93490377016138,19.3050063067708,21.3537653208209,,
OMN,Oman,2018,75.1056839,0.0,0.00108649491786051,0.0,1.28710391543288,3.3045927232868,-0.0452382355009746,23.7087990780384,27.0144782962431,,
OMN,Oman,2019,74.7215562,0.0,0.00155761882899883,0.0,-1.12863801728058,3.36669233100504,-0.985733221362153,21.6117797561797,24.9800297060137,,
OMN,Oman,2020,73.9028283,0.0,0.00169295533289136,0.0,-3.37972052697999,3.89069264786266,-1.91104857604375,14.994277961787,18.8866635649826,,
OMN,Oman,2021,72.560235,0.0,0.00135528804610878,0.0,2.5821749892893,5.67148047353265,3.08530454964595,23.5387435070386,29.2115792686173,,
PAK,Pakistan,2000,45.6126456,0.0294023180237195,0.169241907399449,0.000907732162106178,4.2600880111325,1.06406108831938,1.35619796881565,0.57523060801743,1.83884365392209,,
PAK,Pakistan,2001,,0.0517410438117924,0.197936217781293,0.000617451896277169,3.65135017083765,1.10586200793431,0.793239199866164,0.499846315824726,1.8560030372484,15.3,28.7
PAK,Pakistan,2002,37.8796223,0.035974556751227,0.229954226004785,0.000203992600147412,2.59481668445784,1.38103962241738,0.110981031379026,0.55283472801061,2.20000712578415,,
PAK,Pakistan,2003,38.8556291,0.035765161747124,0.200366540342047,0.00284708985048098,5.40131087314342,1.42372959467998,2.94922564327645,0.522591846064124,2.18530023268376,,
PAK,Pakistan,2004,39.3181579,0.105631310798181,0.129746236955408,0.0187787573912728,7.83125556961251,1.53358885408368,5.20245589475688,0.661270328742457,2.449015487971,9.7,30.9
PAK,Pakistan,2005,36.2442504,0.0834562245990744,0.118703165626381,0.0269832032199071,7.2765744364722,1.74837050193472,4.7286345998931,0.913653665209943,2.89116676059003,9.5,31.3
PAK,Pakistan,2006,33.8629353,0.0633889914136207,0.15149456165741,0.0637061164604447,6.05163767569996,1.58009187746378,3.55533116774782,0.883595451345289,2.74227699834054,,
PAK,Pakistan,2007,26.5961013,0.0899951154742049,0.214651357195621,0.0685445687144515,4.4448143398844,0.910234348934176,1.72148373910261,0.947147229187945,2.2305726195064,7.2,29.7
PAK,Pakistan,2008,24.4694745,0.156190732694083,0.184478304778111,0.0601804216143809,2.1204410433083,0.816351312264696,-0.577212099008804,1.0846584932923,2.30185926464357,,
PAK,Pakistan,2009,28.3468919,0.0671108211230262,0.179834450159337,0.0394664036032011,3.47255059567348,1.02766760910678,0.87615081009595,0.525570260608523,1.83964954460087,,
PAK,Pakistan,2010,23.8960042,0.0949511696372946,0.306991926555376,0.0838048487510589,1.50171752152883,1.06533599428264,-0.97547471765489,0.72864364053068,2.27972757975705,4.8,28.8
PAK,Pakistan,2011,19.5783837,0.0978910040824315,0.263245273492436,0.084628082913077,2.68011685421705,1.15135968525352,0.408754534144464,1.01863575475154,2.615759800493,4.8,29.7
PAK,Pakistan,2012,20.1034499,0.0601665816498387,0.220322849457223,0.0586323578985086,3.02758391088629,1.16061935619345,1.08227196914481,1.0633112529615,2.56305239816052,,
PAK,Pakistan,2013,20.3234763,0.0535736323775322,0.187003658721418,0.0350322922447897,4.36686504978387,0.810320846360073,2.68232501000951,1.06026413011729,2.14619455982111,3.8,29.5
PAK,Pakistan,2014,23.8367345,0.0475600073916129,0.185882475211949,0.0236449142756698,4.11642817161422,0.804257582672484,2.56600413102157,0.93400190583338,1.9953468853851,,
PAK,Pakistan,2015,24.3870695,0.0392103536960419,0.197294094157501,0.0146417314923489,4.21794209572506,0.640277340950594,2.76648640710329,0.333804259360431,1.22522777965692,2.8,31.3
PAK,Pakistan,2016,26.0080143,0.0371350757558438,0.195084121067945,0.0161595876848166,6.57383828511043,0.529799379684657,5.19506859858923,0.187153081394228,0.96533124558749,,
PAK,Pakistan,2017,28.0004036,0.0463691812512946,0.150402750839516,0.031041164460673,4.43262590683975,0.578433998743213,2.96623678403046,0.300559741011292,1.10680683630599,,
PAK,Pakistan,2018,31.9741236,0.0721555292760785,0.0972655669332497,0.0354325651886498,6.15170261099519,0.592895257258281,4.44201942237108,0.443490416507805,1.24123933516406,2.7,29.6
PAK,Pakistan,2019,32.9381408,0.0786917241446841,0.120983563217612,0.0399158843301769,2.49763692943365,0.705622138819343,0.778096107046181,0.358191529536938,1.30340484004876,,
PAK,Pakistan,2020,38.7661403,0.0707443480836731,0.144646251043324,0.0339876609046548,-1.27408744338709,0.715021946350587,-3.03889328268374,0.159470063577414,1.12387026995965,,
PAK,Pakistan,2021,37.7158986,0.121668638591279,0.128676978113697,0.0687357166320551,6.51388575852702,0.736337565284813,4.52304565172781,0.380197434318265,1.43561633294011,,
PLW,Palau,2000,,,0.0,0.0,-2.60392518285772,,-4.01067837528387,,0.0,,
PLW,Palau,2001,,,0.0,0.0,7.34588822740689,,6.38070713234859,,0.0,,
PLW,Palau,2002,,,0.0,0.0,4.71497567037891,,3.90423058879006,,0.0,,
PLW,Palau,2003,82.1460909,,0.0,0.0,-2.12775905744436,,-2.90440433884417,,0.0,,
PLW,Palau,2004,82.0790764,,0.0,0.0,3.47251267849076,,2.63199428589556,,0.0,,
PLW,Palau,2005,82.4735879,,0.0,0.0,2.88482026504025,,2.89001148660869,,0.0,,
PLW,Palau,2006,82.6401711,,0.0,0.0,0.228102952380539,,1.38420723795385,,0.0,,
PLW,Palau,2007,82.9152703,,0.0,0.0,0.687060932625798,,2.20503496285033,,0.0,,
PLW,Palau,2008,82.8813889,,0.0,0.0,-5.55349767521281,,-4.09772276958059,,0.0,,
PLW,Palau,2009,93.0361937,,0.0,0.0,-6.19509416666021,,-4.69092656016056,,0.0,,
PLW,Palau,2010,92.8512136,,0.0,0.0,-3.02648271979963,,-1.3765201785568,,0.0,,
PLW,Palau,2011,92.6829837,,0.0,0.0,4.5453422056307,,6.38434092348612,,0.0,,
PLW,Palau,2012,92.6652257,,0.0,0.0,2.06132919740671,,3.85953893783947,,0.0,,
PLW,Palau,2013,92.610966,,0.0,0.0,-1.39368330622723,,-0.739958291881621,,0.0,,
PLW,Palau,2014,92.7983956,,0.0,0.0,4.21392368136632,,3.81977562115456,,0.0,,
PLW,Palau,2015,82.2232229,,0.0,0.0,8.57000568228419,,8.23397021168624,,0.0,,
PLW,Palau,2016,82.1457425,,0.0,0.0,1.66650688235592,,1.51226764620245,,0.0,,
PLW,Palau,2017,85.3421489,,0.0,0.0,-3.42143170174889,,-3.50276330541348,,0.0,,
PLW,Palau,2018,85.408926,,0.0,0.0,-0.417625859260369,,-0.428806096617578,,0.0,,
PLW,Palau,2019,85.4289661,,0.0,0.0,0.300684343692609,,0.390852393445343,,0.0,,
PLW,Palau,2020,85.417957,,0.0,0.0,-6.00740723664144,,-5.97571009429768,,0.0,,
PLW,Palau,2021,85.3747645,,0.0,0.0,-11.9146400192064,,-11.8700599011258,,0.0,,
PAN,Panama,2000,67.6657382,0.0,0.113526164553835,0.0236592233139777,4.20900547865375,0.0,2.18230222607616,0.0,0.137185387867812,8.5,56.6
PAN,Panama,2001,,0.0,0.114534951128502,0.00954127696557157,0.949908149985234,0.0,-0.995989281913566,0.0,0.124076228094074,10.6,56.7
PAN,Panama,2002,70.7766768,0.0,0.104901871143008,0.0182154367906796,2.50884372716125,0.0,0.549728201098816,0.0,0.123117307933687,7.1,56.1
PAN,Panama,2003,67.3024826,0.0,0.10813695776312,0.0357194563606147,5.09686030493801,0.0,3.10474245435412,0.0,0.143856414123735,7.2,55.6
PAN,Panama,2004,67.6050062,0.0,0.0980526867175237,0.0620949478753675,8.17565333965649,0.0,6.13442184467048,0.0,0.160147634592891,6.4,54.8
PAN,Panama,2005,64.8954049,0.0,0.0987195742549029,0.0,8.27618334503531,0.0,6.25411779537141,0.0,0.0987195742549029,6.1,53.8
PAN,Panama,2006,67.3552989,0.0,0.127267314799788,0.0,9.85723870564752,0.0,7.83919999384199,0.0,0.127267314799788,6.9,54.6
PAN,Panama,2007,67.8203779,0.0,0.117743566419889,0.0,13.1530653782933,0.0,11.0968501218357,0.0,0.117743566419889,4.8,52.7
PAN,Panama,2008,67.1081281,0.0,0.109519193886937,0.0,10.1974325907958,0.0,8.20927227088663,0.0,0.109519193886937,3.0,52.7
PAN,Panama,2009,67.8726493,0.0,0.0966362516937444,0.0480656681741952,1.61186405976055,0.0,-0.205009313798783,0.0,0.14470191986794,1.9,51.8
PAN,Panama,2010,64.493439,0.0,0.169336064951859,0.0653843256716674,6.07339353106087,0.0,4.19797204867427,0.0,0.234720390623527,2.6,51.6
PAN,Panama,2011,65.1686268,0.0,0.128872476655381,0.140996354046386,11.9088772249531,0.0,9.94036229041117,0.0,0.269868830701767,1.9,51.3
PAN,Panama,2012,64.8455984,0.0,0.108055430670905,0.152385822639332,9.62729346439019,0.0,7.70986507627907,0.0,0.260441253310238,2.5,51.7
PAN,Panama,2013,64.1932128,0.0,0.118754657486849,0.0832767345132817,6.32435388662846,0.0,4.48786634938627,0.0148663619351819,0.216897753935313,1.8,51.5
PAN,Panama,2014,70.7028074,0.0,0.132387498808345,0.0714201888989479,4.62581375565551,0.0,2.83087707850027,0.0277938429371604,0.231601530644453,2.2,50.5
PAN,Panama,2015,74.1501152,0.0,0.104951322854754,0.0300245179063201,5.26691719595516,0.0,3.46107387568399,0.00371461934835003,0.138690460109424,1.3,50.8
PAN,Panama,2016,73.7741202,0.0,0.11716614237166,0.00926058332457286,4.57196707937275,0.0,2.77979910410548,0.0045778550895998,0.131004580785833,1.4,50.4
PAN,Panama,2017,73.7176296,0.0,0.116492314728545,0.0077840509805903,5.7440594635578,0.0,3.94788150696994,0.0,0.124276365709136,1.6,49.9
PAN,Panama,2018,72.1174424,0.0,0.0994393790926708,0.0,3.91824253321265,0.0,2.19403437221415,0.0,0.0994393790926708,1.1,49.2
PAN,Panama,2019,72.7148713,0.0,0.0827383292351151,0.233373966853015,3.10295395631086,0.0,1.47558922151505,0.0,0.31611229608813,0.9,49.8
PAN,Panama,2020,71.6480793,0.0,0.120466074189975,0.414631791548971,-17.8211174074602,0.0,-18.9420549753141,0.0,0.535097865738947,,
PAN,Panama,2021,71.9384306,0.0,0.0861571934558768,3.57863766648832,16.4669992022652,0.0,15.0694182618459,0.0,3.6647948599442,1.1,50.9
PNG,Papua New Guinea,2000,61.3265513,0.0,3.61900595520652,6.70115973815214,-2.49484199260023,0.245727169392993,-5.80069881814661,15.1343158261002,25.7002086888519,,
PNG,Papua New Guinea,2001,,0.0,3.93950514672019,3.20688773881322,-0.121288605564772,0.309445269409677,-3.45795715085934,10.0494445711599,17.505282726103,,
PNG,Papua New Guinea,2002,51.4730421,0.0,4.9296803414803,6.34162533640631,-0.158900533082658,0.276285278534893,-3.45493602471663,8.30071007566483,19.8483010320863,,
PNG,Papua New Guinea,2003,50.4257691,0.0,5.99462772288367,7.28731873407792,2.16410250222083,0.2712926589633,-1.1723144679098,8.5315713263891,22.084810442314,,
PNG,Papua New Guinea,2004,52.7084654,0.0,4.2787235421811,14.2698811850806,2.72117574098235,0.259537194188596,-0.591008801262731,9.98265210787866,28.790794029329,,
PNG,Papua New Guinea,2005,47.9910484,0.0,3.56771179040925,13.8116048148126,6.34479592309654,0.246725853729445,2.96266985795965,13.5759956853375,31.2020381442888,,
PNG,Papua New Guinea,2006,47.4478603,0.0,2.96694754954177,14.9933922556165,5.40994409107307,0.120639617794781,2.1010623787835,9.32165114223731,27.4026305651904,,
PNG,Papua New Guinea,2007,50.0481564,0.0,3.5973883395493,12.4080412371666,7.81518922862388,0.0947961865374602,4.47661413613285,8.10660630103675,24.2068320642901,,
PNG,Papua New Guinea,2008,52.5049398,0.0,3.98060857486107,12.7571740548352,-0.296457845880582,0.0955224826288264,-3.34540325323914,8.52783686957129,25.3611419818964,,
PNG,Papua New Guinea,2009,50.05578,0.0,3.45515581843709,11.3523437597216,6.80042148322096,0.0949891028567753,3.57848686707685,4.00467749044639,18.9071661714619,22.0,41.9
PNG,Papua New Guinea,2010,49.8207713,0.0,3.87169100008406,19.3279074981138,10.1284540720232,0.082654095456029,6.85231014831385,4.61457234233034,27.8968249359842,,
PNG,Papua New Guinea,2011,50.4893639,0.0,3.15668959034849,18.184302498514,1.10754362619616,0.0756884883830316,-1.79758471709076,4.85140837264189,26.2680889498874,,
PNG,Papua New Guinea,2012,50.8783701,0.0,2.43548066873603,9.76136635013989,4.65711959686239,0.053034038226872,1.78156409666185,3.56540758499502,15.8152886420978,,
PNG,Papua New Guinea,2013,52.3860912,0.0,2.50231478327613,5.67537595324957,3.82494632800675,0.0519952379140586,1.05749757557005,3.43617432270382,11.6658602971436,,
PNG,Papua New Guinea,2014,54.4642694,0.0,3.15282018263864,3.67301579213499,13.5437706216546,2.68508035101574,10.6031750853758,4.5168090264406,14.02772535223,,
PNG,Papua New Guinea,2015,54.0433105,0.0,2.4139736154163,1.80609932090663,6.57835632304275,6.24715048464434,3.8989789371627,2.27122940050953,12.7384528214768,,
PNG,Papua New Guinea,2016,52.952915,0.0,2.58216774489112,4.79215114126778,5.48957315278187,5.09675442660281,2.91791021651957,1.86576642511912,14.3368397378808,,
PNG,Papua New Guinea,2017,51.0506414,0.0,2.99071546483766,5.73959585076772,3.53461081750459,5.08750323001255,1.08692627161339,2.22581954930201,16.0436340949199,,
PNG,Papua New Guinea,2018,52.2818183,0.0,2.30932252914095,6.05432021367323,-0.279252284959952,6.33134746755824,-2.56991254975047,2.22689061511957,16.921880825492,,
PNG,Papua New Guinea,2019,52.2428295,0.0,2.0715590465242,3.10580299721339,4.48051456942582,7.06589944245783,2.14824964998061,1.5719422304623,13.8152037166577,,
PNG,Papua New Guinea,2020,52.7635143,0.0,2.23946198509265,3.03260612895855,-3.16743204434815,5.95976828593876,-5.20688760573694,0.709889074758713,11.9417254747487,,
PNG,Papua New Guinea,2021,53.1237601,0.0,1.95769505135664,14.4143020233093,-0.510612607034361,9.13965766574147,-2.4695196729345,1.87502650776602,27.3866812481734,,
PRY,Paraguay,2000,44.8046022,0.0,1.45787297235915,0.0,-2.31414056819045,0.0,-4.18580870385856,0.00338523670831026,1.46125820906746,,
PRY,Paraguay,2001,,0.0,1.60757447354987,0.0,-0.834054716746095,0.0,-2.49369285917085,0.00129659487206078,1.60887106842193,5.3,54.6
PRY,Paraguay,2002,42.7833791,0.0,2.06644461539792,0.0,-0.0214043949985694,0.0,-1.42073243570553,0.00163517598419678,2.06807979138211,7.8,57.3
PRY,Paraguay,2003,50.0368091,0.0,2.1405094286833,0.0,4.32074548551591,0.0,3.04557479031354,0.0016823879677269,2.14219181665103,4.8,54.9
PRY,Paraguay,2004,59.0742329,0.0,1.64033653204543,0.0,4.05741836363771,0.0,2.86510353489651,0.00885714488141932,1.64919367692685,3.3,52.3
PRY,Paraguay,2005,57.5105405,0.0,1.57676942951572,0.0,2.13349066459601,0.0,1.01015474976116,0.0721023170796774,1.6488717465954,3.5,51.4
PRY,Paraguay,2006,56.651155,0.0,1.82769554506963,0.0,4.80711719268376,0.0,3.72097911920059,0.093411156274331,1.92110670134396,4.5,53.0
PRY,Paraguay,2007,58.5410889,0.0,1.64733758618202,0.0,5.42162287218235,0.0,4.39311756937708,0.101460877412438,1.74879846359446,4.3,53.0
PRY,Paraguay,2008,58.0003247,0.0,1.37910328807313,0.0,6.4962921197091,0.0,5.46828018339494,0.157606646082066,1.53670993415519,2.4,50.7
PRY,Paraguay,2009,57.763982,0.0,1.51544231767878,0.0,-0.261137328080281,0.0,-1.27522707842539,0.111570934639677,1.62701325231846,3.0,49.1
PRY,Paraguay,2010,56.7837731,0.0,1.93905632440049,0.0,11.0952312685521,0.0,9.80314731436218,0.143936547562155,2.08299287196264,3.1,51.0
PRY,Paraguay,2011,56.2122108,0.0,1.47353467744093,0.0,4.28637120702282,0.0,2.91154988835602,0.198340645226439,1.67187532266737,2.9,52.3
PRY,Paraguay,2012,56.0805663,0.0,1.47455168437489,0.0,-0.708043112316886,0.0,-2.09516519055065,0.21578841647676,1.69034010085165,1.8,47.6
PRY,Paraguay,2013,55.3324708,0.0,1.50683472158591,0.0,8.29307648940471,0.0,6.74651223749345,0.191256763032491,1.6980914846184,1.2,47.9
PRY,Paraguay,2014,66.0780649,0.0,1.5066579255286,0.0,5.30123864473624,0.0,3.78558222389611,0.179139183622576,1.68579710915118,1.3,50.7
PRY,Paraguay,2015,67.306249,0.0,1.59687454489978,0.0,2.95715168367079,0.0,1.4645236194643,0.102441199876795,1.69931574477657,1.1,47.6
PRY,Paraguay,2016,67.5082338,0.0,1.81645151192893,0.0,4.26802583314583,0.0,2.76597250767641,0.0771925125540579,1.89364402448299,1.0,47.9
PRY,Paraguay,2017,65.4109498,0.0,1.63940581803516,0.0,4.81007885554041,0.0,3.32962942297075,0.0454333185625002,1.68483913659766,0.5,48.5
PRY,Paraguay,2018,65.3173273,0.0,1.44137638465142,0.0,3.20425034076639,0.0,1.77964425718002,0.0698851710974406,1.51126155574886,0.8,46.0
PRY,Paraguay,2019,66.5012496,0.0,1.31846118584505,0.0,-0.40185510068001,0.0,-1.74219112718859,0.0593329259382367,1.37779411178328,0.6,45.7
PRY,Paraguay,2020,66.035858,0.0,1.65267093805515,0.0,-0.819785390971916,0.0,-2.15166731600608,0.0299623174238903,1.68263325547904,0.5,43.5
PRY,Paraguay,2021,64.9542527,0.0,1.27405261918214,0.0,3.99461510731535,0.0,2.74305750115238,0.0729632593043703,1.34701587848651,0.4,42.9
PER,Peru,2000,43.7370517,0.0,0.206357831813699,1.31664311353393,2.69437139806912,0.0128404214528288,1.10433498225969,1.47089124400805,3.00673261080851,10.6,49.1
PER,Peru,2001,,6.58831227251724e-05,0.193352168957457,0.610589038496482,0.617892325624297,0.0136618526548523,-0.748837166204879,1.05261095605344,1.87027989928496,11.2,51.3
PER,Peru,2002,44.8342388,0.0,0.185588270930328,0.785423835993764,5.45352893818767,0.0120529488613556,4.20293608263907,1.02180114719449,2.00486620297994,9.8,53.6
PER,Peru,2003,43.9447435,7.11286015901435e-09,0.173559339190321,1.74229444008445,4.16502313666112,0.0101218305766864,3.06117676528694,1.07774091532319,3.0037165322875,7.8,53.1
PER,Peru,2004,49.9134373,0.000790996817941175,0.169943964954899,4.98151080514995,4.95820320611745,0.014819540128034,3.93432882456604,1.06753835340617,6.234603660457,8.7,49.9
PER,Peru,2005,50.2747917,0.000813696791413392,0.158512249767766,6.27793331682556,6.28506032509601,0.0455535327521676,5.34332345958555,1.34041583277284,7.82322862890974,9.9,50.4
PER,Peru,2006,53.6886896,0.00195678276615012,0.199100187510279,11.7308572426194,7.5288990440594,0.0620325376535218,6.68113849738523,1.43686129313732,13.4308080436867,8.6,50.3
PER,Peru,2007,56.307135,0.00334174270741921,0.203831829134657,12.6076283382483,8.5183877690955,0.0969856042215098,7.73406209571857,1.30152657637918,14.213314090691,7.1,50.0
PER,Peru,2008,54.1282624,0.00988418088587248,0.182180344922229,10.1907591712367,9.1265683014642,0.125348633260744,8.4109066563893,1.51772504698259,12.0258973772881,5.7,47.5
PER,Peru,2009,50.0197395,0.00561274123872108,0.153845154742738,7.93313937963605,1.0958236592427,0.130444390715236,0.473893281807491,0.697970782680752,8.9210124490135,4.6,47.0
PER,Peru,2010,52.6474397,0.00287321696448575,0.232133768026625,10.0296551530023,8.33245910749577,0.157433236068114,7.6277436246787,0.792083877152532,11.2141792512141,3.6,45.5
PER,Peru,2011,54.3572293,0.00643448766502628,0.185724618227566,11.0671310820787,6.32719240161117,0.47607012128038,5.53595626254707,1.03123460325427,12.7665949125059,3.3,44.7
PER,Peru,2012,53.9615306,0.00469811602699319,0.159329263520308,8.51955189006804,6.13972470560435,0.468935749806255,5.25513020005759,0.846764293465381,9.99927931288698,3.1,44.4
PER,Peru,2013,53.8305335,0.0032585113220827,0.181783102720725,6.26699281690755,5.85251821084928,0.504613783048346,4.90271487934022,0.697556616786882,7.65420483078558,2.8,43.9
PER,Peru,2014,58.9922925,0.00276469173330299,0.215684230101134,4.26013490615039,2.38215737180541,0.482495638298715,1.36938882425959,0.701848750280175,5.66292821656372,2.5,43.1
PER,Peru,2015,60.4051868,0.00262100955245613,0.182731288588367,3.23811085118362,3.25224477218451,0.252767387549924,2.09361990664132,0.235255947792189,3.91148648466656,2.4,43.4
PER,Peru,2016,62.8284237,0.00301187982222832,0.224375236979849,3.9330093820778,3.95331871520767,0.119359528240305,2.57623039728159,0.125482139363681,4.40523816648386,2.3,43.6
PER,Peru,2017,62.0633678,0.00413016635399039,0.17754220831764,5.39664382886919,2.51883544233135,0.134357001744173,1.01943141648242,0.183583190148902,5.8962563954339,2.2,43.3
PER,Peru,2018,63.0086226,0.00323898386325731,0.128648792937487,5.21656664025148,3.969351341365,0.297824249758661,2.1018453903506,0.309747444730138,5.95602611154103,1.8,42.4
PER,Peru,2019,64.3760867,0.00197751483316281,0.119571157344228,1.79031604115199,2.24063176875049,0.325180505319842,0.502286291227506,0.262076250939903,2.49912146958912,1.5,41.5
PER,Peru,2020,60.8314701,0.00124950155217159,0.134349954427146,3.56025191286865,-10.9333065010382,0.178951972137191,-11.989123385761,0.104811146749273,3.97961448773443,3.1,43.7
PER,Peru,2021,60.1862673,0.00249271827303621,0.118747804117353,12.0963602788012,13.4166456126513,0.258002993482149,12.3312441776109,0.249104440244954,12.7247082349187,1.4,40.1
PHL,Philippines,2000,41.2740711,0.0075243014100572,0.266294389337994,0.179542055129519,4.38250500083399,0.000840741103020849,1.9282797124846,0.0104038241654931,0.464605311146084,7.1,47.7
PHL,Philippines,2001,,0.0160221222310816,0.30038605107745,0.0232209891886189,3.04923134463486,0.0107019940170264,0.800810377832349,0.0144915389746712,0.364822695488848,,
PHL,Philippines,2002,48.2653396,0.0108959226384649,0.298292595569984,0.0450919244076249,3.71625500158383,0.109402120912428,1.63440956717702,0.0953215148068828,0.559004078335385,,
PHL,Philippines,2003,39.0208646,0.0115711742241458,0.404284633164113,0.0535752382514208,5.08691113513073,0.20363742705430599,3.02447664962099,0.0995952840686412,0.772663756762627,6.9,46.6
PHL,Philippines,2004,38.9138244,0.067532240818793,0.342061736291048,0.146691413304411,6.56922851180626,0.198664386952604,4.51829535753411,0.120921357203037,0.875871134569893,,
PHL,Philippines,2005,45.8020976,0.0477348222671089,0.264349018304629,0.13660780288644,4.94250511877678,0.234305446036162,3.00922096669444,0.208173196873912,0.891170286368252,,
PHL,Philippines,2006,40.7490289,0.0337449921646886,0.288848766107275,0.793818324821909,5.31641682136939,0.164000003440187,3.55972238279863,0.189561366939243,1.4699734534733,7.5,47.2
PHL,Philippines,2007,41.2443167,0.0645624841882037,0.325748577590045,2.18636744030673,6.51929155018938,0.154454254234892,4.68750495300476,0.175523561601761,2.90665631792163,,
PHL,Philippines,2008,37.4882521,0.144234555171899,0.435708390016916,0.552207672190515,4.34448730509183,0.154156135874608,2.51657128580275,0.237100244347381,1.52340699760132,,
PHL,Philippines,2009,38.101362,0.0692845741543917,0.400630135612476,0.39337885443272,1.44832306275669,0.154336054863015,-0.362955289837316,0.157110268663192,1.1747398877258,5.7,46.3
PHL,Philippines,2010,38.8607246,0.141497292534211,0.338700074143757,1.32760197579069,7.33449996034538,0.135702232896107,5.15869430276467,0.174056441360051,2.11755801672482,,
PHL,Philippines,2011,42.3142535,0.168097504910434,0.363036895530963,1.94230442251442,3.85823282795663,0.144806874906116,1.83760514144211,0.225427511195249,2.84367320905718,,
PHL,Philippines,2012,45.8972609,0.089523293632695,0.297488355159258,0.889194032734756,6.89695171050985,0.119117794440186,4.8407653397621,0.158243887624787,1.55356736359168,5.6,46.5
PHL,Philippines,2013,47.1997637,0.0552783685574472,0.269234847110908,0.631186326114884,6.75053130142255,0.0990805691189983,4.76266633818079,0.131161173186058,1.1859412840883,,
PHL,Philippines,2014,52.1306888,0.0464954919979855,0.34087014925573,0.854640449541731,6.34798748260867,0.131768950998499,4.61514068278228,0.135190051391655,1.5089650931856,,
PHL,Philippines,2015,50.0628483,0.0279728252969464,0.247625799940941,0.30730053305969,6.34830971672761,0.13169808513133,4.7872505574235,0.0435510310012169,0.758148274430124,3.4,44.6
PHL,Philippines,2016,41.3367179,0.0459804255789144,0.251975427702235,0.224446464168332,7.14945675000752,0.10602405844169,5.7212148588973,0.0331707917845771,0.661597167675748,,
PHL,Philippines,2017,44.0426791,0.063378916996683,0.296677829690723,0.457178741840246,6.9309883258402,0.105639145946104,5.56223020665776,0.0417218027567957,0.964596437230551,,
PHL,Philippines,2018,47.672128,0.0696404953218149,0.198451064762095,0.452207033546381,6.34148557153473,0.166364708759932,5.03429067114457,0.0571201423493892,0.943783444739612,1.6,42.3
PHL,Philippines,2019,48.650639,0.0549027596736656,0.168695263776435,0.374179664439701,6.11852566221303,0.153193275613716,4.83577546655691,0.0343292239111028,0.78530018741462,,
PHL,Philippines,2020,49.8113371,0.0455449547968138,0.190645713845517,0.400797063250695,-9.51829474045297,0.115070223869134,-10.5488615065624,0.0120548345049257,0.764112790267085,,
PHL,Philippines,2021,47.2142694,0.0944068332804607,0.164463350386355,1.52347720385639,5.71473313185116,0.156099110143511,4.76163916254069,0.0341868982411901,1.97263339590791,1.6,40.7
POL,Poland,2000,74.0510283,0.182328645236043,0.226640506518491,0.0999517476893002,4.65633252988236,0.0522971648633047,5.75502267661936,0.0465319775920722,0.607750041899211,0.1,33.0
POL,Poland,2001,,0.425432376113189,0.190772305710436,0.0267289078157238,1.23374464400356,0.106139238526915,1.26167597595419,0.0366402877333744,0.785713115899639,0.1,32.8
POL,Poland,2002,78.294805,0.240319506924247,0.174959822261182,0.0398429496451669,1.90119437968586,0.0786090314640388,1.94840486282048,0.0319240191640549,0.565655329458689,0.0,34.1
POL,Poland,2003,76.0490972,0.206937984031917,0.206596721646823,0.068706713816381,3.52337117234833,0.0792732257402106,3.59326547651193,0.0369313368575611,0.598445982092893,0.0,34.9
POL,Poland,2004,69.6263591,0.874452636399812,0.20310289066654,0.252318994724823,5.09079546409544,0.0650540141879174,5.15230495657681,0.0493919088310566,1.44432044481015,1.3,38.0
POL,Poland,2005,74.7241646,0.646343231447487,0.171136494649658,0.247813318777778,3.26082274679216,0.0456447637979442,3.30621477152089,0.0578824280780389,1.16882023675091,0.5,35.8
POL,Poland,2006,72.3361227,0.607458268480463,0.171546551557951,0.669973554959384,6.20210710934373,0.0904545761308149,6.26942932351373,0.0615454869644112,1.60097843809302,0.4,34.7
POL,Poland,2007,79.2106709,0.526973536099691,0.186431303079139,0.526459344144956,6.7604478527626,0.0753472556324657,6.81843988104569,0.0473205232861409,1.36253196224239,0.3,34.0
POL,Poland,2008,82.9631363,1.5059062078238,0.1631908889559,0.219832483954782,4.38377069274605,0.104042762263623,4.36953645222033,0.0547816525517377,2.04775399554984,0.1,33.5
POL,Poland,2009,82.9248445,0.584647363043364,0.167232926176397,0.271224676622494,2.61512859291683,0.0888019526839617,2.54561682473884,0.031855529279931,1.14376244780615,0.2,33.4
POL,Poland,2010,84.7111751,0.880482208360642,0.169082284704217,3.17198497662298,3.16892748258036,0.0740776597756864,3.46400853867873,0.0346450541991475,4.33027218366267,0.2,33.2
POL,Poland,2011,83.9402722,1.00712315525847,0.1800096226856,4.37124896430969,5.25546256612796,0.107566552009593,5.19888222323388,0.0482151843545218,5.71416347861788,0.2,33.2
POL,Poland,2012,84.0639327,0.537469258136828,0.190210156781719,2.89873329769576,1.51178167644575,0.121012078064414,1.51202436704637,0.0514476768766974,3.79887246755542,0.1,33.0
POL,Poland,2013,82.0555123,0.260062450425264,0.189312284192118,2.70431361734348,0.684240607051805,0.111601125490911,0.745031977271424,0.0680195690834472,3.33330904653522,0.2,33.1
POL,Poland,2014,83.9041429,0.214340467626121,0.1836595606415,2.62502368445316,3.92050862390032,0.0743317862351285,3.99831832124629,0.0603215388253716,3.15767703778128,0.2,32.8
POL,Poland,2015,84.0646826,0.209535994376333,0.181546881542178,0.81007907162443,4.43176700264478,0.0613923434078407,4.50138467634895,0.0284289039455379,1.29098319489632,0.3,31.8
POL,Poland,2016,75.6518937,0.238184095866543,0.185292972692859,1.54343025569143,3.03117767594847,0.0357887237693169,3.07547528252388,0.0235512516028107,2.02624729962296,0.2,31.2
POL,Poland,2017,76.1783691,0.278751933992603,0.229462841468825,2.47757599523073,5.15245773325907,0.0439980215053745,5.13933542172569,0.0316721725753569,3.06146096477289,0.2,29.7
POL,Poland,2018,76.6592008,0.271492418074562,0.201573823903604,2.13240117252765,6.2458584723942,0.0620713643428421,6.24607110540019,0.0456118701886835,2.71315064903734,0.2,30.2
POL,Poland,2019,77.4004756,0.200889167784234,0.180467484565781,0.20798158904431,4.58045817256199,0.0420603621099536,4.60600727341085,0.0402025974033284,0.671601200907606,0.0,28.8
POL,Poland,2020,75.3665626,0.144342767072706,0.186905995530618,0.162961120137964,-2.03556882399977,0.0205391007038032,-0.861202002378917,0.0207199460419149,0.535468929487005,0.1,28.5
POL,Poland,2021,75.5488506,0.246377814021137,0.163813641500021,0.478472019710133,6.92718266052501,0.100227855236231,8.47171799983406,0.0413524772617714,1.03024380772929,0.1,28.5
PRT,Portugal,2000,89.4839314,0.0,0.149011449601339,9.29800904584882e-05,3.81617714108242,0.0,3.08905313202446,0.0,0.149104429691798,,
PRT,Portugal,2001,,0.0,0.114730409491827,6.2778316128355e-05,1.94367213427915,0.0,1.22726326221765,0.0,0.114793187807955,,
PRT,Portugal,2002,90.5536956,0.0,0.113770284677344,0.00305921910596489,0.770924781247714,0.0,0.220543241020806,0.0,0.116829503783309,,
PRT,Portugal,2003,88.9184809,0.0,0.111900039220808,0.00189530067732062,-0.930521045062918,0.0,-1.30174193891358,0.0,0.113795339898129,0.6,38.8
PRT,Portugal,2004,81.6735524,0.0,0.0876867622368527,0.0631841049909197,1.78873552917291,0.0,1.54561995012715,0.0,0.150870867227772,0.3,38.9
PRT,Portugal,2005,84.2469775,0.0,0.0859115930832485,0.0783796817233359,0.781847569123585,0.0,0.595038072485551,0.000112305781976638,0.164403580588561,0.3,38.5
PRT,Portugal,2006,82.4287795,0.0,0.0991504632631413,0.173939269920172,1.62503532956156,0.0,1.44193756415369,0.00980260164171109,0.282892334825025,0.0,38.1
PRT,Portugal,2007,80.8333631,0.0,0.111314782853001,0.152062903042972,2.50657937751231,0.0,2.30555184529184,0.0132250729170734,0.276602758813046,0.2,36.8
PRT,Portugal,2008,82.8434234,0.0,0.111098483830341,0.0995334743836983,0.319247344434558,0.0,0.174699975144293,0.0298507363601294,0.240482694574169,0.1,36.6
PRT,Portugal,2009,81.0503866,0.0,0.105377194109903,0.00013389911983629,-3.12207827545093,0.0,-3.21438882343172,0.0046028735659451,0.110113966795685,0.1,34.9
PRT,Portugal,2010,79.1018013,0.0,0.10217667363899,0.0831733856715242,1.73762453640036,0.0,1.69092747575826,0.0338886834591529,0.219238742769667,0.1,35.8
PRT,Portugal,2011,79.2846632,0.0,0.118706549997115,0.05476206902385,-1.71352745905065,0.0,-1.56885655182528,0.0714397773870135,0.244908396407978,0.3,36.3
PRT,Portugal,2012,80.2634594,0.0,0.132062636633591,0.0711150488978263,-4.05090267621935,0.0,-3.66111452137058,0.0566415168053355,0.259819202336753,0.5,36.0
PRT,Portugal,2013,78.9344819,0.0,0.118241087791134,0.0190720361169187,-0.984106574148328,0.0,-0.439198387971658,0.0588929000862641,0.196206023994317,0.5,36.2
PRT,Portugal,2014,81.9574417,0.0,0.137691607334849,0.00832930018983712,0.741391420706506,0.0,1.28604644379557,0.0587105859995099,0.204731493524196,0.3,35.6
PRT,Portugal,2015,82.9834088,0.0,0.134238992656126,0.000847835964320181,1.58979803702681,0.0,2.01139554784055,0.0246227517816,0.159709580402046,0.3,35.5
PRT,Portugal,2016,82.2723718,0.0,0.139852180900393,2.168013492456e-05,2.00414129666575,0.0,2.32643063621838,0.0185088381110048,0.158382699146323,0.2,35.2
PRT,Portugal,2017,83.9123728,0.0,0.126565820094357,0.0366736287171655,3.31472008175986,0.0,3.56700126187077,0.0283872427651081,0.191626691576631,0.3,33.8
PRT,Portugal,2018,84.5430665,0.0,0.133573334549281,0.0647975359912921,2.94628343449202,0.0,3.11123658697107,0.0422964969836641,0.240667367524237,0.2,33.5
PRT,Portugal,2019,82.875641,0.0,0.105115233254845,0.0788030936562003,2.74568432648596,0.0,2.72130207848775,0.0375136266059601,0.221431953517005,0.1,32.8
PRT,Portugal,2020,82.6863939,0.0,0.0954939947589765,0.0808489875825121,-8.20463159324387,0.0,-8.30107079726919,0.023939484713493,0.200282467054982,0.3,34.7
PRT,Portugal,2021,82.2660755,0.0,0.0909308598606746,0.148671649451181,5.55875672070374,0.0,4.89913107175563,0.0518131827535177,0.291415692065373,0.1,34.6
PRI,Puerto Rico (US),2000,68.6578973,0.0,0.0,0.0,3.27196451910478,0.0,2.98675150054237,0.0,0.0,,
PRI,Puerto Rico (US),2001,,0.0,0.0,0.0,6.31347157694064,0.0,6.08604917663311,0.0,0.0,,
PRI,Puerto Rico (US),2002,68.6950976,0.0,0.0,0.0,0.916459423425337,0.0,0.78642430938811,0.0,0.0,,
PRI,Puerto Rico (US),2003,68.606661,0.0,0.0,0.0,0.0534198017173964,0.0,-0.00918394623066376,0.0,0.0,,
PRI,Puerto Rico (US),2004,72.4319061,0.0,0.0,0.0,8.7486769008168,0.0,8.72642633155034,0.0,0.0,,
PRI,Puerto Rico (US),2005,72.9255045,0.0,0.0,0.0,-1.98693871772703,0.0,-1.84546035319809,0.0,0.0,,
PRI,Puerto Rico (US),2006,72.9763428,0.0,0.0,0.0,-1.40941405684823,0.0,-0.991030023306365,0.0,0.0,,
PRI,Puerto Rico (US),2007,74.2488469,0.0,0.0,0.0,-1.16280665573993,0.0,-0.582297403436883,0.0,0.0,,
PRI,Puerto Rico (US),2008,71.9211731,0.0,0.0,0.0,-1.84413421831884,0.0,-1.26658342180474,0.0,0.0,,
PRI,Puerto Rico (US),2009,72.8978306,0.0,0.0,0.0,-1.95242518381124,0.0,-1.41621092108605,0.0,0.0,,
PRI,Puerto Rico (US),2010,72.8388615,0.0,0.0,0.0,-0.413254119172365,0.0,0.0130918561743698,0.0,0.0,,
PRI,Puerto Rico (US),2011,74.4730224,0.0,0.0,0.0,-0.358510636850312,0.0,0.477827773852212,0.0,0.0,,
PRI,Puerto Rico (US),2012,75.7060833,0.0,0.0,0.0,0.0292751500944064,0.0,0.915046581773325,0.0,0.0,,
PRI,Puerto Rico (US),2013,67.5810954,0.0,0.0,0.0,-0.306826666941774,0.0,0.506273089098627,0.0,0.0,,
PRI,Puerto Rico (US),2014,76.7531069,0.0,0.0,0.0,-1.19036347346942,0.0,0.0887811529566989,0.0,0.0,,
PRI,Puerto Rico (US),2015,76.8731136,0.0,0.0,0.0,-1.04929003238674,0.0,0.346031006728381,0.0,0.0,,
PRI,Puerto Rico (US),2016,74.4070908,0.0,0.0,0.0,-1.26369434781117,0.0,0.289081770174349,0.0,0.0,,
PRI,Puerto Rico (US),2017,72.8105932,0.0,0.0,0.0,-2.88521838398481,0.0,-0.903680354883278,0.0,0.0,,
PRI,Puerto Rico (US),2018,71.0785992,0.0,0.0,0.0,-4.36142703162535,0.0,-0.869549149955759,0.0,0.0,,
PRI,Puerto Rico (US),2019,67.7417359,0.0,0.0,0.0,1.67546379498209,0.0,1.30600530158883,0.0,0.0,,
PRI,Puerto Rico (US),2020,72.2528721,0.0,0.0,0.0,-4.1808743093346,0.0,-3.56477573029991,0.0,0.0,,
PRI,Puerto Rico (US),2021,73.1538702,0.0,0.0,0.0,0.385222719529239,0.0,0.965492836952421,0.0,0.0,,
QAT,Qatar,2000,84.1125316,0.0,0.000181398205289287,0.0,8.02812548837973,5.8049734481771,2.58659738636253,40.7661397416806,46.571294588063,,
QAT,Qatar,2001,,0.0,0.000205892982456141,0.0,3.89814748805541,7.15223785160177,-1.14959287506234,34.9268648116195,42.0793085562037,,
QAT,Qatar,2002,81.1047675,0.0,0.000208572346206231,0.0,7.18252331136711,6.07035853153518,2.16704342047447,31.8348108510858,37.9053779549672,,
QAT,Qatar,2003,85.9785786,0.0,0.000245604997683974,0.0,3.7199194981967,5.12871457863623,-0.942784508400919,33.8929726986092,39.0219328822431,,
QAT,Qatar,2004,82.7746972,0.0,0.000177912659214303,0.0,19.2185032411244,5.07734420990481,14.8017584046788,34.825040164201,39.9025622867651,,
QAT,Qatar,2005,84.2668331,0.0,0.000125918806321381,0.0,7.49272803754515,5.44352090574478,0.710880387312528,38.1771562134119,43.620803037963,,
QAT,Qatar,2006,83.4827962,0.0,0.000113082157415938,0.0,26.17039955781,4.95980535473162,7.0505125332281,34.1520126219521,39.1119310588412,,
QAT,Qatar,2007,83.3694273,0.0,8.00901916220935e-05,0.0,17.9852165615129,4.89547281730169,-5.0304889456326,30.8003611618771,35.6959140693704,,
QAT,Qatar,2008,84.1214567,0.0,9.76381740787781e-05,0.0,17.6630346842674,4.32386730680106,-0.341181323763109,32.6040710093919,36.928035954367,,
QAT,Qatar,2009,88.5318132,0.0,0.000112535960038342,0.0,11.9575512911227,6.07315860076268,-0.704713507121269,23.0165618959946,29.0898330327173,,
QAT,Qatar,2010,85.9920338,0.0,0.000105687219738134,0.0,16.7315558489187,5.82722775061414,16.1591002652056,26.6026039782648,32.4299374160987,,
QAT,Qatar,2011,84.5283832,0.0,9.08356023587425e-05,0.0,13.0214050496923,6.77128125187135,12.4698490235204,29.9468705202351,36.7182426077088,,
QAT,Qatar,2012,85.6499798,0.0,9.39367335338763e-05,0.0,4.62623675511804,6.7671639000861,-1.30696776517799,28.3389822463275,35.1062400831471,,
QAT,Qatar,2013,84.890976,0.0,7.34854310535053e-05,0.0,4.43070196521455,6.70372963647687,-6.1401747672176,25.3595869913171,32.063390113225,,
QAT,Qatar,2014,84.781459,0.0,0.000113862135919319,0.0,4.11911527912761,6.15888218994419,-7.26755279184226,21.5388184142326,27.6978144663127,,
QAT,Qatar,2015,82.4182162,0.0,0.000132171664449558,0.0,4.75334572438737,6.03394269918749,-3.86137428276561,13.0300594635573,19.0641343344092,,
QAT,Qatar,2016,80.0590627,0.0,0.000109255845186937,0.0,3.06419188430156,4.82010069228067,-2.4510094889969,11.1615579117458,15.9817678598717,,
QAT,Qatar,2017,80.1699718,0.0,0.00012707555106357,0.0,-1.49760470227838,5.35908283407917,-4.15600320402655,13.5394624768111,18.8986723864413,0.0,35.1
QAT,Qatar,2018,80.7676587,0.0,5.67561414920975e-05,0.0,1.23487220191065,7.70831016537843,-0.134704952518092,16.2911609453974,23.9995278669173,,
QAT,Qatar,2019,80.9649085,0.0,7.96022722537887e-05,0.0,0.688240954592672,7.86548262532752,-1.52203684233693,14.5084244384971,22.3739866660968,,
QAT,Qatar,2020,81.1056934,0.0,8.85410922059223e-05,0.0,-3.5576039896784,9.63014041427711,-8.92450817587073,10.5957303632833,20.2259593186526,,
QAT,Qatar,2021,81.7111268,0.0,6.61222919613419e-05,0.0,1.62684671918775,12.0112545642563,13.3615381417796,15.2784667126988,27.2897873992471,,
ROU,Romania,2000,61.0960334,0.0471360430458419,0.528334253836839,0.03351046349024,2.4612634592269,0.800310156362475,2.59397523199067,2.05194073825512,3.46123165499051,2.7,29.3
ROU,Romania,2001,,0.148910028910058,0.408454152280944,0.0220957457570071,5.21813625673708,1.54852812299773,6.69667366637488,1.38020102615678,3.50818907610252,2.0,29.4
ROU,Romania,2002,71.9713656,0.0473375696093841,0.398270996240925,0.0251304714744448,5.70299165043771,1.00878753147777,7.65586943426131,1.23167374745268,2.7112003162552,2.1,30.2
ROU,Romania,2003,69.8189405,0.0427125133532241,0.413784941700434,0.0296295583294492,2.34114732919521,0.862627148393439,3.08196384315724,1.11571675681484,2.46447091859139,1.4,29.9
ROU,Romania,2004,66.4061597,0.302346005342054,0.36992931589425,0.0462987311961668,10.4281130180976,0.584918699286346,11.0591132161949,1.1236125349855,2.42710528670431,0.8,30.0
ROU,Romania,2005,68.3344572,0.137550843403067,0.260404073854235,0.0318115978351158,4.6681480508487,0.354487682531617,5.3165061122384,1.19701667171786,1.9812708693419,0.7,29.8
ROU,Romania,2006,68.4605946,0.131023596989686,0.229924149515878,0.0565646478510227,8.02881107599163,0.629281730062376,8.67067585292331,1.03069280818371,2.07748693260267,3.8,39.6
ROU,Romania,2007,69.2948958,0.160288656570398,0.213571423199123,0.00908548186750492,7.23380774362805,0.438713383746894,8.82964823723904,0.811152284107306,1.63281122949123,2.7,37.5
ROU,Romania,2008,70.034401,0.406049107691184,0.172948188489194,0.00339241051765773,9.30746717077338,0.631334600169183,11.1442089014979,0.909321004650877,2.1230453115181,2.1,36.4
ROU,Romania,2009,72.5631713,0.138463665594626,0.169249778597538,0.00985635871247694,-5.51670615843011,0.545113760093543,-4.72628859385392,0.572798400996102,1.43548196399429,1.5,35.6
ROU,Romania,2010,69.1974845,0.241667876490204,0.200485409548519,0.136427208896023,-3.90581157302972,0.483676559163372,-3.33335291355054,0.651277335844004,1.71353438994212,2.2,35.5
ROU,Romania,2011,67.9564738,0.295278539729938,0.216636582913586,0.188408064122911,4.49558909946313,0.659254438284072,5.01083371448033,0.928598823680941,2.28817644873145,2.8,35.9
ROU,Romania,2012,66.7110748,0.127830873583113,0.242399417089452,0.130509424315092,1.90361696799603,0.743533575959798,2.35828066727251,0.944058149450528,2.18833144039798,3.2,36.5
ROU,Romania,2013,68.3517694,0.0455428280245193,0.214336597955237,0.115814524516492,0.278771877470234,0.682228898080954,0.651822267051088,0.818028540119226,1.87595138869643,3.3,36.9
ROU,Romania,2014,69.4153177,0.034718339478214,0.19583346907385,0.0966669754878151,4.11600109267832,0.471981769489163,4.50672544401942,0.710972260249342,1.51017281377838,3.6,36.0
ROU,Romania,2015,71.8192335,0.0266754601414304,0.189278755001854,0.0323715054018045,3.1570360543854,0.392792284292433,3.64306941096366,0.33486139473849,0.975979399576012,2.6,35.9
ROU,Romania,2016,71.4403773,0.0258870672734479,0.174143528517222,0.0527688284676908,2.85993252302089,0.198912810370521,3.45169541464914,0.237281273734058,0.688993508362941,1.7,34.4
ROU,Romania,2017,68.2557605,0.0321491452863581,0.199328241795572,0.0800723748127929,8.19547826641261,0.266555154371857,8.82266657090874,0.306819119328612,0.884924035595192,1.8,36.0
ROU,Romania,2018,68.3464656,0.0294045200544209,0.186181613264917,0.0697675668177608,5.39452228185675,0.367013896608261,6.01553045118388,0.417895750376407,1.07026334712177,1.3,35.8
ROU,Romania,2019,76.9166376,0.0204076426370487,0.17146485178739,0.0115879204859995,3.96028958497598,0.238741949260169,4.50941296110349,0.356049741091749,0.798252105262357,1.1,34.8
ROU,Romania,2020,76.4522333,0.0113713893764254,0.196030160199085,0.0124065679182321,-3.59802546034757,0.105530553930276,-3.06561724934225,0.18364537995674,0.508984051380759,0.9,34.6
ROU,Romania,2021,77.2911551,0.0241444525656809,0.176558892679398,0.0348196818124865,5.58735072538869,0.530624056118085,6.37801653902932,0.378228984068352,1.144376067244,0.9,33.9
RUS,Russian Federation,2000,43.5037136,0.267292850766668,0.893465860279828,0.833857339720371,10.0000668136515,4.1520862923239,10.4637091559227,15.355993811466,21.5026961545567,1.3,37.1
RUS,Russian Federation,2001,,0.543231109180164,0.7374108125074,0.483078548242046,5.10005122572568,7.44451981829648,5.54671833932643,10.3003624423723,19.5086027305984,0.8,36.9
RUS,Russian Federation,2002,51.3223055,0.332078896134252,0.581348556561578,0.496310313770547,4.69999190914258,5.10909236952929,5.18275023824988,10.4623662427989,16.9811963787946,0.4,37.3
RUS,Russian Federation,2003,48.5468597,0.257760611118803,0.60602864338381,0.361866933813302,7.29995234528189,4.66262486735643,7.78796752390349,10.9344981048,16.8227791604724,0.5,40.0
RUS,Russian Federation,2004,45.2370144,0.763856154475936,0.493371345733943,0.380227521440975,7.19994786954857,3.07700843859375,7.63249118230908,11.6957615431619,16.4102250034065,0.4,40.3
RUS,Russian Federation,2005,47.109467,0.672065787615228,0.404074723474063,0.562873173871561,6.39996544799469,2.09070756907338,6.80660765259209,13.686863716874,17.4165849709082,0.3,41.3
RUS,Russian Federation,2006,53.9993885,0.558289896787985,0.367782779775805,0.953377681300224,8.20006825456321,3.71352780552611,8.55494147469737,12.4450132664814,18.0379914298715,0.2,41.0
RUS,Russian Federation,2007,55.2729893,0.438320419083283,0.375115108440564,1.35678270433092,8.49997776916511,2.88422228176728,8.68576548155966,10.7326206704977,15.7870611841198,0.1,42.3
RUS,Russian Federation,2008,58.0015306,1.38101613489841,0.262973658206296,0.909958056449626,5.19996926404957,4.15561654866874,5.24621001829865,12.3954143055606,19.1049787037836,0.0,41.6
RUS,Russian Federation,2009,54.0240373,0.7302260729598,0.289577513272354,0.74136400520147,-7.79999391271275,3.50581589927238,-7.8277499767233,9.19214468199248,14.4591281726985,0.0,39.8
RUS,Russian Federation,2010,53.7171066,0.880991448539494,0.278195147392975,1.1393877427442,4.49999999920672,2.8068678510359,4.45309639834757,8.57128659193273,13.6767287816453,0.0,39.5
RUS,Russian Federation,2011,49.8278414,0.826216078938521,0.255460123774792,1.08841203576658,4.30002918604238,3.41958000572264,4.17697624368184,10.6778918258558,16.2675600700583,0.0,39.7
RUS,Russian Federation,2012,50.4936634,0.43162981739037,0.230896771962883,0.831686056311716,4.0240861571798,3.18608357236399,3.76271915500016,9.61307623916807,14.293372457197,0.0,40.7
RUS,Russian Federation,2013,51.7515524,0.19902062006838,0.209103637948412,0.653521828265251,1.75542214916291,3.05775631125077,1.45314767875932,8.68048261508321,12.799885012616,0.0,40.9
RUS,Russian Federation,2014,53.9430825,0.205841953422573,0.235297583687793,0.582569507800105,0.736267221403651,2.31599937992039,-1.12194041744186,9.08748946492807,12.4271978897589,0.2,36.9
RUS,Russian Federation,2015,52.3898713,0.29593673861839,0.312057503879479,0.71789167494499,-1.9727192264298,2.50292237351811,-2.2762114110788,5.93285842314704,9.761666714108,0.2,36.5
RUS,Russian Federation,2016,52.7678581,0.381520993635713,0.343352000869272,0.826477519834601,0.193671130698817,1.63670203160983,-0.0904969496110795,5.00613659535062,8.19418914130003,0.1,36.7
RUS,Russian Federation,2017,56.6939051,0.463399759438158,0.361639386763117,0.69351092236867,1.82670527549192,1.96827097946533,1.61477717789909,6.22864519091822,9.71546623895349,0.2,35.5
RUS,Russian Federation,2018,59.6065913,0.540453511939203,0.36077863999471,0.733408264014736,2.80634082046656,3.18408544311332,2.71569004774612,9.65476095672088,14.4734868157828,0.1,35.3
RUS,Russian Federation,2019,59.0848287,0.441616890263136,0.3186284843806,0.761369930033653,2.19807571381982,2.19179127550364,2.14202624717367,8.49370743083853,12.2071140110196,0.1,35.7
RUS,Russian Federation,2020,57.2357693,0.362611722051707,0.401215346907022,0.997039546903884,-2.65365449695453,1.11948785487127,-2.52680431743222,4.70777096931075,7.58812544004463,0.0,33.7
RUS,Russian Federation,2021,57.2478665,0.612542293942399,0.313757348169815,2.05397196912409,5.866491772979,5.85907379530895,6.21857740869952,9.67159402978612,18.5109394363314,0.1,35.1
RWA,Rwanda,2000,30.3841666,0.0,5.03183106462806,0.000990536748657988,8.37089593573039,0.00214392847221249,7.49987106605703,0.0,5.03496552984893,44.0,48.5
RWA,Rwanda,2001,,0.0,5.37254284433336,0.00102826299761924,8.48456034086699,0.00153409409040837,7.52679928636239,0.0,5.37510520142139,,
RWA,Rwanda,2002,32.4789823,0.0,6.4362672971719,0.0013211791143458,13.1920736288433,0.000180882581648916,11.6682445158491,0.0,6.4377693588679,,
RWA,Rwanda,2003,44.9002882,0.0,9.07565467006913,0.000616043295901575,2.2023875095978,0.000559030521486931,-0.01968684645189,0.0,9.07682974388652,,
RWA,Rwanda,2004,44.398617,0.0,7.0193337229291,0.000265501851579241,7.44766737037035,0.000840273465818637,4.6451189054665,0.0,7.02043949824649,,
RWA,Rwanda,2005,46.7699445,0.0,5.95592139942162,0.000665315751225428,9.37789916585375,0.000438677656249053,6.50669742178307,0.0,5.9570253928291,37.0,52.0
RWA,Rwanda,2006,55.2088649,0.0,5.29257953141071,0.00273727886477009,9.22707576994632,0.0011751627322132,6.3526672933591,0.0,5.2964919730077,,
RWA,Rwanda,2007,59.5490399,0.0,6.1182179947587,0.106579378441798,7.63329819042882,0.000926905769033414,4.8079099260856,0.0,6.22572427896954,,
RWA,Rwanda,2008,61.6461378,0.0,8.04710034857269,0.257801511307047,11.161247324054,0.000899591899718833,8.27757420172229,0.0,8.30580145177946,,
RWA,Rwanda,2009,62.147218,0.0,6.85097735150628,0.0816438315437081,6.24825750704265,0.000761136576901177,3.54291916890999,0.00204063580811224,6.935422955435,,
RWA,Rwanda,2010,62.1559364,0.0,5.91081498596813,0.575061114877617,7.33465645016436,0.000676428261564786,4.65979796374585,0.0,6.48655252910732,30.7,47.2
RWA,Rwanda,2011,60.7557559,0.0,5.92857792899397,1.06460898513878,7.95838869909085,0.00246988913052572,5.34277697360722,0.0,6.99565680326328,,
RWA,Rwanda,2012,61.4811517,0.0,6.01164972482255,0.37926010829921,8.64150815708138,0.00332307322524699,6.07172678404915,0.0,6.39423290634701,,
RWA,Rwanda,2013,60.6160677,0.0,6.10028438025706,0.401065765791541,4.71984856950924,0.0034056614494191,2.23301483077023,0.0,6.50475580749802,26.4,45.1
RWA,Rwanda,2014,63.7299769,0.0,6.03079463486725,0.416449239801836,5.66845354233575,0.00491116159881413,3.1448435210128,0.0,6.4521550362679,,
RWA,Rwanda,2015,67.5797255,0.0,5.68361388152406,0.0736384058837602,8.87036752872743,0.0208868684461887,6.29578461833474,0.0,5.77813915585401,,
RWA,Rwanda,2016,65.1124437,0.0,5.836906102429,0.137894678356137,5.65874584202778,0.02382024508965,3.18409626680049,0.0,5.99862102587479,25.8,43.7
RWA,Rwanda,2017,67.5078017,0.0,5.72940366210835,0.258148478489923,4.70393439751061,0.0273775740346356,2.27661189208408,0.0,6.01492971463291,,
RWA,Rwanda,2018,68.6247949,0.0,4.48341007533054,0.184126157124163,8.07084254621641,0.0463394536508861,5.59635869514096,0.0,4.71387568610559,,
RWA,Rwanda,2019,67.9716355,0.0,3.77766250009468,0.0,9.28613387454543,0.0394278230414972,6.82168128112207,0.0,3.81709032313618,,
RWA,Rwanda,2020,68.6289064,0.0,4.07585781711125,0.0,-2.77710485515125,0.0289606341966977,-4.93301559411864,0.0,4.10481845130795,,
RWA,Rwanda,2021,67.8627573,0.0,3.96625349516769,0.0,8.41140448646523,0.0509828455510816,6.06201151914851,0.0,4.01723634071877,,
WSM,Samoa,2000,84.8571527,0.0,0.47111704310974,0.0,5.09304469244418,0.0,4.27745070826087,0.0,0.47111704310974,,
WSM,Samoa,2001,,0.0,0.551007408390949,0.0,7.39012906172989,0.0,6.52181954391313,0.0,0.551007408390949,,
WSM,Samoa,2002,81.3005961,0.0,0.567747940965295,0.0,5.65195919890348,0.0,4.90454737398483,0.0,0.567747940965295,1.1,40.7
WSM,Samoa,2003,84.8175883,0.0,0.558162847387572,0.0,5.21262892634149,0.0,4.66849415235475,0.0,0.558162847387572,,
WSM,Samoa,2004,80.5101434,0.0,0.403326023249032,0.0,3.0872602379675,0.0,2.633950603366,0.0,0.403326023249032,,
WSM,Samoa,2005,83.8622315,0.0,0.311289651963659,0.0,6.63920361300734,0.0,6.22343288364944,0.0,0.311289651963659,,
WSM,Samoa,2006,83.9047527,0.0,0.259331274861089,0.0,2.13212714677351,0.0,1.73439136988327,0.0,0.259331274861089,,
WSM,Samoa,2007,82.4074138,0.0,0.330598374650033,0.0,0.485982550017255,0.0,-0.0698092296218391,0.0,0.330598374650033,,
WSM,Samoa,2008,83.9663234,0.0,0.468263247489721,0.0,3.55610467395,0.0,2.81854653180625,0.0,0.468263247489721,0.5,42.0
WSM,Samoa,2009,82.5006008,0.0,0.443535455037048,0.0,-0.541677601834593,0.0,-1.27185467227797,0.0,0.443535455037048,,
WSM,Samoa,2010,79.658038,0.0,0.410594291707161,0.0,6.1247199226125,0.0,5.29451664588825,0.0,0.410594291707161,,
WSM,Samoa,2011,82.3109233,0.0,0.479148651100215,0.0,3.84907794660396,0.0,2.94772599922624,0.0,0.479148651100215,,
WSM,Samoa,2012,82.3013866,0.0,0.39649921551572,0.0,-3.73213020890266,0.0,-4.60663349940492,0.0,0.39649921551572,,
WSM,Samoa,2013,82.2722488,0.0,0.354470433710273,0.0,0.107293276488932,0.0,-0.786395614806608,0.0,0.354470433710273,0.7,38.7
WSM,Samoa,2014,84.2265786,0.0,0.514371821253179,0.0,0.659923768782861,0.0,-0.23024857506843,0.0,0.514371821253179,,
WSM,Samoa,2015,84.204229,0.0,0.385043626528853,0.0,3.8503618166494,0.0,2.95226941311462,0.0,0.385043626528853,,
WSM,Samoa,2016,84.1485789,0.0,0.425429774129313,0.0,7.9838628784713,0.0,7.07276114056432,0.0,0.425429774129313,,
WSM,Samoa,2017,84.1553979,0.0,0.482469410561221,0.0,1.40628239971301,0.0,0.460419453590006,0.0,0.482469410561221,,
WSM,Samoa,2018,82.8957716,0.0,0.264678611319933,0.0,-0.609647103380141,0.0,-1.6472076564482,0.0,0.264678611319933,,
WSM,Samoa,2019,85.4843891,0.0,0.232259603701569,0.0,4.45185891688691,0.0,3.35744960284687,0.0,0.232259603701569,,
WSM,Samoa,2020,85.970446,0.0,0.301640791056231,0.0,-3.10864485863991,0.0,-4.09792925699939,0.0,0.301640791056231,,
WSM,Samoa,2021,85.3614579,0.0,0.280275449205485,0.0,-5.04350589708287,0.0,-5.85857738061891,0.0,0.280275449205485,,
SMR,San Marino,2000,,,0.0,0.0,2.17937971500419,,0.883025780040143,,0.0,,
SMR,San Marino,2001,,,0.0,0.0,5.57834290401968,,4.24028336900209,,0.0,,
SMR,San Marino,2002,,,0.0,0.0,0.310800310800303,,-0.959002843255874,,0.0,,
SMR,San Marino,2003,82.1460909,,0.0,0.0,3.87296669248644,,2.55977184007274,,0.0,,
SMR,San Marino,2004,82.0790764,,0.0,0.0,4.5488441461596,,-1.17956792743588,,0.0,,
SMR,San Marino,2005,82.4735879,,0.0,0.0,2.42510699001426,,1.12402388406122,,0.0,,
SMR,San Marino,2006,82.6401711,,0.0,0.0,3.83008356545962,,2.63299672869908,,0.0,,
SMR,San Marino,2007,82.9152703,,0.0,0.0,7.10932260228034,,3.5848833240598,,0.0,,
SMR,San Marino,2008,82.8813889,,0.0,0.0,-0.500939261114581,,-1.91822422078984,,0.0,,
SMR,San Marino,2009,93.0361937,,0.0,0.0,-10.3209565764632,,-14.1287766020679,,0.0,,
SMR,San Marino,2010,92.8512136,,0.0,0.0,-5.47368421052632,,-6.05328650752219,,0.0,,
SMR,San Marino,2011,92.6829837,,0.0,0.0,-8.3147735708983,,-6.48781473647414,,0.0,,
SMR,San Marino,2012,92.6652257,,0.0,0.0,-7.04453441295546,,-9.40251314800584,,0.0,,
SMR,San Marino,2013,92.610966,,0.0,0.0,-0.78397212543554,,0.501232920728725,,0.0,,
SMR,San Marino,2014,92.7983956,,0.0,0.0,-0.702370500438988,,0.471381910733299,,0.0,,
SMR,San Marino,2015,88.5970547,,0.0,0.0,2.29150309460655,,1.53901673570162,,0.0,,
SMR,San Marino,2016,88.5195742,,0.0,0.0,2.34441211810459,,1.71366802964523,,0.0,,
SMR,San Marino,2017,88.5290665,,0.0,0.0,0.258259899709444,,-1.8876966462592,,0.0,,
SMR,San Marino,2018,88.5958436,,0.0,0.0,1.49390399796074,,-0.555260334539653,,0.0,,
SMR,San Marino,2019,86.5067331,,0.0,0.0,2.06569082920953,,1.65051434688202,,0.0,,
SMR,San Marino,2020,86.498826,,0.0,0.0,-6.64791226034481,,-6.93519075870958,,0.0,,
SMR,San Marino,2021,86.4678024,,,,13.8977857594089,,15.6202852637699,,,,
STP,Sao Tome and Principe,2000,81.3208805,,,,0.448368261692949,,-0.65084592250922,,,3.7,32.1
STP,Sao Tome and Principe,2001,,0.0,2.97851781674319,0.0,3.06448295788719,0.0,1.4048895414449,0.0,2.97851781674319,,
STP,Sao Tome and Principe,2002,73.6224526,0.0,3.20434365847031,0.0,3.360188168222,0.0,0.9147926463327,0.0,3.20434365847031,,
STP,Sao Tome and Principe,2003,68.4314909,0.0,4.00630925326351,0.0,8.29151946119818,0.0,5.55138791437551,0.0,4.00630925326351,,
STP,Sao Tome and Principe,2004,71.6343781,0.0,3.05849147819464,0.0,3.5379059435684,0.0,0.983351604603726,0.0,3.05849147819464,,
STP,Sao Tome and Principe,2005,74.3214403,0.0,2.74523195490654,0.0,6.61462475033599,0.0,4.01981821374629,0.0,2.74523195490654,,
STP,Sao Tome and Principe,2006,72.8202016,0.0,2.68486078996349,0.0,8.86610935944026,0.0,6.23775372046612,0.0,2.68486078996349,,
STP,Sao Tome and Principe,2007,73.9501426,0.0,3.62146494582258,0.0,3.64147185166024,0.0,1.16067244882319,0.0,3.62146494582258,,
STP,Sao Tome and Principe,2008,72.1242989,0.0,3.51834389031727,0.0,6.2287850696102,0.0,3.72699030635786,0.0,3.51834389031727,,
STP,Sao Tome and Principe,2009,74.0520583,0.0,3.5091899751829,0.0,3.30239966645061,0.0,0.944228915067228,0.0,3.5091899751829,,
STP,Sao Tome and Principe,2010,72.2311904,0.0,3.97441398723173,0.0,1.44845522890635,0.0,-0.755150615358019,0.0,3.97441398723173,4.1,30.8
STP,Sao Tome and Principe,2011,70.8215467,0.0,3.82221922487921,0.0,1.99943210333259,0.0,-0.114189921572034,0.0,3.82221922487921,,
STP,Sao Tome and Principe,2012,70.8145826,0.0,3.81740404574064,0.0,2.94294277416023,0.0,0.883420959148197,0.0,3.81740404574064,,
STP,Sao Tome and Principe,2013,72.6107761,0.0,3.33902231905861,0.0,5.11967735428513,0.0,3.10107564312558,0.0,3.33902231905861,,
STP,Sao Tome and Principe,2014,74.0798364,0.0,3.04723492306762,0.0,4.90621048664867,0.0,2.97674276212585,0.0,3.04723492306762,,
STP,Sao Tome and Principe,2015,72.3720197,0.0,3.41287577328636,0.0,1.5397042826735,0.0,-0.246825905363622,0.0,3.41287577328636,,
STP,Sao Tome and Principe,2016,70.4071061,0.0,3.27531389837999,0.0,5.17682468684113,0.0,3.42223386315462,0.0,3.27531389837999,,
STP,Sao Tome and Principe,2017,69.5584085,0.0,3.15239782697584,0.0,4.11297966281954,0.0,2.46252459071385,0.0,3.15239782697584,3.2,40.7
STP,Sao Tome and Principe,2018,73.8646902,0.0,2.33693840944991,0.0,4.37812808264972,0.0,2.78057714923384,0.0,2.33693840944991,,
STP,Sao Tome and Principe,2019,74.8322433,0.0,2.04664899329107,0.0,2.01431672129407,0.0,0.482132360625684,0.0,2.04664899329107,,
STP,Sao Tome and Principe,2020,74.0059687,0.0,1.98018939747641,0.0,2.62485949543812,0.0,0.716646434339125,0.0,1.98018939747641,,
STP,Sao Tome and Principe,2021,76.2333377,0.0,1.88439596006627,0.0,1.89929891337832,0.0,-0.17852659147141,0.0,1.88439596006627,,
SAU,Saudi Arabia,2000,67.9028154,0.0,0.000676586942008168,0.000106454883501944,4.71813422138024,0.998843715023241,0.150492543589365,41.6691708446825,42.6687976015313,,
SAU,Saudi Arabia,2001,,0.0,0.000798851157139598,1.52715013898513e-05,0.344593196175438,1.24338083100153,-4.74097088807815,33.3526627413963,34.5968576950563,,
SAU,Saudi Arabia,2002,64.7826168,0.0,0.000887810631724202,0.000963821463127206,-0.688390130317757,1.09369419273788,-5.50962678622284,31.342447837027,32.4379936618598,,
SAU,Saudi Arabia,2003,66.9852499,0.0,0.00114235763374001,3.462289078431e-05,8.76873381743964,0.981911882856783,3.69783168216851,37.0345220176731,38.0176108810544,,
SAU,Saudi Arabia,2004,51.2379873,0.0,0.000952327284098331,0.0222226162592256,8.63100545880309,0.958424224616402,3.75594009248144,42.6409301097693,43.622529277929,,
SAU,Saudi Arabia,2005,58.5465311,0.0,0.000762322326552833,0.0178814243562892,5.94489623934835,1.05365154740854,1.35662290420511,48.8606315090549,49.9329268031463,,
SAU,Saudi Arabia,2006,55.5042673,0.0,0.000833405551857306,0.0196205659396311,3.31348473625901,1.06551704434779,-1.01590810452811,49.6700972841917,50.7560683000309,,
SAU,Saudi Arabia,2007,56.4674885,0.0,0.000715493527411909,0.018455038452227,2.21365396372528,1.0139541488802,-1.94086075361376,47.4394429695294,48.4725676503893,,
SAU,Saudi Arabia,2008,59.8681721,0.0,0.00103124825915643,0.0179371722955883,6.2379875365458,0.919659531970458,2.04298819113291,54.085800995618,55.0244289481432,,
SAU,Saudi Arabia,2009,53.7912817,0.0,0.00124814286480281,0.0238164313126234,-1.06671711240203,1.11612931255224,-4.86501611210622,34.6315417084598,35.7727355951894,,
SAU,Saudi Arabia,2010,60.8521372,0.0,0.00124486214718396,0.0473655346027749,5.0395150823517,0.933726326116803,6.08720360847519,37.9011314342465,38.8834681571132,,
SAU,Saudi Arabia,2011,57.132535,0.0,0.00115235471154411,0.0546789486662375,11.758820686671,0.986593617537963,6.79984191573597,49.1612188808623,50.2036438017781,,
SAU,Saudi Arabia,2012,55.6929455,0.0,0.00123547303777919,0.0927901295606235,5.76157382270968,0.997298930703395,1.40889754697817,47.4093852263553,48.5007097596571,,
SAU,Saudi Arabia,2013,54.6158054,0.0,0.00103440743296474,0.0634664303649237,2.94563789152025,1.00992809301707,-2.47720466086211,44.4564985480281,45.530927478843,,
SAU,Saudi Arabia,2014,60.6225587,0.0,0.00167609613833553,0.0507783297903696,4.02467158380668,0.964006595598744,1.5065962283723,40.3219689900701,41.3384300115975,,
SAU,Saudi Arabia,2015,57.894166,0.0,0.00180046849861999,0.0550856553558218,4.65512316652699,0.841619086055516,-0.634810334471936,23.9567993223384,24.8553045322483,,
SAU,Saudi Arabia,2016,57.2526665,0.0,0.00144804637300394,0.0450060311490432,1.70404739202878,0.683364774046233,-2.03439520588341,20.0051771356735,20.7349959872418,,
SAU,Saudi Arabia,2017,54.4923157,0.0,0.00171223057216519,0.0645564425307326,1.18210705878283,0.803215172603651,1.10646877226159,23.6170719123709,24.4865557580774,,
SAU,Saudi Arabia,2018,55.6728063,0.0,0.000750262726086247,0.0783963800246007,3.2269508901591,1.10731401057809,5.89707730206987,28.0842811588989,29.2707418122277,,
SAU,Saudi Arabia,2019,56.4504428,0.0,0.00104841092451295,0.0427233495760674,1.65158925617395,1.07981796945695,2.09953683085793,24.3295780055005,25.453167735458,,
SAU,Saudi Arabia,2020,56.4512285,0.0,0.00111865383170734,0.0606480395497332,-3.80478901996312,1.2777495582411,-8.3434729070232,15.9789107766923,17.3184270283149,,
SAU,Saudi Arabia,2021,57.9136458,0.0,0.000897108905666679,0.162202190483481,6.51959698325419,1.715848461975,9.17745692710805,23.6862940574499,25.5652418188141,,
SEN,Senegal,2000,55.8413471,0.0,2.28823224800292,0.018732296161395,3.88721095816793,0.000126094662309987,1.41335705319622,0.000962642731630684,2.30805328155825,,
SEN,Senegal,2001,,0.0,2.0423216013611,0.017080646509129,4.31085146618369,0.00035895264960964,1.81176865944212,0.0,2.05976120051983,25.9,41.2
SEN,Senegal,2002,57.6622969,0.0,2.26762698566443,0.0203776846110676,0.0686965747419066,0.00148505993579933,-2.35286664944574,0.0,2.2894897302113,,
SEN,Senegal,2003,57.7384467,0.0,2.67173545308465,0.0082579832528493,5.59395094456143,0.00476030660627898,3.08280432027999,0.0,2.68475374294378,,
SEN,Senegal,2004,62.5117906,0.0,1.92610162962155,0.0402965880922636,4.64329393683312,0.00523336971489626,2.21660237161285,0.0,1.97163158742871,,
SEN,Senegal,2005,61.4426276,0.0,1.91529798187365,0.0736452799693719,4.31023852639633,0.00268250241708205,1.8985497213755,0.0,1.9916257642601,20.4,39.2
SEN,Senegal,2006,60.9087097,0.0,1.88914740077428,0.0979966693327627,2.33077098330239,0.00606887784835724,-0.0239030984175912,0.0,1.9932129479554,,
SEN,Senegal,2007,62.2486502,0.0,2.14910063112975,0.150609844659604,2.82711920133374,0.00377181456884807,0.466183194352098,0.0,2.3034822903582,,
SEN,Senegal,2008,62.7525609,0.0,2.24764775901598,0.82216135889135,3.70316906391386,0.00261809827399312,1.30518111750766,0.0,3.07242721618133,,
SEN,Senegal,2009,65.4276983,0.0,2.26182875423849,1.56665865126879,2.75210448455053,0.00596179667543955,0.349911484355829,0.0,3.83444920218272,,
SEN,Senegal,2010,58.5066489,0.0,2.06764724818358,0.898923439831742,3.39088925336209,0.00940247583466957,0.952269607225944,0.0,2.97597316384999,,
SEN,Senegal,2011,60.1897708,0.0,2.13638602306903,1.49342296127782,1.33409107961258,0.0197850926236519,-1.19544188286081,0.0,3.6495940769705,20.7,40.3
SEN,Senegal,2012,63.2119141,0.0,2.45335214507715,2.38937167981815,4.00299555090457,0.0212573626003178,1.2557464643975,0.0,4.86398118749562,,
SEN,Senegal,2013,64.2330949,0.0,2.37964502782245,1.02539635567074,2.41238527605579,0.0193208661484993,-0.578035528287558,0.0,3.42436224964169,,
SEN,Senegal,2014,64.3725662,0.0,2.45092372661874,0.690773728566576,6.22407443790986,0.0152501972623905,2.91207940579723,0.0,3.1569476524477,,
SEN,Senegal,2015,64.6200649,0.0,2.71863395258786,0.752489603036841,6.36704365066983,0.00799530091098317,3.15103873013858,0.0,3.47911885653568,,
SEN,Senegal,2016,62.1005425,0.0,2.65969682936919,1.31532505717243,6.35606857208136,0.00461921847587483,3.23503572418973,0.0,3.9796411050175,,
SEN,Senegal,2017,63.4650532,0.0,2.45324564621686,0.754693543160956,7.40748618589598,0.00438609604403223,4.3502357297959,0.0,3.21232528542185,,
SEN,Senegal,2018,63.4671559,0.0,1.70941204046376,1.17295885557349,6.20924103388887,0.00418374805141234,3.27615846996321,0.0,2.88655464408866,4.1,38.3
SEN,Senegal,2019,66.9717571,0.0,1.55998561412281,1.19446058789007,4.6136280976221,0.00543690367509351,1.80892290272958,0.0,2.75988310568798,,
SEN,Senegal,2020,65.4314614,0.0,1.59777919792718,1.26840418238743,1.34207377285524,0.00344852043974388,-1.29147593311235,0.0,2.86963190075436,,
SEN,Senegal,2021,64.1169076,0.0,1.50333498944711,2.89566328207721,6.5440010991951,0.00259884853020802,3.8734325972454,0.0,4.40159712005452,4.2,36.2
SRB,Serbia,2000,35.2607431,0.380086161152018,0.0,0.0,6.0550897288645,0.155676752650817,6.39450401120698,1.7969801995401,2.33274311334293,,
SRB,Serbia,2001,,0.667174467093844,0.0,0.0,6.77852279368084,0.194580351731074,6.96228282256826,0.640648703587362,1.50240352241228,,
SRB,Serbia,2002,55.5239641,0.180307652658389,0.0,0.0,6.54104600309256,0.0614026504358946,6.58937282180869,0.386999681263742,0.628709984358027,0.1,32.7
SRB,Serbia,2003,54.2936345,0.15271895942731,0.0,0.00155994138882424,4.55968997935088,0.0471253269258943,4.83141187581582,0.334564655960938,0.535968883702967,0.2,32.8
SRB,Serbia,2004,55.4955813,1.28070649480875,0.0,0.0547184954999672,6.68686836863701,0.0350931615188001,6.93608982587538,0.383259938589225,1.75377809041674,0.4,35.5
SRB,Serbia,2005,53.2778617,0.629976776204547,0.0,0.0616910659324537,5.90349622935489,0.0318367581904063,6.22214171795731,0.519958421629116,1.24346302195652,0.4,36.5
SRB,Serbia,2006,55.7472855,0.594114632707021,0.167365650721586,0.161620937150267,3.90066644620993,0.0666669962598812,4.31001289636497,0.511008373929242,1.500776590768,0.2,29.7
SRB,Serbia,2007,59.2733617,0.745993990194135,0.164579148653452,0.171042592555019,7.83207023027602,0.0524474312654164,8.27017213045292,0.42016623623444,1.55422939890246,0.2,28.7
SRB,Serbia,2008,61.7281209,1.96972891573608,0.167711744272889,0.121665433987474,5.16089327231823,0.0797398435489287,5.60952327700927,0.512169486154177,2.85101542369955,0.1,27.6
SRB,Serbia,2009,62.2349081,0.596213698310541,0.16617575820664,0.131144195681329,-3.14261075416574,0.0656187640385259,-2.75343779759604,0.335048938768352,1.29420135500539,0.1,28.0
SRB,Serbia,2010,62.1032448,1.20333406740157,0.344115143446052,0.366597837488056,1.61097281449412,0.0650552472058194,2.02027708357562,0.53158669566208,2.51068899120357,0.1,29.0
SRB,Serbia,2011,62.544372,1.35617409823919,0.391902810841895,0.595011253375278,0.0542724836581954,0.116728343146514,0.813571323609423,0.890629908467004,3.35044641406988,,
SRB,Serbia,2012,63.9822943,0.606423310734233,0.373161697666316,0.562233899402865,-0.443956070983248,0.142271504595546,0.040200455150412,1.09069028770519,2.77478070010415,3.5,39.9
SRB,Serbia,2013,65.4942431,0.294236336295419,0.32445688535506,0.377876189506185,0.451578805330726,0.123419277420797,0.941379127713546,0.939643703344488,2.05963239192195,3.9,39.4
SRB,Serbia,2014,68.8537191,0.189197922364837,0.338335806676283,0.412148964148292,-1.80427041681132,0.0916939120491321,-1.32558635982964,0.863046421127908,1.89442302636645,4.9,40.4
SRB,Serbia,2015,70.6565282,0.182885402088284,0.377171494362875,0.231885105449282,1.2957386351958,0.082663006792981,1.81545266180656,0.402583557210894,1.27718856590432,4.6,40.5
SRB,Serbia,2016,68.6769894,0.200469124583999,0.339871889415688,0.308150364493211,2.97519807160826,0.0464410927292416,3.5158880281917,0.27662651720577,1.17155898842791,4.6,38.8
SRB,Serbia,2017,67.8903732,0.247052965110584,0.387242199810459,0.468949549014734,2.3634031250553,0.0555773475209731,2.90962447502095,0.363808378643262,1.52263044010001,3.7,36.1
SRB,Serbia,2018,67.8822269,0.232480155594805,0.383701352073841,0.344671583558905,4.64935035491007,0.0776448789031451,5.22266888313776,0.502181565265322,1.54067953539602,1.9,35.0
SRB,Serbia,2019,66.9547627,0.172809612137558,0.386157776686014,0.159566394402636,4.75020793899014,0.0495486966264631,5.31381889246718,0.426534457626405,1.19461693747908,1.4,34.5
SRB,Serbia,2020,64.7301661,0.148927174115007,0.374969190112832,0.187023942468528,-0.950023991851594,0.0227812082960578,-0.288042264925664,0.213906994350929,0.947608509343353,1.0,35.0
SRB,Serbia,2021,65.1480742,0.235195620780373,0.330932972111187,0.658642951066822,7.94905650472278,0.0971253332700918,8.97258082321535,0.42442078759101,1.74631766481948,0.9,33.1
SYC,Seychelles,2000,83.0614649,0.0,0.106839697103305,0.0,4.25319834931828,0.0,3.32671456371403,0.0,0.106839697103305,,
SYC,Seychelles,2001,,0.0,0.100866292801415,0.0,-2.27116288552982,0.0,-2.35661333545873,0.0,0.100866292801415,,
SYC,Seychelles,2002,78.6821866,0.0,0.104835241294799,0.0,1.21283290259314,0.0,-1.83480695440478,0.0,0.104835241294799,,
SYC,Seychelles,2003,73.4912249,0.0,0.118386036607082,0.0,-5.88712848764477,0.0,-4.81617833042706,0.0,0.118386036607082,,
SYC,Seychelles,2004,74.0420126,0.0,0.0655728027215241,0.0,-2.8504539768538,0.0,-2.49000825290008,0.0,0.0655728027215241,,
SYC,Seychelles,2005,78.934774,0.0,0.0909496426772842,0.0,9.0057617374238,0.0,8.5018972132326,0.0,0.0909496426772842,,
SYC,Seychelles,2006,79.6034964,0.0,0.102807711673663,0.0,9.40612855732827,0.0,7.15334515370103,0.0,0.102807711673663,0.2,42.8
SYC,Seychelles,2007,78.5098418,0.0,0.108712512691565,0.0,8.87606645570879,0.0,8.32165420663699,0.0,0.108712512691565,,
SYC,Seychelles,2008,77.9310523,0.0,0.178453829903448,0.0,-2.72594626154864,0.0,-4.87712623002744,0.0,0.178453829903448,,
SYC,Seychelles,2009,76.8604886,0.0,0.160955511131527,0.0,-2.47937594726137,0.0,-2.86142425794473,0.0,0.160955511131527,,
SYC,Seychelles,2010,80.5244492,0.0,0.146953956678162,0.0,4.50513204312067,0.0,1.62737013590673,0.0,0.146953956678162,,
SYC,Seychelles,2011,79.1374865,0.0,0.149780680938161,0.0,9.5097833517957,0.0,12.4265876590009,0.0,0.149780680938161,,
SYC,Seychelles,2012,78.2910812,0.0,0.1644793129234,0.0,3.1106784939243,0.0,2.10412826503328,0.0,0.1644793129234,,
SYC,Seychelles,2013,78.4175192,0.0,0.136887236537623,0.0,1.25373496242949,0.0,-0.599133304568028,0.0,0.136887236537623,0.7,46.8
SYC,Seychelles,2014,73.7163758,0.0,0.122451367247677,0.0,4.0636918123521,0.0,2.45761243916046,0.0,0.122451367247677,,
SYC,Seychelles,2015,78.9575386,0.0,0.100073979606541,0.0,8.9140088750469,0.0,6.51232550996488,0.0,0.100073979606541,,
SYC,Seychelles,2016,78.9208115,0.0,0.0990332020466637,0.0,12.1175272453913,0.0,10.6277900412689,0.0,0.0990332020466637,,
SYC,Seychelles,2017,79.7906681,0.0,0.11671286310133,0.0,6.95416218794271,0.0,5.65298679577909,0.0,0.11671286310133,,
SYC,Seychelles,2018,79.2192253,0.0,0.121453194976473,0.0,4.93947272254312,0.0,3.94280692985572,0.0,0.121453194976473,0.2,32.1
SYC,Seychelles,2019,77.7180174,0.0,0.0974947166802459,0.0,5.5142920737342,0.0,4.58155113586345,0.0,0.0974947166802459,,
SYC,Seychelles,2020,78.3197031,0.0,0.13148617576909,0.0,-11.7398608281732,0.0,-12.4901374474458,0.0,0.13148617576909,,
SYC,Seychelles,2021,78.2992291,0.0,0.120645132507182,0.0,0.552281631207279,0.0,-0.254097866449726,0.0,0.120645132507182,,
SLE,Sierra Leone,2000,28.596133,0.0,14.2566872840621,0.0,6.65273028404766,,4.10749847441832,0.0,14.2566872840621,,
SLE,Sierra Leone,2001,,0.0,8.05230833851418,0.0,-6.34545563328469,,-11.7160994484665,0.0,8.05230833851418,,
SLE,Sierra Leone,2002,49.0228078,0.0,8.43552502197745,0.0,26.5241350674409,,19.430674044243,0.0,8.43552502197745,,
SLE,Sierra Leone,2003,48.6087293,0.0,12.876788824159,0.0,9.48363126885343,,5.12237538056517,0.0,12.876788824159,32.0,40.2
SLE,Sierra Leone,2004,58.9398845,0.0,11.0999726121988,0.00235106348064958,6.47884588417347,,2.93937041660126,0.0,11.1023236756794,,
SLE,Sierra Leone,2005,58.510547,0.0,9.89573734264399,0.00626475483314126,4.3534998069981,,1.58434555022808,0.0,9.90200209747713,,
SLE,Sierra Leone,2006,61.7622585,0.0,8.39790335721395,1.02927800122216,4.28311062264335,,2.0071311854182,0.0,9.42718135843611,,
SLE,Sierra Leone,2007,63.2417454,0.0,11.0139257632603,1.24159007399285,3.74975804751641,,1.49613150255581,0.0,12.2555158372532,,
SLE,Sierra Leone,2008,61.1344328,0.0,11.0196462330998,0.591933334052898,3.68605969932123,,1.12905319443597,0.0,11.6115795671527,,
SLE,Sierra Leone,2009,61.2080972,0.0,11.7685373496998,0.500636878375647,1.53080323958716,,-1.1672975048301,0.0,12.2691742280754,,
SLE,Sierra Leone,2010,61.8379231,0.0,9.74027401636415,0.788592224098939,6.35566595800495,,3.5002192188053,0.0,10.5288662404631,,
SLE,Sierra Leone,2011,61.3850011,0.0,9.75175017253575,1.23520859523199,8.10065518714917,,5.31595837430623,0.0,10.9869587677677,17.3,34.0
SLE,Sierra Leone,2012,61.4746248,0.0,8.76221759400054,1.00830203902401,10.578331663387,,7.81299564274897,0.0,9.77051963302454,,
SLE,Sierra Leone,2013,64.1529241,0.0,7.04128281857076,0.185586816745529,14.6633238075229,,11.8800866018127,0.0,7.22686963531629,,
SLE,Sierra Leone,2014,63.5936418,0.0,7.74811012834882,0.279602312373001,-7.81501512457241,,-9.99126868436694,0.0,8.02771244072182,,
SLE,Sierra Leone,2015,65.4793702,0.0,9.81428837559656,0.757071864054995,-4.36333262093788,,-6.55487587621558,0.0,10.5713602396516,,
SLE,Sierra Leone,2016,61.276082,0.0,11.8770098060358,2.79625473744142,6.43743652764257,,3.96056326178993,0.0,14.6732645434772,,
SLE,Sierra Leone,2017,63.3817309,0.0,11.2706711461501,3.66585952113801,3.20786087715987,,0.774679247758442,0.0,14.9365306672881,,
SLE,Sierra Leone,2018,62.3661631,0.0,7.69317053500234,0.862157879433553,2.8938564123677,,0.50674429876733,0.0,8.55532841443589,11.2,35.7
SLE,Sierra Leone,2019,63.1423801,0.0,7.47321752228644,0.0175790442818519,5.50270937378153,,3.08171137743476,0.0,7.49079656656829,,
SLE,Sierra Leone,2020,59.627149,0.0,8.22559671002288,0.00418523149952889,-1.2533490322766,,-3.50677788869559,0.0,8.22978194152241,,
SLE,Sierra Leone,2021,61.8507941,0.0,8.82423302294365,0.212781118346023,5.8968527047094,,3.51527957069044,0.0,9.03701414128967,,
SGP,Singapore,2000,84.7618271,0.0,0.000326034372238966,0.0,9.03831632555163,0.0,7.16598820156491,0.0,0.000326034372238966,,
SGP,Singapore,2001,,0.0,0.000402379159230447,0.0,-1.07086275100448,0.0,-3.70366595204537,0.0,0.000402379159230447,,
SGP,Singapore,2002,85.4365504,0.0,0.000433988190805362,0.0,3.92336076702013,0.0,2.97922962062731,0.0,0.000433988190805362,,
SGP,Singapore,2003,80.9370621,0.0,0.00059371726127004,0.0,4.54825542643229,0.0,6.10127554555405,0.0,0.00059371726127004,,
SGP,Singapore,2004,83.5737318,0.0,0.000555644983388465,0.0,9.93998268434957,0.0,8.5722052915981,0.0,0.000555644983388465,,
SGP,Singapore,2005,85.3360029,0.0,0.000327966664211325,0.0,7.36632239250758,0.0,4.87209326850753,0.000219094740218199,0.000547061404429524,,
SGP,Singapore,2006,86.8719839,0.0,0.000323624699391063,0.0,9.00676607871758,0.0,5.64834329383781,0.00333182989614928,0.00365545459554034,,
SGP,Singapore,2007,85.3911645,0.0,0.000395166185849764,0.0,9.02151951268893,0.0,4.57298627096552,0.00646001510314827,0.00685518128899803,,
SGP,Singapore,2008,87.916399,0.0,0.000620723441296221,0.0,1.86348345462035,0.0,-3.41549269446281,0.0247658429846694,0.0253865664259656,,
SGP,Singapore,2009,86.8829793,0.0,0.000577562160759082,0.0,0.127953382778088,0.0,-2.84677194924208,0.0062081095239493,0.00678567168470838,,
SGP,Singapore,2010,86.2237781,0.0,0.000453216089968934,0.0,14.5197497108994,0.0,12.5085215498552,0.0380589445820771,0.038512160672046,,
SGP,Singapore,2011,85.0064852,0.0,0.000514112051637926,0.0,6.21493416858989,0.0,4.02338164865897,0.153787333426844,0.154301445478482,,
SGP,Singapore,2012,87.3627365,0.0,0.000395394136135783,0.0,4.43549759378537,0.0,1.90446223662212,0.142898804490871,0.143294198627007,,
SGP,Singapore,2013,86.9501646,0.0,0.000337555977037115,0.0,4.81763099120676,0.0,3.13397914899265,0.11912189370539,0.119459449682427,,
SGP,Singapore,2014,84.1124633,0.0,0.000490476742936634,0.0,3.93554027709007,0.0,2.59472315486744,0.104388992582944,0.104879469325881,,
SGP,Singapore,2015,84.8949902,0.0,0.000382737462431485,0.0,2.97679931634806,0.0,1.76232468638902,0.0340084198311141,0.0343911572935456,,
SGP,Singapore,2016,87.7393927,0.0,0.000423733675370246,0.0,3.91095306322606,0.0,2.57148302071828,0.0289302386437418,0.029353972319112,,
SGP,Singapore,2017,89.569172,0.0,0.000452888881904618,0.0,4.32679370770501,0.0,4.23440582627357,0.0,0.000452888881904618,,
SGP,Singapore,2018,88.0907851,0.0,0.000188767152938037,0.0,3.18660848474074,0.0,2.70307303138391,0.0,0.000188767152938037,,
SGP,Singapore,2019,87.3842662,0.0,0.000169266160429021,0.0,1.15877947300108,0.0,0.00783404280791444,0.0,0.000169266160429021,,
SGP,Singapore,2020,87.8537403,0.0,0.00024207226855629,0.0,-3.61084281729929,0.0,-3.30973090655749,0.0,0.00024207226855629,,
SGP,Singapore,2021,87.7872673,0.0,0.000180989109199595,0.0,10.1410845197192,0.0,14.8314606167434,0.0,0.000180989109199595,,
SXM,Sint Maarten (Dutch part),2000,,,,,,,,,,,
SXM,Sint Maarten (Dutch part),2001,,,,,,,,,,,
SXM,Sint Maarten (Dutch part),2002,,,,,,,,,,,
SXM,Sint Maarten (Dutch part),2003,,,,,,,,,,,
SXM,Sint Maarten (Dutch part),2004,,,,,,,,,,,
SXM,Sint Maarten (Dutch part),2005,,,,,,,,,,,
SXM,Sint Maarten (Dutch part),2006,,,,,,,,,,,
SXM,Sint Maarten (Dutch part),2007,,,,,,,,,,,
SXM,Sint Maarten (Dutch part),2008,,,,,,,,,,,
SXM,Sint Maarten (Dutch part),2009,,,,,,,,,,,
SXM,Sint Maarten (Dutch part),2010,,,,,3.19999269219366,,2.2746924085417,,,,
SXM,Sint Maarten (Dutch part),2011,,,0.0,0.0,4.60000341415395,,3.15617110858607,,0.0,,
SXM,Sint Maarten (Dutch part),2012,,,0.0,0.0,1.39054456773131,,-0.798052973690176,,0.0,,
SXM,Sint Maarten (Dutch part),2013,,,0.0,0.0,1.30673103459678,,-1.04128853057725,,0.0,,
SXM,Sint Maarten (Dutch part),2014,,,0.0,0.0,1.58038221539113,,-0.685454189827837,,0.0,,
SXM,Sint Maarten (Dutch part),2015,,,0.0,0.0,0.105813149997005,,-2.02875877780978,,0.0,,
SXM,Sint Maarten (Dutch part),2016,,,0.0,0.0,0.96775836306881,,-1.0859663357852,,0.0,,
SXM,Sint Maarten (Dutch part),2017,,,0.0,0.0,-7.53521399882428,,-9.30645194996998,,0.0,,
SXM,Sint Maarten (Dutch part),2018,,,0.0,0.0,-6.85698299227944,,-8.53633432632274,,0.0,,
SXM,Sint Maarten (Dutch part),2019,,,,,10.9650009352392,,9.11581322620327,,,,
SXM,Sint Maarten (Dutch part),2020,,,,,-13.3167887221567,,-14.6336937315718,,,,
SXM,Sint Maarten (Dutch part),2021,,,,,4.57759677933345,,3.16129245692684,,,,
SVK,Slovak Republic,2000,80.9259676,0.0109042669454798,0.343345736106057,0.0140502267731677,0.78922447792516,0.0123527678853131,0.925761788954276,0.0241597051195618,0.404812702829579,,
SVK,Slovak Republic,2001,,0.033598729963812,0.273305105121589,0.00833335658881743,2.92516077248489,0.0284041624044545,3.1136989179886,0.0158003204347444,0.359441674513417,,
SVK,Slovak Republic,2002,83.1829902,0.00936864566598009,0.211227257150431,0.0046757152421606,4.41725348271514,0.0180339708315129,4.45521871825531,0.0138850270798446,0.257190615969929,,
SVK,Slovak Republic,2003,81.9318569,0.00657212807816944,0.219590088506118,0.00198942782311625,4.85669851591319,0.0169668404135207,4.92573949451423,0.0114928737044564,0.256611358525381,,
SVK,Slovak Republic,2004,74.9639476,0.0512222167853151,0.223267316630962,0.00403337991278956,5.38949856996771,0.0104427357183609,5.41095986972041,0.0115043850236051,0.300470034071033,0.0,27.1
SVK,Slovak Republic,2005,82.009105,0.0237111395220124,0.258795037617176,0.018305397734561,6.48493222274386,0.00723470556375164,6.47448748514556,0.0123977111611511,0.320443991598652,0.1,29.3
SVK,Slovak Republic,2006,80.6878091,0.0195921805750578,0.224849813237716,0.0193890914892269,8.92568704770216,0.019978118315044,8.92067971952331,0.0115567670110504,0.295365970628096,0.1,25.8
SVK,Slovak Republic,2007,85.1442432,0.0259605788731998,0.233542907880484,0.0418829716449524,10.8186295074904,0.0104156861286163,10.78629912015,0.0082301455398637,0.320032290067116,0.3,24.7
SVK,Slovak Republic,2008,85.0944247,0.0772952604119315,0.251252260713481,0.0338895635001715,5.36337721231949,0.0130329314947467,5.27306126349816,0.00898207738807562,0.384452093508407,0.2,26.0
SVK,Slovak Republic,2009,81.7570916,0.0268393573979669,0.22621639261366,0.00171847043692538,-5.50533790972226,0.0104113495244654,-5.6311751026805,0.00458673613083437,0.269772306103852,0.2,27.2
SVK,Slovak Republic,2010,85.1376702,0.0468397922200368,0.260242815717853,0.0162687596176801,6.79058159142423,0.00924302961176918,6.69110844613654,0.00461386183404766,0.337208259001387,0.3,27.3
SVK,Slovak Republic,2011,82.1264437,0.0514007693903246,0.267907118242099,0.0175624216527325,2.56242473215553,0.0150694280939769,2.43026958601608,0.00792826107571999,0.359867998454853,0.3,26.5
SVK,Slovak Republic,2012,83.2360661,0.0216387601585785,0.252706615550743,0.0224797225106137,1.56917104702706,0.0206197380233814,1.39646371759601,0.00771268380260719,0.325157520045924,0.2,26.1
SVK,Slovak Republic,2013,83.6238356,0.0109632160952374,0.247412102907411,0.0166680379009485,0.703323545247201,0.0158850726127309,0.595167879643,0.00600611018293953,0.296934539699268,0.2,28.1
SVK,Slovak Republic,2014,85.4044216,0.0089017514545121,0.25156919079918,0.0142990473449852,2.70795151449488,0.00888752082001614,2.608326498525,0.00491177248757578,0.288569282906269,0.5,26.1
SVK,Slovak Republic,2015,82.023404,0.00561165909190303,0.235705893269929,0.0123495880111281,5.17687909722133,0.00696154312905245,5.07697290945579,0.00239610899150758,0.26302479249352,0.4,26.5
SVK,Slovak Republic,2016,78.4570512,0.00568919019658401,0.237545602440954,0.0129752757965403,1.94781841524558,0.00403037409052397,1.81646959957402,0.00142932910460491,0.261669771629207,1.1,25.2
SVK,Slovak Republic,2017,80.4863777,0.00705838465857288,0.302917316859385,0.0136037154009211,2.87473327453695,0.00802554613133259,2.71521709643727,0.00151193128645312,0.333116894336664,0.2,23.2
SVK,Slovak Republic,2018,78.0728296,0.00615913344524013,0.261165888626285,0.0121934331639505,4.06211981896483,0.00770050802356496,3.91808506492153,0.00198363398162276,0.289202597240663,0.2,25.0
SVK,Slovak Republic,2019,77.4158832,0.00438579233881164,0.231740977475859,0.00716261357234817,2.27589910019393,0.00713310792373767,2.13758470717096,0.00156694289828893,0.251989434209045,0.1,23.2
SVK,Slovak Republic,2020,76.4289186,0.0025259562095748,0.205630977226963,0.00872625980669719,-2.58551241733207,0.00185795706821786,-2.66902849173539,0.000491874857273577,0.219233025168727,0.1,24.2
SVK,Slovak Republic,2021,75.9000466,0.00515044751380184,0.1989552526273,0.011739036506355,5.6558588065555,0.00854206904967972,5.88046673143569,0.00176348784699933,0.226150293544136,0.1,24.1
SVN,Slovenia,2000,85.0078432,0.0163917600364402,0.148573244701848,0.0,3.49791942086068,0.000809250348491629,3.1919411832727,7.48466914379018e-05,0.165849101778217,,
SVN,Slovenia,2001,,0.0509555107401783,0.146863696593317,0.0,2.82868479430465,0.00143395279994485,2.66685838002488,5.32255557663364e-05,0.199306385689207,,
SVN,Slovenia,2002,88.4022749,0.0177864077166854,0.118648995601404,0.0,3.28258371393918,0.000962959737562981,3.15467990613811,4.39489545980475e-05,0.13744231201025,0.0,29.1
SVN,Slovenia,2003,85.46803,0.0150453316994758,0.128605635110994,0.0,3.19503117236037,0.000690223236519698,3.13282664775699,3.58600452949128e-05,0.144377050092285,0.0,30.9
SVN,Slovenia,2004,82.05377,0.125648797600669,0.107899993884999,0.0,4.54602214352336,0.00053054118328902,4.47906492828298,4.17014661148403e-05,0.234121034135071,0.0,24.8
SVN,Slovenia,2005,85.014874,0.0764419788031346,0.107507752490328,0.0,3.8541277114569,0.000341738356664261,3.6743988121375,4.19073137576575e-05,0.184333376963884,0.1,24.6
SVN,Slovenia,2006,85.1434574,0.0756138916344056,0.135281333610517,0.0,5.90878130011174,0.000699832324920846,5.57134966652504,4.43761975018317e-05,0.211639433767345,0.0,24.4
SVN,Slovenia,2007,86.2372897,0.105199115901079,0.125751829191559,0.0,7.1392312914716,0.000445193354303452,6.54177241190229,,0.231396138446941,0.0,24.4
SVN,Slovenia,2008,86.7077391,0.265542987225275,0.126814402894412,0.0,3.37223866114127,0.000695814396507105,3.20889412209657,,0.393053204516194,0.0,23.7
SVN,Slovenia,2009,85.8266958,0.0842431123503214,0.12154873534821,0.0,-7.59058614046387,0.000541628719834564,-8.42208868943828,,0.206333476418366,0.0,24.8
SVN,Slovenia,2010,84.262257,0.172692452920431,0.126719815771042,0.0,1.11213719306735,0.00118709277855289,0.672167911403392,,0.300599361470026,0.0,24.9
SVN,Slovenia,2011,84.9170767,0.198688191035297,0.160723074173377,0.0,0.655438128379743,0.000488447837896098,0.446560894988352,,0.35989971304657,0.0,24.9
SVN,Slovenia,2012,82.6775029,0.0846941827577808,0.167443981638572,0.0,-2.91553782040462,0.000566360193355465,-3.11922481726151,,0.252704524589708,0.0,25.6
SVN,Slovenia,2013,81.0802725,0.0412122663771344,0.164386258753653,0.0,-0.823776417691676,0.000802152375153317,-0.958293257973466,,0.206400677505941,0.0,26.2
SVN,Slovenia,2014,83.9074704,0.0255015689572061,0.23851453079175,0.0,2.76283327639742,0.000554815127529413,2.66181374029557,,0.264570914876485,0.0,25.7
SVN,Slovenia,2015,83.4784985,0.0201511430029735,0.243221640593628,0.0,2.39330621338168,0.000475917167612332,2.31634491842804,,0.263848700764214,0.0,25.4
SVN,Slovenia,2016,83.3247572,0.0238351869758312,0.236958614058932,0.0,3.03441486663654,0.00045244252600592,2.95902414777296,,0.261246243560769,0.0,24.8
SVN,Slovenia,2017,82.0452155,0.0290558127086212,0.238433108644407,0.0,5.17440215579958,0.000971459799265994,5.10589384792048,8.56129547999711e-05,0.268545994107094,0.0,24.2
SVN,Slovenia,2018,82.7029921,0.0296353423505825,0.22922130582963,0.0,4.37908347331195,0.00265106875634064,4.00130649890984,0.000282754610890312,0.261790471547443,0.0,24.6
SVN,Slovenia,2019,82.0895081,0.0213962789454941,0.21211955077224,0.0,3.50525332381912,0.000791062139069916,2.78704541391961,6.44611831761803e-05,0.23437135303998,0.0,24.4
SVN,Slovenia,2020,78.6691619,0.017769657212655,0.196078466933376,0.0,-4.08500094942896,0.000309524314650989,-4.72524968037921,1.39101147863392e-05,0.214171558575469,0.0,24.0
SVN,Slovenia,2021,78.460254,0.0258661890048008,0.161994846724178,0.0,8.41686457725321,0.00143387827318925,8.12577517618843,2.90014634526052e-05,0.189323915465621,0.0,24.3
SLB,Solomon Islands,2000,52.205168,0.0,5.08993084001665,0.172246350023643,-14.2769995149354,0.0,-16.2171419354817,0.0,5.2621771900403,,
SLB,Solomon Islands,2001,,0.0,5.48428166071115,0.139387526094388,-7.95660550454917,0.0,-9.73056069019374,0.0,5.62366918680554,,
SLB,Solomon Islands,2002,56.9576245,0.0,7.03716471261633,0.0732752389497082,-2.7999838935951,0.0,-4.61498055636233,0.0,7.11043995156603,,
SLB,Solomon Islands,2003,65.8330686,0.0,9.54159806073737,0.0785903922855875,6.52346760921694,0.0,4.58496965418709,0.0,9.62018845302295,,
SLB,Solomon Islands,2004,61.8740644,0.0,7.42239737848581,0.00808804616293858,7.68364102152745,0.0,5.76484741556582,0.0,7.43048542464874,,
SLB,Solomon Islands,2005,63.1875472,0.0,8.97100179994665,0.00822742939148827,7.35907917681935,0.0,5.47693948660554,0.0,8.97922922933814,27.7,46.1
SLB,Solomon Islands,2006,64.7451552,0.0,10.6783422863582,0.0127538137222213,4.13726239664898,0.0,2.33369145793722,0.0,10.6910961000805,,
SLB,Solomon Islands,2007,68.0081747,0.0,16.6857707308539,0.0,3.63973499569106,0.0,1.86556171568819,0.0,16.6857707308539,,
SLB,Solomon Islands,2008,67.9975072,0.0,18.6314854935,0.0,6.22590636247851,0.0,4.42328745185992,0.0,18.6314854935,,
SLB,Solomon Islands,2009,71.4778116,0.0,12.7087432100758,0.221742718383816,2.86486309630651,0.0,1.00843919853824,0.0,12.9304859284596,,
SLB,Solomon Islands,2010,71.9965285,0.0,15.4943592757987,0.270417997934231,9.70817235491481,0.0,6.65612594404901,0.0,15.7647772737329,,
SLB,Solomon Islands,2011,71.9138348,0.0,15.2449101552138,4.65780229000986,7.43023752099302,0.0,3.54895845172413,0.0,19.9027124452237,,
SLB,Solomon Islands,2012,71.9051044,0.0,15.8393456134023,5.01256212850698,2.46591837712438,0.0,-1.22485253459861,0.0,20.8519077419093,12.8,37.1
SLB,Solomon Islands,2013,71.8784332,0.0,15.1485907622177,2.61952290857169,5.23744704670068,0.0,1.46287648550671,0.0,17.7681136707893,,
SLB,Solomon Islands,2014,75.3802689,0.0,19.2355708164862,1.40611631716325,1.18945509547778,0.0,-2.41306586755394,0.0,20.6416871336495,,
SLB,Solomon Islands,2015,76.1777781,0.0,16.4207214410376,0.245768647711675,1.67578612030815,0.0,-1.90313667351086,0.0,16.6664900887493,,
SLB,Solomon Islands,2016,72.05395,0.0,14.1011319203001,0.199332427553373,5.55494348257992,0.0,1.8954619438627,0.0,14.3004643478535,,
SLB,Solomon Islands,2017,67.8696703,0.0,21.2548135336767,1.66447610396846,3.07546176144591,0.0,-0.426120235207534,0.0,22.9192896376451,,
SLB,Solomon Islands,2018,72.4136288,0.0,20.7466244368644,1.59303412942373,2.74585244829055,0.0,-0.648914414273463,0.0,22.3396585662881,,
SLB,Solomon Islands,2019,73.0612794,0.0,19.145353163623,0.0,1.74925244485951,0.0,-0.912183037350545,0.0,19.145353163623,,
SLB,Solomon Islands,2020,75.0640116,0.0,19.1938888891881,0.0,-3.38125925839405,0.0,-5.50324350800385,0.0,19.1938888891881,,
SLB,Solomon Islands,2021,73.5059629,0.0,18.395048524098,0.0,-0.227975292792024,0.0,-2.59513572745166,0.0,18.395048524098,,
SOM,"Somalia, Fed. Rep.",2000,25.1601007,,,,7.11031431133236,,2.9094517086796,,,,
SOM,"Somalia, Fed. Rep.",2001,,,,,7.1103143114324,,2.92091623470753,,,,
SOM,"Somalia, Fed. Rep.",2002,27.5053737,,,,7.63026729331047,,3.66803447114906,,,,
SOM,"Somalia, Fed. Rep.",2003,21.8898386,,,,7.63026729332455,,3.72989683765117,,,,
SOM,"Somalia, Fed. Rep.",2004,20.7562079,,,,7.11031431125608,,3.23637071319179,,,,
SOM,"Somalia, Fed. Rep.",2005,21.507964,,,,7.1103143113146,,3.4552179090862,,,,
SOM,"Somalia, Fed. Rep.",2006,21.1269231,,,,6.48637073273908,,3.27228849958769,,,,
SOM,"Somalia, Fed. Rep.",2007,13.7631732,,,,6.69435192552552,,3.42376614691855,,,,
SOM,"Somalia, Fed. Rep.",2008,14.4324355,,,,6.69435192582009,,3.57942621496645,,,,
SOM,"Somalia, Fed. Rep.",2009,16.6905018,,,,6.69435192556188,,4.0351373439331,,,,
SOM,"Somalia, Fed. Rep.",2010,15.8830733,,,,6.69435192550543,,4.07910489702353,,,,
SOM,"Somalia, Fed. Rep.",2011,14.3675459,,,,6.69435192567755,,5.94202931701129,,,,
SOM,"Somalia, Fed. Rep.",2012,16.3338653,,,,6.69435192556698,,5.73256533813861,,,,
SOM,"Somalia, Fed. Rep.",2013,17.1885039,0.0,17.8127642098138,0.0,10.9592986164311,0.0,7.43785495852676,0.0,17.8127642098138,,
SOM,"Somalia, Fed. Rep.",2014,24.2667996,0.0,18.2921917574279,0.0,8.97800590574617,0.0,5.13914593417061,0.0,18.2921917574279,,
SOM,"Somalia, Fed. Rep.",2015,26.9217159,0.0,18.8761765982543,0.0,10.4621881235147,0.0,6.72219258601123,0.0,18.8761765982543,,
SOM,"Somalia, Fed. Rep.",2016,27.1161421,0.0,19.5454511774019,0.0,7.03487260042162,0.0,2.99347020740043,0.0,19.5454511774019,,
SOM,"Somalia, Fed. Rep.",2017,31.342142,0.0,18.697269661953,0.0,14.7357956045195,0.0,10.3677043802854,0.0,18.697269661953,,
SOM,"Somalia, Fed. Rep.",2018,30.681055,0.0,11.735774261604,0.0,2.05431507261069,0.0,-1.48470237915478,0.0,11.735774261604,,
SOM,"Somalia, Fed. Rep.",2019,30.5271191,0.0,10.7304105687897,0.0,2.80033312513012,0.0,-0.909258009902032,0.0,10.7304105687897,,
SOM,"Somalia, Fed. Rep.",2020,25.739746,0.0,11.455284804417,0.0,-2.76455696202532,0.0,-6.38636194168187,0.0,11.455284804417,,
SOM,"Somalia, Fed. Rep.",2021,21.3633187,0.0,11.2356934915275,0.0,3.44719850031242,0.0,-0.267727633939771,0.0,11.2356934915275,,
ZAF,South Africa,2000,60.4472776,1.27706430854382,0.822465512421584,0.706162575140753,4.20000000067826,0.0354527651649018,3.25127058182207,0.875739339218175,3.71688450048923,21.9,57.8
ZAF,South Africa,2001,,2.46569399997578,0.875540522453875,0.801835988243925,2.70000000019104,0.0582858333591496,1.82108406092082,0.745230225250187,4.94658656928292,,
ZAF,South Africa,2002,59.7709761,1.67772715720917,1.10300109469028,1.0084902137869,3.70037440406668,0.0573805452482398,2.72292924025332,0.832634911746463,4.67923392268105,,
ZAF,South Africa,2003,61.5671969,1.35453649718725,0.887761352019389,0.187700723391933,2.94907546754213,0.0248359282535279,1.92822490144245,0.536032181150966,2.99086668200306,,
ZAF,South Africa,2004,65.6265862,3.22676491805827,0.50656912706856,0.347546867888011,4.55455990721774,0.0308634066428721,3.50654128784933,0.667895474741674,4.77963979439938,,
ZAF,South Africa,2005,65.6247226,2.31202263431181,0.577918634471178,0.793861746673571,5.27705197295467,0.0157824265033382,4.21638584977106,0.868907024012435,4.56849246597233,15.4,65.0
ZAF,South Africa,2006,65.7351671,2.39588417432957,0.657014495814513,1.21412691062411,5.60380645895889,0.0386656043598197,4.53031944639788,0.921713555012485,5.2274047401405,,
ZAF,South Africa,2007,69.084418,3.11780745478716,0.581382031109846,1.68097036659602,5.36047405394162,0.0318507821013102,4.25469604690063,0.95369683953937,6.3657074741337,,
ZAF,South Africa,2008,65.6698864,7.24773931999843,0.823847141560057,2.50224527184671,3.1910438863288,0.0369575315044166,2.00798658438173,1.37926877732773,11.9900580422374,14.2,62.5
ZAF,South Africa,2009,64.8118264,2.33293574382487,0.673968817026418,1.31414768436906,-1.53808913525583,0.0236270625725225,-2.70664075062311,0.593295688910259,4.93797499670312,,
ZAF,South Africa,2010,65.00217,3.41376035352968,0.491012100385551,2.20832164667078,3.03973288127956,0.0258569340158521,1.82804672464107,0.707879978156825,6.84683101275869,9.6,60.9
ZAF,South Africa,2011,65.16615,3.94333344067778,0.443221511440389,2.43339625717376,3.16855627858818,0.0305636496199449,1.90092049729387,0.964145883537292,7.81466074244917,,
ZAF,South Africa,2012,63.8091996,2.88108021254839,0.582237602653539,1.93209444082154,2.39623238465745,0.0288936847412477,0.897179683754416,0.9800580532574,6.40436399402211,,
ZAF,South Africa,2013,61.4826737,2.49703207208547,0.568010746223707,2.06617800745958,2.48546800826588,0.0312421227606922,0.805658809846705,0.949068014891185,6.11153096342063,,
ZAF,South Africa,2014,61.9534819,1.94751834311288,0.585652560008544,1.41413205264697,1.41382645223793,0.0255744432147647,-0.257188966137676,0.692856799731489,4.66573419871465,9.8,59.6
ZAF,South Africa,2015,60.5909646,1.49327521761507,0.612355828776484,0.484685252972113,1.32186223678229,0.0232937993610495,-0.694265293924985,0.194337594746037,2.80794769347075,,
ZAF,South Africa,2016,60.1223224,1.80360544975257,0.651866805333571,0.908658964178643,0.664552307858116,0.015336308509032,-0.277781475736276,0.182131538345159,3.56159906611897,,
ZAF,South Africa,2017,59.3550083,2.06162694919848,0.604883241688638,0.865006959954753,1.15794695181735,0.012735718818607,0.49869596172698,0.291332796001722,3.8355856656622,,
ZAF,South Africa,2018,60.7804491,2.2798795325049,0.649985199669035,0.509756015166847,1.55678384721676,0.0227641504019782,-0.1374850396532,0.407106590566775,3.86949148830953,,
ZAF,South Africa,2019,60.1164309,1.75865465574997,0.645393715087465,1.38576110729649,0.25993557687633,0.0251931123610767,-1.3803610544763,0.372819688324446,4.18782227881945,,
ZAF,South Africa,2020,61.6419067,1.61371270668907,0.743378898937113,1.42688004952484,-6.1689177146757,0.020767257947969,-7.67873309598839,0.213036196999097,4.01777511009808,,
ZAF,South Africa,2021,52.6765125,2.44110582623372,0.63026707703441,3.83186872976266,4.85864865060148,0.0293827523467257,3.25562042833964,0.395954206545834,7.32857859192335,,
SSD,South Sudan,2000,,,,,,,,,,,
SSD,South Sudan,2001,,,,,,,,,,,
SSD,South Sudan,2002,,,,,,,,,,,
SSD,South Sudan,2003,,,,,,,,,,,
SSD,South Sudan,2004,,,,,,,,,,,
SSD,South Sudan,2005,,,,,,,,,,,
SSD,South Sudan,2006,,,,,,,,,,,
SSD,South Sudan,2007,,,,,,,,,,,
SSD,South Sudan,2008,,,0.0,0.0,,,,58.2776601424041,58.2776601424041,,
SSD,South Sudan,2009,,,0.0,0.0,5.04164187983342,,0.201710077462366,35.188657039956,35.188657039956,20.2,46.3
SSD,South Sudan,2010,,,0.0,0.0,5.49341639529945,,0.0553052206663267,43.7092935094988,43.7092935094988,,
SSD,South Sudan,2011,40.0777766,,1.40484461701171,0.0,-4.64031673600859,,-9.66551859182802,50.3820140463065,51.7868586633182,,
SSD,South Sudan,2012,40.3000441,0.0,2.05310356153965,0.0,-46.0821223743007,0.0,-48.4287258315307,3.55150590979899,5.60460947133863,,
SSD,South Sudan,2013,30.5847985,0.0,1.38597185632992,0.0140851331829675,13.1297311406943,0.0,8.97551236063792,13.3083956321822,14.7084526216951,,
SSD,South Sudan,2014,23.137629,0.0,2.08138212644644,0.0151831349796523,3.37364847715736,0.0,2.7406396602203,26.3604396814303,28.4570049428564,,
SSD,South Sudan,2015,26.9607576,0.0,2.64852381015483,0.0133266931516145,-10.7933646271143,0.0,-9.76929494253935,10.3913729191421,13.0532234224485,,
SSD,South Sudan,2016,26.0356745,,,,,,,,,40.8,44.0
SSD,South Sudan,2017,24.1204513,,,,,,,,,,
SSD,South Sudan,2018,26.0816462,,,,,,,,,,
SSD,South Sudan,2019,25.0497946,,,,,,,,,,
SSD,South Sudan,2020,29.9289761,,,,,,,,,,
SSD,South Sudan,2021,27.9819965,,,,,,,,,,
ESP,Spain,2000,71.2867488,0.00384465623039873,0.0337419730616732,0.00693067970674643,5.20064125553942,0.000574298800955914,4.73130032942612,0.00483506048624317,0.0499266682860174,0.5,34.1
ESP,Spain,2001,,0.0123799392928752,0.0317600600420105,0.00247725806163817,3.91908880808811,0.00368850471028918,3.20031684797794,0.00613482338950114,0.0564405854963142,,
ESP,Spain,2002,69.6115989,0.00402490336238764,0.0328455850771305,0.00215299848149134,2.75545611564098,0.00248883250021705,1.31414120540325,0.00442561378158089,0.0459379332028074,,
ESP,Spain,2003,67.3934472,0.00317110733391803,0.0281904611298881,0.00127951900827998,2.9392895953076,0.00102716767032723,1.0944115829832,0.0040117888311546,0.037680043973568,0.6,31.8
ESP,Spain,2004,66.5281616,0.0206753364971601,0.0200367977390206,0.00147375994031724,3.1145314799161,0.00104702109725233,1.35058688382759,0.00366544467175599,0.0468983599455063,0.6,33.3
ESP,Spain,2005,70.3652289,0.0125934254833309,0.017837947258349,0.00243183131753642,3.5512255846125,0.00037531638835149,1.81657732789419,0.00327446558405552,0.0365129860316234,0.6,32.4
ESP,Spain,2006,68.0912135,0.0116704698183558,0.020776487164618,0.00809150065294647,4.04343515605099,0.000307165423390413,2.29951501349761,0.00291549084293319,0.0437611139022438,0.6,33.5
ESP,Spain,2007,66.5599676,0.0145400693241205,0.0211334528747331,0.0136510189388135,3.53350013165972,8.33384517777598e-05,1.63463980710374,0.00284664503508467,0.0522545246245296,0.3,34.1
ESP,Spain,2008,66.1992349,0.032079273609495,0.025685035402932,0.00391674869038538,0.767165748290694,0.000121351888769049,-0.827648476802253,0.00337447126882851,0.0651768808604099,0.4,34.2
ESP,Spain,2009,65.6648764,0.0095697382441501,0.0233596707082068,0.000640180458388312,-3.76813306940053,8.17275434437884e-05,-4.61672962915983,0.00165951114306765,0.0353108280972567,0.6,34.9
ESP,Spain,2010,66.2582775,0.0162968550522323,0.0255445176746938,0.0139881601793812,0.0941223116369514,0.000298892223443581,-0.365660089983677,0.00221763143856513,0.058346056568316,0.5,35.2
ESP,Spain,2011,69.3562666,0.0155334692771782,0.0249909449201048,0.0214589072174111,-0.639920636520344,0.000391085021390051,-0.992358604711711,0.00288179859277689,0.065256205028861,0.9,35.7
ESP,Spain,2012,68.3667517,0.0074474408940647,0.0251455137457255,0.0355228559044684,-2.86511368637748,0.000520506046413033,-2.92815897770406,0.00442660598571279,0.0730629225763844,0.6,35.4
ESP,Spain,2013,67.5684619,0.00288222461242743,0.0256215980555982,0.0233442583481522,-1.42732224757626,0.00053947476331586,-1.07017018206768,0.010347316151723,0.0627348719312166,0.8,36.2
ESP,Spain,2014,74.1383392,0.00253350841914475,0.0289055556742113,0.0211391249884552,1.52048593647231,0.000160927340647908,1.83396646193863,0.00790863464865165,0.0606477510711108,0.5,36.1
ESP,Spain,2015,73.3306681,0.00174515115453359,0.0286282776880453,0.0142370942540763,4.06086672473866,0.000350962287631232,4.14701193619516,0.00293077580087329,0.0478922611851597,0.7,36.2
ESP,Spain,2016,73.1708988,0.00113678966342455,0.0262492589452184,0.013036681679736,2.91515598595787,0.000179721487811782,2.83577124069477,0.00132927314332369,0.0419317249195144,0.8,35.8
ESP,Spain,2017,70.6878491,0.00192447586474893,0.0231565010767362,0.0262287721233401,2.89604207865007,0.000115964213353521,2.64617061107108,0.00163989363655383,0.0530656069147325,0.5,34.7
ESP,Spain,2018,71.6108499,0.00155929573705883,0.029298367314375,0.0298408417940036,2.39541124478878,0.000544366653518052,1.93406292039191,0.00176491249464509,0.0630077839936006,0.6,34.7
ESP,Spain,2019,70.4560005,0.0,0.0212563494432773,0.01641471391084,1.96117850841711,0.000595043196851536,1.23303741249605,0.000744000510159429,0.0390101070611282,0.6,34.3
ESP,Spain,2020,70.9452995,0.0,0.0195039646757914,0.0182082095958886,-10.9400706350371,0.00011369527281599,-11.3931290455953,0.000295734987987405,0.0381216045324834,0.6,34.9
ESP,Spain,2021,72.440575,0.0,0.0179665098501539,0.0964957986887776,6.68314420473001,0.000567219730435266,6.49336738803039,0.000151493558291056,0.115181021827658,0.4,33.9
LKA,Sri Lanka,2000,32.2808767,0.0,0.190956032913517,0.0,6.00003315828934,0.0,4.0862744786218,0.0,0.190956032913517,,
LKA,Sri Lanka,2001,,0.0,0.196220474071304,0.0,-1.54540813366026,0.0,-3.08904716018746,0.0,0.196220474071304,,
LKA,Sri Lanka,2002,47.984764,0.0,0.203787939938968,0.0,3.96467568513113,0.0,2.8865391549469,0.0,0.203787939938968,4.5,40.2
LKA,Sri Lanka,2003,47.457537,0.0,0.196684504988527,0.0,5.9402690780223,0.0,5.16625254648899,0.0,0.196684504988527,,
LKA,Sri Lanka,2004,46.0752034,0.0,0.147494466742975,0.0,5.44506127885352,0.0,4.7307209819853,0.0,0.147494466742975,,
LKA,Sri Lanka,2005,45.6202401,0.0,0.124198914028397,0.0,6.24174804376447,0.0,5.56425373682754,0.0,0.124198914028397,,
LKA,Sri Lanka,2006,41.032182,0.0,0.162930010162095,0.00124427186618525,7.66829190107919,0.0,6.94942271248222,0.0,0.16417428202828,2.3,39.7
LKA,Sri Lanka,2007,36.9919565,0.0,0.194017494974032,0.00248029880622356,6.79682611892866,0.0,6.06651827130165,0.0,0.196497793780255,,
LKA,Sri Lanka,2008,37.5436631,0.0,0.147832338718912,0.0206586692721846,5.95008814473897,0.0,5.24732975759279,0.0,0.168491007991096,,
LKA,Sri Lanka,2009,46.7674745,0.0,0.136566998387137,0.0174579216668107,3.53891205317842,0.0,2.90511614609032,0.0,0.154024920053947,1.5,36.1
LKA,Sri Lanka,2010,52.5874166,0.0,0.175688137587163,0.00555960351455087,8.01596737040464,0.0,7.38142864786508,0.0,0.181247741101714,,
LKA,Sri Lanka,2011,52.7855342,0.0,0.15250009604207,0.00936890547973611,8.66948301160571,0.0,7.99726895684675,0.0,0.161869001521806,,
LKA,Sri Lanka,2012,49.4846242,0.0,0.127718975347721,0.00951569522222702,8.6321813769906,0.0,7.80902906885484,0.0,0.137234670569948,1.1,38.7
LKA,Sri Lanka,2013,51.2288469,0.0,0.106321227860955,0.00488539890127828,4.0517463303875,0.0,7.00602738731078,0.0,0.111206626762233,,
LKA,Sri Lanka,2014,56.4380535,0.0,0.102351700174992,0.0043645299455326,6.37797889684965,0.0,5.38986888014487,0.0,0.106716230120525,,
LKA,Sri Lanka,2015,64.381054,0.0,0.113006674989995,0.00380900777682929,4.20595547501601,0.0,3.25185230614606,0.0,0.116815682766825,,
LKA,Sri Lanka,2016,63.4408998,0.0,0.118449762933188,0.00235901214764391,5.05362488993089,0.0,3.86979649874351,0.0,0.120808775080832,0.6,39.3
LKA,Sri Lanka,2017,62.8347148,0.0,0.0871648448031587,0.00171169295373714,6.46068127080994,0.0,5.24982935126125,0.0,0.0888765377568958,,
LKA,Sri Lanka,2018,61.4578661,0.0,0.06304340976071,0.00179073740374302,2.31008425504933,0.0,1.28556702923734,0.0,0.064834147164453,,
LKA,Sri Lanka,2019,62.9256436,0.0,0.0722571812304566,0.0,-0.220483886824823,0.0,-0.829146715016009,0.0,0.0722571812304566,0.4,37.7
LKA,Sri Lanka,2020,63.9229409,0.0,0.0850400982115445,0.0,-4.62451503712715,0.0,-5.12926234565826,0.0,0.0850400982115445,,
LKA,Sri Lanka,2021,57.1667545,0.0,0.0832444969793704,0.0,4.2074764950026,0.0,3.09278196849438,0.0,0.0832444969793704,,
KNA,St. Kitts and Nevis,2000,,0.0,0.0,0.0,10.042808415173,0.0,8.46930909930006,0.0,0.0,,
KNA,St. Kitts and Nevis,2001,,0.0,0.0,0.0,5.25344983010886,0.0,4.07351451919244,0.0,0.0,,
KNA,St. Kitts and Nevis,2002,,0.0,0.0,0.0,1.36771507253633,0.0,0.797218805613539,0.0,0.0,,
KNA,St. Kitts and Nevis,2003,82.1460909,0.0,0.0,0.0,-3.93339486032939,0.0,-4.25794420201746,0.0,0.0,,
KNA,St. Kitts and Nevis,2004,85.9387904,0.0,0.0,0.0,3.99634666125431,0.0,3.68423412350383,0.0,0.0,,
KNA,St. Kitts and Nevis,2005,87.131959,0.0,0.0,0.0,9.73282070298016,0.0,9.44452895015881,0.0,0.0,,
KNA,St. Kitts and Nevis,2006,87.1744802,0.0,0.0,0.0,3.15038119968223,0.0,2.85800106872907,0.0,0.0,,
KNA,St. Kitts and Nevis,2007,79.3097954,0.0,0.0,0.0,0.600602326543751,0.0,0.305516416409375,0.0,0.0,,
KNA,St. Kitts and Nevis,2008,81.3912243,0.0,0.0,0.0,11.3170358267109,0.0,11.0104297068936,0.0,0.0,,
KNA,St. Kitts and Nevis,2009,88.6254375,0.0,0.0,0.0,-3.40474015376245,0.0,-3.5715108939693,0.0,0.0,,
KNA,St. Kitts and Nevis,2010,83.9688224,0.0,0.0,0.0,-0.0541942065330545,0.0,0.0951505914335229,0.0,0.0,,
KNA,St. Kitts and Nevis,2011,81.7884039,0.0,0.0,0.0,1.61660730423688,0.0,1.52991480984264,0.0,0.0,,
KNA,St. Kitts and Nevis,2012,81.7788673,0.0,0.0,0.0,-0.737636737448398,0.0,-1.04787778946711,0.0,0.0,,
KNA,St. Kitts and Nevis,2013,81.7497295,0.0,0.0,0.0,5.72728087234704,0.0,5.64641698929439,0.0,0.0,,
KNA,St. Kitts and Nevis,2014,77.3596506,0.0,0.0,0.0,7.57696602328922,0.0,7.53127511202617,0.0,0.0,,
KNA,St. Kitts and Nevis,2015,77.2354315,0.0,0.0,0.0,0.694135527876625,0.0,0.69841246781877,0.0,0.0,,
KNA,St. Kitts and Nevis,2016,77.1830576,0.0,0.0,0.0,3.93270319273282,0.0,3.95919692482656,0.0,0.0,,
KNA,St. Kitts and Nevis,2017,77.1894751,0.0,0.0,0.0,0.220941147299996,0.0,0.274193507101955,0.0,0.0,,
KNA,St. Kitts and Nevis,2018,77.2346133,0.0,0.0,0.0,2.00352549800972,0.0,2.09466207201663,0.0,0.0,,
KNA,St. Kitts and Nevis,2019,77.2481607,0.0,0.0,0.0,2.93824658056356,0.0,3.06102179372833,0.0,0.0,,
KNA,St. Kitts and Nevis,2020,81.5492154,0.0,0.0,0.0,-15.3018891740649,0.0,-15.1537081395497,0.0,0.0,,
KNA,St. Kitts and Nevis,2021,81.5200195,0.0,0.0,0.0,0.367606879216311,0.0,0.597261391032816,0.0,0.0,,
LCA,St. Lucia,2000,82.2574186,0.0,0.0103818193524413,0.0,0.0487485535201131,0.0,-1.15852753925388,0.0,0.0103818193524413,,
LCA,St. Lucia,2001,,0.0,0.0108995599318409,0.0,-3.40806396189404,0.0,-4.38521361096242,0.0,0.0108995599318409,,
LCA,St. Lucia,2002,70.055905,0.0,0.00976368630541872,0.0,0.416450493043214,0.0,-0.455758268918373,0.0,0.00976368630541872,,
LCA,St. Lucia,2003,82.1460909,0.0,0.00955262139236899,0.0,4.26461148738223,0.0,3.41053937654591,0.0,0.00955262139236899,,
LCA,St. Lucia,2004,84.2117227,0.0,0.00923644702272921,0.0,7.2674088699471,0.0,6.44252113072108,0.0,0.00923644702272921,,
LCA,St. Lucia,2005,83.2130658,0.0,0.00854642315722339,0.0,-0.410304726290235,0.0,-1.13924471405971,0.0,0.00854642315722339,,
LCA,St. Lucia,2006,81.6880273,0.0,0.011003542472601,0.0,6.19525729141048,0.0,5.43753454391749,0.0,0.011003542472601,,
LCA,St. Lucia,2007,75.9134198,0.0,0.0107765868867244,0.0,1.69161857433913,0.0,1.01330265983917,0.0,0.0107765868867244,,
LCA,St. Lucia,2008,75.9047714,0.0,0.0106419166715498,0.0,4.94932194028057,0.0,4.29652830468692,0.0,0.0106419166715498,,
LCA,St. Lucia,2009,81.851435,0.0,0.00993011381194443,0.0,-2.82889954830628,0.0,-3.43582922693658,0.0,0.00993011381194443,,
LCA,St. Lucia,2010,80.0499275,0.0,0.0213939960854132,0.0,0.330018546071486,0.0,-0.278750187807233,0.0,0.0213939960854132,,
LCA,St. Lucia,2011,79.9595863,0.0,0.0171733829693113,0.0,4.32694280532142,0.0,3.78344996295867,0.0,0.0171733829693113,,
LCA,St. Lucia,2012,79.9500514,0.0,0.0164637996812387,0.0,-0.108756148262358,0.0,-0.563683330885993,0.0,0.0164637996812387,,
LCA,St. Lucia,2013,79.9209118,0.0,0.0211912988549864,0.0,-1.81877603735991,0.0,-2.26163327907432,0.0,0.0211912988549864,,
LCA,St. Lucia,2014,78.8024889,0.0,0.0254436551499196,0.0,1.32809022110105,0.0,0.880621538906311,0.0,0.0254436551499196,,
LCA,St. Lucia,2015,78.5933452,0.0,0.0186627705111545,0.0,0.101917836412952,0.0,-0.337052867572226,0.0,0.0186627705111545,0.0,43.7
LCA,St. Lucia,2016,81.4915548,0.0,0.0242375524260307,0.0,3.42787214525211,0.0,2.9915396739198,0.0,0.0242375524260307,,
LCA,St. Lucia,2017,80.7016349,0.0,0.0188680203388547,0.0,3.37982617272246,0.0,2.97179882236796,0.0,0.0188680203388547,,
LCA,St. Lucia,2018,80.7467731,0.0,0.0120179605482605,0.0,2.88677902171601,0.0,2.49445186760282,0.0,0.0120179605482605,,
LCA,St. Lucia,2019,80.7603205,0.0,0.0105301058741755,0.0,-1.0293678947917,0.0,-1.38812466794819,0.0,0.0105301058741755,,
LCA,St. Lucia,2020,80.752878,0.0,0.0193601689591786,0.0,-22.9005138634176,0.0,-23.1552773828255,0.0,0.0193601689591786,,
LCA,St. Lucia,2021,80.7236822,0.0,0.0134294898917373,0.0,11.1466993240856,0.0,10.9773537968332,0.0,0.0134294898917373,,
MAF,St. Martin (French part),2000,,,,,,,,,,,
MAF,St. Martin (French part),2001,,,,,,,,,,,
MAF,St. Martin (French part),2002,,,,,,,,,,,
MAF,St. Martin (French part),2003,,,,,,,,,,,
MAF,St. Martin (French part),2004,,,,,,,,,,,
MAF,St. Martin (French part),2005,,,,,,,,,,,
MAF,St. Martin (French part),2006,,,,,,,,,,,
MAF,St. Martin (French part),2007,,,,,,,,,,,
MAF,St. Martin (French part),2008,,,,,,,,,,,
MAF,St. Martin (French part),2009,,,,,,,,,,,
MAF,St. Martin (French part),2010,,,,,,,,,,,
MAF,St. Martin (French part),2011,,,0.0,0.0,,,,,0.0,,
MAF,St. Martin (French part),2012,,,,,,,,,,,
MAF,St. Martin (French part),2013,,,,,,,,,,,
MAF,St. Martin (French part),2014,,,0.0,0.0,,,,,0.0,,
MAF,St. Martin (French part),2015,,,,,1.0,,1.21892477722176,,,,
MAF,St. Martin (French part),2016,,,,,5.0,,5.54794889038332,,,,
MAF,St. Martin (French part),2017,,,,,-8.00000324038295,,-7.15585200915483,,,,
MAF,St. Martin (French part),2018,,,,,-7.99999506898229,,-5.8923641662807,,,,
MAF,St. Martin (French part),2019,,,,,6.50000363700821,,11.9233703264347,,,,
MAF,St. Martin (French part),2020,,,,,-12.500002246731,,-5.67034471115365,,,,
MAF,St. Martin (French part),2021,,,,,4.89999967133534,,11.2897229582813,,,,
VCT,St. Vincent and the Grenadines,2000,82.2574186,0.0,0.0197308869123896,0.0,1.63903190394467,0.0,1.47880127546429,0.0,0.0197308869123896,,
VCT,St. Vincent and the Grenadines,2001,,0.0,0.0180467018441428,0.0,1.74823102028898,0.0,1.78767492091447,0.0,0.0180467018441428,,
VCT,St. Vincent and the Grenadines,2002,70.055905,0.0,0.0151801262417854,0.0,5.34212707436718,0.0,5.48525117619123,0.0,0.0151801262417854,,
VCT,St. Vincent and the Grenadines,2003,76.0049208,0.0,0.015347834892368,0.0,6.69133665352797,0.0,6.88559351311582,0.0,0.015347834892368,,
VCT,St. Vincent and the Grenadines,2004,81.8603875,0.0,0.0145943068486417,0.0,4.11469880444737,0.0,4.39705000606179,0.0,0.0145943068486417,,
VCT,St. Vincent and the Grenadines,2005,85.5419028,0.0,0.0134063462217842,0.0,2.48855733938132,0.0,2.83945191097459,0.0,0.0134063462217842,,
VCT,St. Vincent and the Grenadines,2006,84.8231433,0.0,0.0171699193285803,0.0,6.99692626758825,0.0,7.41339795731157,0.0,0.0171699193285803,,
VCT,St. Vincent and the Grenadines,2007,79.0485357,0.0,0.0157871725548066,0.0,3.3229685982929,0.0,3.77042261406409,0.0,0.0157871725548066,,
VCT,St. Vincent and the Grenadines,2008,79.0398873,0.0,0.0161514365672412,0.0,0.404640808638888,0.0,0.859512861875416,0.0,0.0161514365672412,,
VCT,St. Vincent and the Grenadines,2009,82.635214,0.0,0.0148951275322513,0.0,-1.3781936056056,0.0,-0.914124585036191,0.0,0.0148951275322513,,
VCT,St. Vincent and the Grenadines,2010,80.0499275,0.0,0.0333656636694466,0.0,-4.47046793507802,0.0,-3.99351095016873,0.0,0.0333656636694466,,
VCT,St. Vincent and the Grenadines,2011,79.9595863,0.0,0.028465453623185,0.0,-0.60627665148327,0.0,-0.0518118530617357,0.0,0.028465453623185,,
VCT,St. Vincent and the Grenadines,2012,80.7338303,0.0,0.0269643348103745,0.0,1.16911218376478,0.0,1.73945379802912,0.0,0.0269643348103745,,
VCT,St. Vincent and the Grenadines,2013,79.9209118,0.0,0.034115439439788,0.0,2.4624841721544,0.0,3.0319570809024,0.0,0.034115439439788,,
VCT,St. Vincent and the Grenadines,2014,78.8024889,0.0,0.0423946065801886,0.0,1.1457271877622,0.0,1.71007773700347,0.0,0.0423946065801886,,
VCT,St. Vincent and the Grenadines,2015,81.5439286,0.0,0.0312630692791454,0.0,2.78509791763551,0.0,3.33765430602968,0.0,0.0312630692791454,,
VCT,St. Vincent and the Grenadines,2016,81.4915548,0.0,0.0407859033307733,0.0,4.1496810046981,0.0,4.74804540016839,0.0,0.0407859033307733,,
VCT,St. Vincent and the Grenadines,2017,79.3437212,0.0,0.0329828886778541,0.0,1.54810173239956,0.0,2.20738641850942,0.0,0.0329828886778541,,
VCT,St. Vincent and the Grenadines,2018,79.3888593,0.0,0.0209304790297473,0.0,3.1756114423991,0.0,3.90031671690731,0.0,0.0209304790297473,,
VCT,St. Vincent and the Grenadines,2019,81.5566579,0.0,0.018299980174056,0.0,0.668428481084234,0.0,1.40193657114291,0.0,0.018299980174056,,
VCT,St. Vincent and the Grenadines,2020,83.7034631,0.0,0.0256464367493511,0.0,-4.26892434422649,0.0,-3.67618803165428,0.0,0.0256464367493511,,
VCT,St. Vincent and the Grenadines,2021,83.6742656,0.0,0.0193291690653381,0.0,2.09340124465459,0.0,2.77342166309265,0.0,0.0193291690653381,,
SDN,Sudan,2000,23.5247903,0.0,0.0,0.0964740807339254,6.34586743997545,0.0,3.37132975440942,10.6869859368028,10.7834600175368,,
SDN,Sudan,2001,,0.0,0.0,0.0697188457262011,6.50036053396883,0.0,3.51515858633522,6.84045041990384,6.91016926563004,,
SDN,Sudan,2002,27.9708063,0.0,0.0,0.0751095677812848,6.0064715363132,0.0,3.04640852451755,7.14772574801421,7.22283531579549,,
SDN,Sudan,2003,28.1709839,0.0,0.0,0.0310655691038779,6.28880816146516,0.0,3.47662601258492,6.97515874031986,7.00622430942374,,
SDN,Sudan,2004,37.1627776,0.0,0.0,0.023850371449324,5.14088851762675,0.0,2.38501078452138,10.1194980180566,10.1433483895059,,
SDN,Sudan,2005,29.8520405,0.0,0.0,0.0202861368493205,5.64351551343631,0.0,2.75337218040758,12.4599426156015,12.4802287524508,,
SDN,Sudan,2006,27.293649,0.0,0.0,0.0384846489536759,6.5314117467792,0.0,3.55587752590014,12.500471606345,12.5389562552987,,
SDN,Sudan,2007,25.5432837,0.0,0.0,0.0639727764371204,5.73527423664484,0.0,2.69329211251048,13.6134936785449,13.677466454982,,
SDN,Sudan,2008,24.7294992,0.0,0.0,0.0945043105902982,3.84674473121058,0.0,0.693530743818769,17.885274592108,17.9797789026983,,
SDN,Sudan,2009,24.22661,0.0,0.0,0.245947626315176,-2.76770436599138,0.0,-5.81042185394722,9.59675943554232,9.8427070618575,3.5,35.4
SDN,Sudan,2010,24.3768735,0.0,0.0,0.449732786963216,3.85824195230107,0.0,0.758886048751407,11.493125709502,11.9428584964653,,
SDN,Sudan,2011,25.8573699,0.0,1.04639366405286,0.629015262131773,-3.21353209253371,0.0,5.87200118550977,15.1004983871528,16.7759073133375,,
SDN,Sudan,2012,26.3403522,0.0,1.53382074369244,1.41749339666486,-17.0046884048945,0.0,-7.20056369222739,3.69537931902747,6.64669345938477,,
SDN,Sudan,2013,27.3375077,0.0,1.53112624015148,1.38707751093956,1.95514463302422,0.0,-0.372546263586997,4.59958496637169,7.51778871746273,,
SDN,Sudan,2014,27.9107115,0.0,1.49166899749313,1.0255230871143,4.66137954229873,0.0,1.86452924090501,2.65704566740931,5.17423775201674,2.2,34.2
SDN,Sudan,2015,31.1066875,0.0,1.39952647080597,0.778094847237986,1.91017689052751,0.0,-1.14810293147822,0.798069583603201,2.97569090164715,,
SDN,Sudan,2016,28.9596277,0.0,1.21630875987527,0.937478743020185,3.46764218409288,0.0,0.369473161527822,0.586718855776161,2.74050635867162,,
SDN,Sudan,2017,32.6307711,0.0,0.954746498811384,0.701729140938244,0.70925628476644,0.0,-2.71987452387332,0.823819483095822,2.48029512284545,,
SDN,Sudan,2018,36.5746786,0.0,2.73490089102518,0.0481267522489851,-2.6809305497999,0.0,-6.01716755998106,3.36467879804277,6.14770644131694,,
SDN,Sudan,2019,37.6186719,0.0,2.60000953615501,2.6603925444244,-2.17825104530091,0.0,-5.00795943799888,2.99936703162155,8.25976911220096,,
SDN,Sudan,2020,42.1827508,0.0,3.37284254505207,4.04469081142508,-3.62980082410752,0.0,-6.18595807947966,1.87511902407651,9.29265238055366,,
SDN,Sudan,2021,35.4439074,0.0,2.81389455122223,6.63404867647466,-1.8685204827207,0.0,-4.47700779563793,3.30226845710475,12.7502116848016,,
SUR,Suriname,2000,68.9225032,0.0,0.385990256639607,2.29570986124248,2.09999886750489,0.0,0.016412852428175,9.6570386910926,12.3387388089747,,
SUR,Suriname,2001,,0.0,0.445930133765641,2.59158253077232,4.20000042083539,0.0088000500514565,2.07621012945627,8.57701308174341,11.6233257963328,,
SUR,Suriname,2002,73.4982335,0.0,0.385097053654106,0.806549725816622,2.80000068850687,0.00502510473211313,0.731583130433549,6.6713651664465,7.86803705064934,,
SUR,Suriname,2003,73.279987,0.0,0.412101602668897,0.540561354718122,6.29999943314137,0.00314292556142868,4.22968365512362,5.97914212009237,6.93494800304082,,
SUR,Suriname,2004,69.1774222,0.0,0.337495065828781,2.14606258880203,8.50000018479413,0.00259232773732333,6.9146916825718,6.45522246853907,8.9413724509072,,
SUR,Suriname,2005,72.1949416,0.0,0.333363216634798,6.22665126158148,4.50000021086888,0.00434836752071831,3.41538457225288,8.63608457094893,15.2004474166859,,
SUR,Suriname,2006,66.5266926,0.0,0.344539190555779,4.98891549688092,5.79354358463304,0.004588553096066,4.64814560762545,7.84880116051496,13.1868444010477,,
SUR,Suriname,2007,67.2051875,0.0,0.336899402009019,5.68559354253548,5.11148777773458,0.00560098747178887,3.92006219934488,8.36431435476551,14.3924082867818,,
SUR,Suriname,2008,69.3315,0.0,0.364855111832628,5.15410720267858,4.14340681165626,0.00562867252367857,2.93593297564139,10.4429452069185,15.9675361939534,,
SUR,Suriname,2009,70.2307079,0.0,0.362801385713238,6.32960356067876,3.01369898266211,0.00559849754758138,1.81540250702821,4.70070969381809,11.3987131377577,,
SUR,Suriname,2010,68.1284702,0.0,0.512319436898175,15.8268075926677,5.16882515225814,0.00347379559881753,3.95347703289852,5.82683537587144,22.1694362010361,,
SUR,Suriname,2011,67.2584274,0.0,0.699554081909713,21.8087684433287,5.84936767173009,0.00722009941861965,4.64182224452708,9.41801678852129,31.9335594131783,,
SUR,Suriname,2012,67.0131732,0.0,0.716568264174121,20.4115806580609,2.69034974668847,0.00690641151904793,1.52880858968571,7.99471670842876,29.1297720421828,,
SUR,Suriname,2013,66.8674757,0.0,0.694489666834738,12.964995495585,2.9334416518612,0.00768155481017302,1.77805890287095,7.07724159024642,20.7444083074763,,
SUR,Suriname,2014,69.7308319,0.0,0.756486585407014,6.09326812853332,0.255503031645475,0.00688355150663509,-0.851471419293389,6.48885277692169,13.3454910423686,,
SUR,Suriname,2015,70.9866148,0.0,0.978019126588831,1.60688468256807,-3.41304268067621,0.00330640376556208,-4.45160318607753,2.53674856688081,5.12495877980327,,
SUR,Suriname,2016,68.8994926,0.0,1.49980342023123,10.6215455975275,-4.91166050905851,0.00233689561096421,-5.90338246401519,2.93811167650529,15.0617975898749,,
SUR,Suriname,2017,68.7426699,0.0,2.18329705122212,13.5863756645371,1.56603782534897,0.00317085396129406,0.547149370341614,4.01262933516518,19.7854729048857,,
SUR,Suriname,2018,68.4514764,0.0,2.63904601872414,0.0,4.94827108468886,0.00737873336980985,3.93294702617604,5.79745793323679,8.44388268533074,,
SUR,Suriname,2019,68.1517746,0.0,2.17832676967563,0.0,1.16758977233877,0.00846646242140979,0.12296002295291,4.64572430249017,6.83251753458721,,
SUR,Suriname,2020,73.8012765,0.0,1.60021344457355,0.0,-15.9751917148622,0.00684154892246027,-16.8738740468232,2.99417364471055,4.60122863820656,,
SUR,Suriname,2021,72.0572622,0.0,1.64873811666235,0.0,-2.43538583612838,0.0114578354460793,-3.31629942420831,7.93252614181898,9.59272209392741,,
SWE,Sweden,2000,91.1316516,0.0,0.245155286191085,0.068212327043002,4.63112136551369,0.0,4.46324425617721,0.0,0.313367613234087,0.1,27.0
SWE,Sweden,2001,,0.0,0.259540298973164,0.0622480164640183,1.36080642694121,0.0,1.08904749433709,0.000855178634988416,0.322643494072171,0.1,26.5
SWE,Sweden,2002,89.5944374,0.0,0.298968079558308,0.0207258337359642,2.27772867861897,0.0,1.94541903904167,0.00187099387688099,0.321564907171153,0.0,26.2
SWE,Sweden,2003,88.944409,0.0,0.25220862547518,0.00951037530259392,1.88102769675844,0.0,1.50263999618741,0.00178996795016745,0.263508968727942,0.3,25.3
SWE,Sweden,2004,86.2689709,0.0,0.189361797342091,0.0464938973347541,4.17958419343711,0.0,3.77065163055421,0.00272035256561386,0.238576047242459,0.3,26.1
SWE,Sweden,2005,87.7036955,0.0,0.272559778408693,0.159568440224076,2.79313782840156,0.0,2.38284512787561,0.00451845572642441,0.436646674359194,0.8,26.8
SWE,Sweden,2006,86.778182,0.0,0.193534335819191,0.240919250739693,4.67607488877992,0.0,4.08894162666398,0.00695268926167058,0.441406275820555,0.3,26.4
SWE,Sweden,2007,87.8835084,0.0,0.243703217750348,0.394740585050201,3.22486814096095,0.0,2.46223270145694,0.010650077737385,0.649093880537934,0.3,27.1
SWE,Sweden,2008,85.9405396,0.0,0.233591909991242,0.401410242213109,-0.923113250067971,0.0,-1.6919565204184,0.0182062873540388,0.653208439558389,0.5,28.1
SWE,Sweden,2009,85.8645896,0.0,0.229082262908953,0.0984220972083905,-4.25561384207619,0.0,-5.06780005582803,0.0167686492033472,0.34427300932069,0.3,27.3
SWE,Sweden,2010,84.4547068,0.0,0.23925361639145,1.15454780189688,5.75076477579255,0.0,4.85304553694191,0.0203671152425583,1.41416853353088,0.4,27.7
SWE,Sweden,2011,85.6641815,0.0,0.215407333533334,1.45076797804663,3.16388567406926,0.0,2.38777753247983,0.0295942454553409,1.6957695570353,0.4,27.6
SWE,Sweden,2012,85.6209343,0.0,0.195145294799365,0.844917599933344,-0.414397702454409,0.0,-1.14837721022437,0.026228031109986,1.06629092584269,0.4,27.6
SWE,Sweden,2013,83.8290009,0.0,0.194206799824215,0.787563078524436,1.13766671801426,0.0,0.284298669472349,0.020164251116792,1.00193412946544,0.5,28.8
SWE,Sweden,2014,83.2881309,0.0,0.21412178097055,0.677202405089752,2.29577238758284,0.0,1.28579244857269,0.0174025911395759,0.908726777199877,0.4,28.4
SWE,Sweden,2015,81.7607898,0.0,0.215032338399552,0.263522474149408,4.38824673608589,0.0,3.29020421290397,0.00960496894959815,0.488159781498559,0.3,29.2
SWE,Sweden,2016,81.5881358,0.0,0.211533484845609,0.503239973629847,2.13117914731151,0.0,0.855975824436371,0.00769340484074064,0.722466863316197,0.2,29.6
SWE,Sweden,2017,80.7023028,0.0,0.191499546174063,0.844546639788375,1.88282184966646,0.0,0.519214362381689,0.00997779201287988,1.04602397797532,0.2,28.8
SWE,Sweden,2018,81.7624997,0.0,0.253253037737023,0.781670408713803,1.7702553546772,0.0,0.594886136077946,0.0261727179380502,1.06109616438888,0.6,30.0
SWE,Sweden,2019,81.9975459,0.0,0.207231534510574,0.17217730595366,2.60823012869524,0.0,1.57332206499805,0.0253712710404297,0.404780111504663,0.2,29.3
SWE,Sweden,2020,82.2208844,0.0,0.179998566679703,0.17739716332548,-1.93379704032216,0.0,-2.63997048116038,0.0132039613355993,0.370599691340783,0.3,28.9
SWE,Sweden,2021,82.0733011,0.0,0.179786890775554,1.00125372772349,5.2258643028773,0.0,4.5957806799404,0.0272391808431431,1.20827979934218,0.5,29.8
CHE,Switzerland,2000,92.9918225,0.0,0.0339378282692173,0.0,3.63321673470911,0.0,3.0524783594406,0.0,0.0339378282692173,0.1,33.4
CHE,Switzerland,2001,,0.0,0.020027551740193,0.0,1.59219781357001,0.0,0.951381195545636,0.0,0.020027551740193,,
CHE,Switzerland,2002,91.1554565,0.0,0.0174874465729194,0.0,0.380410134195273,0.0,-0.376071813230695,0.0,0.0174874465729194,0.0,31.7
CHE,Switzerland,2003,87.1930599,0.0,0.0179605826583903,0.0,-0.284222357857615,0.0,-1.02129563329808,0.0,0.0179605826583903,,
CHE,Switzerland,2004,84.2696225,0.0,0.0137801219571509,0.0,2.58692895529093,0.0,1.88413812470986,0.000185269236564892,0.0139653911937158,0.1,31.6
CHE,Switzerland,2005,86.7139432,0.0,0.0142920268109708,0.0,2.95208487460334,0.0,2.29468015372771,0.000317765513572658,0.0146097923245434,,
CHE,Switzerland,2006,86.2275361,0.0,0.0167975072857277,0.0,4.13432251467916,0.0,3.48286502643637,0.00063711934471555,0.0174346266304433,0.0,33.9
CHE,Switzerland,2007,86.4823936,0.0,0.0185548439455391,0.0,3.98319384807056,0.0,3.05804556705532,0.000749164452712047,0.0193040083982512,0.0,34.3
CHE,Switzerland,2008,86.473974,0.0,0.0161277641103173,0.0,2.53159615417233,0.0,1.23705292875356,0.000960013727719588,0.0170877778380369,0.0,33.8
CHE,Switzerland,2009,88.3452958,0.0,0.0147482978332118,0.0,-1.93490944903913,0.0,-3.15259444849458,0.000203202550011871,0.0149515003832237,0.0,32.9
CHE,Switzerland,2010,88.2844153,0.0,0.0149742129801232,7.47099527614027e-05,3.26063082122047,0.0,2.190693084472,0.000301351052291844,0.0153502739851764,0.0,32.6
CHE,Switzerland,2011,88.9756547,0.0,0.0124582311521588,0.000158290078438681,1.40766067483813,0.0,0.286375468408821,0.000356657639592002,0.0129731788701895,0.0,31.7
CHE,Switzerland,2012,89.4833984,0.0,0.0110687689733282,0.000120322502342235,1.12413575027705,0.0,0.05606067958675,0.000416318750538044,0.0116054102262085,0.0,31.6
CHE,Switzerland,2013,88.8311529,0.0,0.0119175614298581,0.000106794575909661,1.83612392927999,0.0,0.671837728442554,0.000268214621739725,0.0122925706275075,0.0,32.5
CHE,Switzerland,2014,90.1913471,0.0,0.0130712744977875,7.91492699486152e-05,2.54342347675991,0.0,1.29988872743645,0.000243487314364699,0.0133939110821008,0.0,32.5
CHE,Switzerland,2015,87.6767288,0.0,0.0105667836592093,0.0,1.45450336491099,0.0,0.306157484449557,0.000125064111504765,0.0106918477707141,0.0,32.3
CHE,Switzerland,2016,86.5031631,0.0,0.0103932932726923,0.0,1.91159094214852,0.0,0.804739182018849,0.000116660133874781,0.0105099534065671,0.0,33.0
CHE,Switzerland,2017,85.7800494,0.0,0.00961701007033083,0.0,1.42034612231261,0.0,0.478338226837309,0.0001785775350507,0.00979558760538153,0.0,32.7
CHE,Switzerland,2018,87.3363762,0.0,0.0127915099112579,0.0,3.32743256101493,0.0,2.56908414233095,0.000217357272570462,0.0130088671838284,0.0,33.1
CHE,Switzerland,2019,86.3945634,0.0,0.00873845683473987,0.0,1.11532187197474,0.0,0.396618811151228,0.000444794821757431,0.0091832516564973,0.0,34.0
CHE,Switzerland,2020,84.9002035,0.0,0.00779660128659034,0.0,-2.2552579425106,0.0,-2.966852612279,0.000231251911067443,0.00802785319765779,0.0,33.7
CHE,Switzerland,2021,83.4121672,0.0,0.00859511306158471,0.0,6.17622836050151,0.0,5.3665512260086,0.000512290057871237,0.00910740311945595,0.0,33.8
SYR,Syrian Arab Republic,2000,59.0352544,0.0,0.00125708153877874,0.0,0.675642589410501,0.316939048157981,-1.80421522520456,6.13966972588644,6.45786585558319,,
SYR,Syrian Arab Republic,2001,,0.0,0.00168309182711799,0.0,3.79340343988601,0.302685305856379,1.27668700084639,4.92261404061527,5.22698243829877,,
SYR,Syrian Arab Republic,2002,67.0849057,0.0,0.00146227040825609,0.0,7.85855098148016,0.302584914619139,5.28381353041894,5.18459530453076,5.48864248955815,,
SYR,Syrian Arab Republic,2003,65.4226934,0.0,0.00160504857932499,0.0,0.590781711933914,0.278268172734875,-1.77628168914023,5.5304418274807,5.8103150487949,0.1,37.5
SYR,Syrian Arab Republic,2004,59.4281586,0.0,0.000923931751071815,0.0,6.9025333036284,0.261697893974132,4.29318307609483,4.57641557385435,4.83903739957955,,
SYR,Syrian Arab Republic,2005,57.9691388,0.0,0.000769341023769729,0.0,6.21550444795768,0.243289229404521,3.52136747526863,5.29082341663287,5.53488198706116,,
SYR,Syrian Arab Republic,2006,56.7979918,0.0,0.000877782037676992,0.0,5.04600280095076,0.244769083877966,0.643827556100021,5.16369608370094,5.40934294961658,0.0,40.1
SYR,Syrian Arab Republic,2007,56.2746594,0.0,0.000783738194104785,0.00824713520694178,5.6747382107833,0.208110443917523,-0.635666608517582,4.59093161345655,4.80807293077512,,
SYR,Syrian Arab Republic,2008,55.7338064,0.0,0.00113395259540616,0.265093417729989,4.47662154277957,0.177136328257636,0.843314302451219,5.19652182902386,5.63988552760689,,
SYR,Syrian Arab Republic,2009,56.9008231,0.0,0.00111963768024227,0.14307847448198,5.91229460524147,0.194996151328667,4.27180111202605,2.96166778457661,3.3008620480675,0.0,40.4
SYR,Syrian Arab Republic,2010,46.8058091,0.0,0.00121858494863371,0.0574900957559479,5.19150915015936,0.219467459099197,2.82658329617919,3.83125650391356,4.10943264371734,,
SYR,Syrian Arab Republic,2011,29.4463542,0.0,0.00451764477632974,0.556730350561456,2.8502205980333,0.921556688835187,1.07142470619088,18.8708007318397,20.3536054160127,,
SYR,Syrian Arab Republic,2012,23.951639,0.0,0.00802459594806103,0.414808468680751,-26.338904668983,1.21586112609928,-25.9559180044911,13.5972766904663,15.2359708811944,,
SYR,Syrian Arab Republic,2013,23.7713239,0.0,0.0160547915250737,0.219422661707584,-26.3002577493205,2.06076023244341,-22.5829559975445,8.17348065756745,10.4697183432435,,
SYR,Syrian Arab Republic,2014,25.7574443,0.0,0.0189824989400975,0.175729786134017,-10.3103412087823,1.78816109480561,-4.14663713207196,3.75849764649316,5.74137102637288,,
SYR,Syrian Arab Republic,2015,24.2458029,0.0,0.0212597786584496,0.103648948838868,-4.17969204561759,1.51664453933771,0.00856895832579596,1.97169808202096,3.61325134885599,,
SYR,Syrian Arab Republic,2016,21.5585068,0.0,0.0188105853797608,0.0,-6.40568496867387,1.30377150544308,-5.28031989569315,1.84950445227804,3.17208654310089,,
SYR,Syrian Arab Republic,2017,24.1233979,0.0,0.0234420724285766,0.00790143480261003,-0.723346297115341,1.19779659055655,-0.882573823971697,1.8857145317546,3.11485462954234,,
SYR,Syrian Arab Republic,2018,24.4910213,0.0,0.0166669783391071,0.00237473154819515,1.39323324059961,1.45527201835553,-0.435862757259983,1.87604739024899,3.35036111849182,,
SYR,Syrian Arab Republic,2019,23.9982444,0.0,0.0184826193799977,0.0,1.22072818348491,1.28568177450559,-2.63687243879127,2.46515545695966,3.76931985084524,,
SYR,Syrian Arab Republic,2020,25.6898456,0.0,0.029288922258981,0.0,0.954914586675713,2.33049215153531,-2.38265909697594,4.01504490668102,6.37482598047532,,
SYR,Syrian Arab Republic,2021,25.3337284,,,,1.7896919997567,,-0.937128678948227,,,,
TJK,Tajikistan,2000,34.1591319,0.00294294614513765,0.0,0.633697728184772,8.32432449473859,0.0914729859877723,7.00808967496647,0.305499130051128,1.03361279036881,,
TJK,Tajikistan,2001,,0.00877869537183774,0.0,0.443927573948253,9.58083617842951,0.193213990239822,7.48337681079825,0.159928729256591,0.805848988816504,,
TJK,Tajikistan,2002,47.5809772,0.00483541716097191,0.0,0.684907219175688,10.8000037591665,0.05365227247548,8.69157571922234,0.127446536342407,0.870841445154547,,
TJK,Tajikistan,2003,46.2776665,0.0052298866419889,0.0,0.55049994375961,10.9999990780572,0.0885959717666604,8.88444644359714,0.127382356278296,0.771708158446555,19.0,32.7
TJK,Tajikistan,2004,46.1348882,0.0646122163168158,0.046964239447866,0.408572669207736,10.2999989410117,0.0578619435039931,8.15635551136702,0.0922315559393627,0.670242624415773,10.7,33.6
TJK,Tajikistan,2005,45.2793153,0.0425437852799953,0.0412054321815337,0.309365930294612,6.69999851655409,0.0459221665736546,4.63258511919481,0.134517641366481,0.573554955696277,,
TJK,Tajikistan,2006,45.0163491,0.0379902658502644,0.0438932221494496,0.516589789878647,7.00000321108996,0.0736062135566721,4.98592039180348,0.134455288777573,0.806534780212606,,
TJK,Tajikistan,2007,55.5413514,0.0813681426159291,0.0392321313922791,0.495364202675643,7.80000011872161,0.032368940223179,5.74856457778455,0.106966593659828,0.755300010566859,7.6,32.2
TJK,Tajikistan,2008,53.8342829,0.208301086324095,0.031633084399884,0.437602477255297,7.89999827154939,0.0627381712148385,5.78378645390583,0.0958394628921368,0.83611428208625,,
TJK,Tajikistan,2009,52.5600194,0.0658310666164315,0.03548378796088,0.457413669879396,3.90000114826496,0.0585409622594694,1.79394759926346,0.049879787862125,0.667149274578302,3.6,30.8
TJK,Tajikistan,2010,51.0308865,0.107495178584937,0.0251265700055647,1.44243773063226,6.49999908585235,0.049856903124005,4.24657467143167,0.0500741640314768,1.67499054637824,,
TJK,Tajikistan,2011,48.8242137,0.136269463787359,0.0305807832702173,1.76956852075726,7.40000059956711,0.0307790333350719,5.0303552095006,0.0703343870138553,2.03753218816376,,
TJK,Tajikistan,2012,47.6082309,0.105436548204524,0.0212646141813327,1.47187397202428,7.49999946321525,0.0218974409095776,4.96076448659319,0.0871854413002674,1.70765801661998,,
TJK,Tajikistan,2013,47.893702,0.0672896350707398,0.0177980468672756,1.1522690734811,7.39999974700379,0.0168700383004247,4.75131202806213,0.0751868970455604,1.3294136907651,,
TJK,Tajikistan,2014,55.3850873,0.0964388396761259,0.699262124638341,1.30072335544431,6.70000069016253,0.031210224913698,4.0554323883913,0.0656854181326736,2.19331996280515,,
TJK,Tajikistan,2015,53.1753944,0.109017208585225,0.783326493763975,1.33117691744839,6.01930331771186,0.0175908036386464,3.34193519398252,0.0242529873354977,2.26536441077173,3.3,34.0
TJK,Tajikistan,2016,53.1499018,0.195033027210984,0.792871617659971,2.7461458602989,6.89999999999999,0.0140810763423515,4.2256886170877,0.0591268078088316,3.80725838932103,,
TJK,Tajikistan,2017,54.7341724,0.311402640399041,0.890650655541828,3.20501299100874,7.10000041864309,0.0324362754535535,4.50305161526772,0.108282689241086,4.54778525164425,,
TJK,Tajikistan,2018,54.4066908,0.381540409384853,1.03553064405533,3.71239504049256,7.5999988895536,0.0658682090762832,5.04059320866072,0.205073118353045,5.40040742136206,,
TJK,Tajikistan,2019,58.6574931,0.278347271576925,0.9864987379163,3.70846698650732,7.40000016310556,0.0519023694772061,4.89098971791482,0.198471762295415,5.22368712777317,,
TJK,Tajikistan,2020,60.2763779,0.250783126023442,0.998016201440773,3.73160590717429,4.40000111553493,0.0309684488157527,2.05116680370303,0.123761200414224,5.13513488386848,,
TJK,Tajikistan,2021,59.0878624,0.486026357740751,1.00818663938698,7.09388801536399,9.39999955037523,0.171084791793257,7.01157366120653,0.287161792744173,9.04634759702914,2.0,32.4
TZA,Tanzania,2000,48.5970865,0.00549717668500516,3.50655561299909,0.243283021929786,4.52078463603256,0.0,1.59942658531416,0.0,3.75533581161388,47.4,37.3
TZA,Tanzania,2001,,0.00934606887320297,3.35696100454759,0.677817690187963,6.07080828734129,0.0,3.25057961835962,0.0,4.04412476360876,,
TZA,Tanzania,2002,55.3460746,0.00594969810073474,3.88212222076328,0.969401662444261,7.09319498355502,0.0,4.36368727532306,0.0,4.85747358130828,,
TZA,Tanzania,2003,48.4553741,0.00439219297956546,5.51087931580925,1.34746549938282,6.67278983053497,0.0,3.89344253690891,0.0,6.86273700817164,,
TZA,Tanzania,2004,54.4393474,0.014496913040245,4.34297257636132,0.969331099417752,7.50381465859829,0.0274931382987407,4.63163110389122,0.0,5.35429372711806,,
TZA,Tanzania,2005,56.0717334,0.00497847756496167,4.16470460647776,0.778021360681858,7.47631925974784,0.0458836863030524,4.54018649750061,0.0,4.99358813102763,,
TZA,Tanzania,2006,59.336784,0.003110711871887,4.16915048696806,1.18424080572687,6.53222138847813,0.165461735035215,3.59554927104524,0.0,5.52196373960203,,
TZA,Tanzania,2007,59.9114039,0.00565738638402301,5.07308855907828,0.984154935221218,6.76853520293716,0.143202560221599,3.83493311688827,0.0,6.20610344090512,24.4,40.3
TZA,Tanzania,2008,61.6990275,0.00529042247862806,4.81554784567177,0.109132620950762,5.68641685905224,0.146624246080538,2.87353898673082,0.0,5.0765951351817,,
TZA,Tanzania,2009,66.2206126,0.0,4.65621310033543,0.738089737216486,5.26910524873463,0.141555701163361,2.70936589724377,0.000397968642983594,5.53625650735826,,
TZA,Tanzania,2010,64.909639,0.0,3.79694702910433,1.59355312280221,6.33652342666889,0.168958230297154,3.67041498018565,0.0,5.55945838220369,,
TZA,Tanzania,2011,63.1766936,0.01805561186371,3.997336991209,3.17393977178461,7.67215543486064,0.147129405103243,4.70485004341454,0.0,7.33646177996057,16.5,37.8
TZA,Tanzania,2012,63.7660225,0.010479148520174,4.04718807412586,2.62051864342787,4.50015356010131,0.1543339847838,1.53892032694513,0.0,6.8325198508577,,
TZA,Tanzania,2013,58.6799879,0.00789190350160067,3.66922627215631,1.95046582699407,6.78158560065316,0.139651250540847,3.62722794168234,0.0,5.76723525319283,,
TZA,Tanzania,2014,57.2358718,0.0152030368795846,3.68074635711897,1.24476582037582,6.73246186832483,0.106190378675112,3.51147946313948,0.0,5.04690559304949,,
TZA,Tanzania,2015,57.7501681,0.0118307165544839,4.04223842221944,1.15205077600315,6.16062877406682,0.0958189291565574,2.77038211960942,0.0,5.30193884393363,,
TZA,Tanzania,2016,56.7117861,0.0136027189325031,4.05655731487589,1.46298106534608,6.86711619644551,0.0828972587378178,3.30400665890222,0.0,5.61603835789229,,
TZA,Tanzania,2017,54.2134859,0.034308918609216,3.77302440557288,1.22913696861494,6.72726996832438,0.0996973020864147,3.23688527604725,0.0,5.13616759488345,,
TZA,Tanzania,2018,54.5493392,0.0424699785942398,2.55993753668615,0.811400866099071,5.50267599384966,0.197788905211452,2.24213027557943,0.0,3.61159728659091,16.7,40.5
TZA,Tanzania,2019,56.4616756,0.0328970144858054,2.29071304133976,1.0222813611972,5.79999999996723,0.185559026652075,2.71005881950599,0.0,3.53145044367484,,
TZA,Tanzania,2020,54.570353,0.0264007682901917,2.46381401132856,1.23606590780306,1.99196460647855,0.125414392830039,-0.998987836780785,0.0,3.85169508025186,,
TZA,Tanzania,2021,56.0707615,0.0494009697131187,2.39316354560753,4.02780413757632,4.32138429480482,0.223340416897822,1.25401761079502,0.0,6.69370906979479,,
THA,Thailand,2000,75.7318424,0.0396739853349757,0.31174753414845,0.00208046959774586,4.45524704335014,0.99488283784735,3.28023479514871,0.687313150348311,2.03569797727683,1.6,42.8
THA,Thailand,2001,,0.101836945122403,0.389305797886328,0.000846817923239997,3.44424900968372,0.925077140569247,2.39873161764822,0.524207577556559,1.94127427905778,,
THA,Thailand,2002,70.748622,0.0483539849713579,0.393565815727827,0.0137660507937291,6.14903605210036,0.762297559806926,5.13275009732257,0.526342209841627,1.74432562114147,0.8,41.9
THA,Thailand,2003,63.0758797,0.0368438185690713,0.695973029685404,0.00987948767144361,7.18924330340971,0.893375521627429,6.19493623168337,0.6555395444715,2.29161140202485,,
THA,Thailand,2004,55.6581401,0.164555952608913,0.460021485473908,0.0129648779826171,6.28934214285795,0.938004279981584,5.34116205951062,0.818270913353913,2.39381750940094,0.5,42.5
THA,Thailand,2005,51.8584491,0.107852367326969,0.446372174102,0.0231047966674329,4.18763842884337,0.91076699997037,3.29537578511341,1.3590750714862,2.84717140955297,,
THA,Thailand,2006,47.9619977,0.0879878363639183,0.504842518195832,0.0456511727735759,4.96781089246107,0.710630622575337,4.10011779691514,1.53654839015347,2.88566054006214,0.4,41.8
THA,Thailand,2007,48.2506357,0.112860184677332,0.582080335682746,0.0818042349909075,5.43515169050809,0.613973903264137,4.5949892120282,1.36661103193532,2.75732969055044,0.2,39.8
THA,Thailand,2008,45.9991698,0.246143154793898,0.690217881468394,0.085386547959203,1.72569884866334,0.693431593342433,0.947280170156503,1.90791786682769,3.62309704439162,0.1,40.3
THA,Thailand,2009,46.8877802,0.0902411252496195,0.620897537913127,0.038736598154847,-0.690618232300579,0.643700115109854,-1.42135866699509,1.00735619758168,2.40093157400913,0.1,39.6
THA,Thailand,2010,44.8294389,0.131009402942346,0.543056504586835,0.0558791976494496,7.51339053261624,0.671954379420834,6.79479928649167,1.3337808366326,2.73568032123207,0.1,39.4
THA,Thailand,2011,46.4439712,0.18002944550965,0.539627117796683,0.0438546783467379,0.840132083053334,0.611077945620696,0.215045559628464,1.77251079433152,3.14709998160529,0.0,37.5
THA,Thailand,2012,45.0327833,0.0797774473591743,0.49201388753606,0.0415721763959624,7.24279620249642,0.651357695835709,6.58038336266074,1.64099046582139,2.90571167294829,0.1,39.3
THA,Thailand,2013,42.700846,0.0508277078519803,0.453082373577415,0.0272661101202421,2.68749556320556,0.653181573962076,2.08615316028128,1.43416971462893,2.61852748014065,0.0,37.8
THA,Thailand,2014,46.4756098,0.0391215139661008,0.593749850660677,0.0215541407035652,0.984468863619426,0.911946344345926,0.45053655380589,1.25645532400063,2.8228271736769,0.0,37.0
THA,Thailand,2015,46.1476533,0.0211627843459833,0.462529182419517,0.0113573721080165,3.13404724911635,0.902161446047801,2.65971785318402,0.533712422055235,1.93092320697655,0.0,36.0
THA,Thailand,2016,46.6539451,0.0257915731695363,0.4559929437716,0.0147800576124685,3.43515771692182,0.627532636140883,2.96944155296718,0.429121666160215,1.5532188768547,0.0,36.7
THA,Thailand,2017,49.0742678,0.0297359600247265,0.521643338932033,0.000217150276012418,4.1776810321001,0.552732935145776,3.73797800283087,0.527823222383697,1.63215260676224,0.0,36.4
THA,Thailand,2018,49.1566626,0.0288539920601164,0.389257535155401,0.000133079856536415,4.22287028746071,0.71765709497686,3.90762624173355,0.680804724043357,1.81670642609227,0.0,36.4
THA,Thailand,2019,55.8413351,0.0185040812105728,0.33356374723613,0.0,2.11455779628278,0.700466145845722,1.90583495758329,0.459890940562708,1.51242491485513,0.0,34.9
THA,Thailand,2020,53.3677964,0.015831685103566,0.375868107206655,0.0,-6.09306312966953,0.543937782887483,-6.24932633137992,0.173930820486899,1.1095683956846,0.0,35.0
THA,Thailand,2021,53.9991989,0.0335556904365916,0.362259862876361,0.0,1.55858232076893,0.939553101701137,1.43703031357769,0.481657874747012,1.8170265297611,0.0,34.9
TLS,Timor-Leste,2000,69.9750783,,0.403626442484974,0.0,58.0780959334582,,77.089568536025,,0.403626442484974,,
TLS,Timor-Leste,2001,,,0.349604288511654,0.0,16.3476940466477,,6.72745754298086,,0.349604288511654,19.7,35.9
TLS,Timor-Leste,2002,51.7800924,,0.385732111728361,0.0,-6.70069541098115,,-13.801409240961,,0.385732111728361,,
TLS,Timor-Leste,2003,57.105599,0.0,0.520108397399869,0.0,-2.18226413236545,0.0,-6.20634059530958,0.0,0.520108397399869,,
TLS,Timor-Leste,2004,57.2096635,,0.622292237260218,0.0,0.400003981151968,,-0.91795179907021,,,,
TLS,Timor-Leste,2005,52.1628415,,0.379311342594909,0.0,2.98457963807486,,0.89548190695325,,,,
TLS,Timor-Leste,2006,46.2027893,,0.432161173947835,0.0,-4.11609268942114,,-6.89325891273231,,,,
TLS,Timor-Leste,2007,47.3873436,,0.523233640129672,0.0,10.2653884542201,,7.16093774359759,,,18.4,27.8
TLS,Timor-Leste,2008,52.5067419,,0.716729446292106,0.0,11.3948048266465,,8.42335310945737,,,,
TLS,Timor-Leste,2009,54.8317801,,0.580672828360474,0.0,10.1469544183475,,7.40540545946205,,,,
TLS,Timor-Leste,2010,55.7876186,,0.451293701527894,0.0,9.33149490201264,,6.72117634373186,,,,
TLS,Timor-Leste,2011,55.7879807,,0.492057560509685,0.0,5.95855605611087,,3.52215453909612,,,,
TLS,Timor-Leste,2012,58.7097731,,0.350105121172429,0.0,4.86062186827468,,2.58043451319878,,,,
TLS,Timor-Leste,2013,56.8529075,,0.252434881687879,0.0,3.10436683211147,,0.985677294077263,,,,
TLS,Timor-Leste,2014,59.7429469,,0.352628237798714,0.0,4.47249846569638,,2.42106298884939,,,11.2,28.7
TLS,Timor-Leste,2015,58.5961138,0.0,0.237870430604039,0.0,2.48004040218397,54.9035548013805,0.504814158346647,24.2895242064057,79.4309494383903,,
TLS,Timor-Leste,2016,63.9026787,0.0,0.25645274045942,0.0,3.00993062553351,31.7471782643786,1.06590239668736,12.5519849690425,44.5556159738805,,
TLS,Timor-Leste,2017,67.0955373,0.0,0.296486066723656,0.0,-3.18241522489195,31.3550190725644,-4.99167838514208,13.2190114443342,44.8705165836223,,
TLS,Timor-Leste,2018,70.1429921,0.0,0.1346177163712,0.0,-0.466502170658785,48.1395183547075,-2.35863547850684,14.4948180632868,62.7689541343655,,
TLS,Timor-Leste,2019,70.4663366,0.0,0.090024174483862,0.0,24.2128840085001,32.2080214709969,21.8272465527765,12.5972177320814,44.8952633775622,,
TLS,Timor-Leste,2020,70.4606552,0.0,0.108018026278521,0.0,31.7257416721413,31.4935640709367,29.2315955694561,2.79171478872949,34.3932968859447,,
TLS,Timor-Leste,2021,70.4383689,0.0,0.0537192368212247,0.0,5.36980119392668,29.3788715937531,3.49004138285764,5.29715520859989,34.7297460391742,,
TGO,Togo,2000,58.4722569,0.0,7.14401583181283,0.0,-0.783479610048047,0.0,-3.23018836054855,0.0,7.14401583181283,,
TGO,Togo,2001,,0.0,6.64861942296073,0.0,0.823438752111855,0.0,-1.65229608385683,0.0,6.64861942296073,,
TGO,Togo,2002,61.8368573,0.0,6.84815672076429,0.0,3.82662257675142,0.0,1.28656075137106,0.0,6.84815672076429,,
TGO,Togo,2003,56.7422238,0.0,9.30157253117212,0.0,6.72017142336034,0.0,4.090903606192,0.0,9.30157253117212,,
TGO,Togo,2004,54.3251261,0.0,6.20709630517654,0.103163540744571,-0.978665332738743,0.0,-3.36373306965925,0.0,6.31025984592111,,
TGO,Togo,2005,34.2055238,0.0,6.0605371770436,0.810493582580259,-4.66629938413338,0.0,-6.98809238817357,0.0,6.87103075962386,,
TGO,Togo,2006,49.9202323,0.0,5.74325666103732,2.65003130114261,2.65013209943473,0.0,-0.234381611784201,0.0,8.39328796217993,30.3,42.2
TGO,Togo,2007,56.3119469,0.0,7.46714249650574,3.08134189373554,-1.1751368996605,0.0,-4.24863179214107,0.0,10.5484843902413,,
TGO,Togo,2008,59.8780042,0.0,6.99863551400157,8.15592721286484,4.03561315398862,0.0,0.746106675039186,0.0,15.1545627268664,,
TGO,Togo,2009,58.7453746,0.0,7.06860900076567,7.60668735729254,5.45381096920332,0.0,2.10306444374237,0.0,14.6752963580582,,
TGO,Togo,2010,59.4153542,0.0,6.06836084106674,5.23926759324848,5.85433399076879,0.0,2.59389115844033,0.0,11.3076284343152,,
TGO,Togo,2011,59.3177841,0.0,6.12185993516616,11.8029506365718,5.82325622135289,0.0,2.97777711687345,0.0,17.924810571738,31.6,46.0
TGO,Togo,2012,54.7722968,0.0,7.28050910986253,13.7131798803292,6.30271426865185,0.0,3.8561464321063,0.0,20.9936889901917,,
TGO,Togo,2013,57.2523351,0.0,6.74375050926682,8.82156958097004,5.82425069283059,0.0,3.56529836692911,0.0,15.5653200902369,,
TGO,Togo,2014,60.7675952,0.0,6.98463683156883,6.41043476461478,5.63323739145223,0.0,3.51991609433983,0.0,13.3950715961836,,
TGO,Togo,2015,58.8716862,0.0,7.79818030819256,4.92982840936854,5.4680413807304,0.0,3.47161387733128,0.0,12.7280087175611,28.3,43.0
TGO,Togo,2016,61.1081459,0.0,5.72106302412989,3.28204654518312,4.21490387414525,0.0,2.34242089940982,0.0,9.003109569313,,
TGO,Togo,2017,51.6162525,0.0,5.33148764127676,2.44585071714405,4.00791259566937,0.0,2.2541566874758,0.0,7.77733835842081,,
TGO,Togo,2018,50.9850122,0.0,3.15110742501247,1.72251587055505,4.79518333086139,0.0,2.9148797520469,0.0,4.87362329556752,11.7,42.5
TGO,Togo,2019,51.3671208,0.0,3.00254428262497,1.32333207549457,4.91949260488683,0.0,2.69276787668153,0.0,4.32587635811955,,
TGO,Togo,2020,52.1008968,0.0,3.12804385325336,1.60364186844157,2.15900131150536,0.0,-0.0464136395853814,0.0,4.73168572169493,,
TGO,Togo,2021,54.4799059,0.0,2.98358217087813,4.880592026997,5.13562929064506,0.0,3.17336186086668,0.0,7.86417419787513,10.4,37.9
TON,Tonga,2000,,0.0,0.0280007129178722,0.0,3.75409745006452,0.0,3.1164781634571,0.0,0.0280007129178722,1.4,37.7
TON,Tonga,2001,,0.0,0.0334836324185704,0.0,1.49248125545273,0.0,0.8921026437352,0.0,0.0334836324185704,,
TON,Tonga,2002,,0.0,0.0356624746568151,0.0,4.4292235994526,0.0,3.84009133315611,0.0,0.0356624746568151,,
TON,Tonga,2003,73.9578635,0.0,0.0416732311926056,0.0,0.0518054450729011,0.0,-0.5132750153019,0.0,0.0416732311926056,,
TON,Tonga,2004,76.1310872,0.0,0.0314037620833385,0.0,-1.96794740326561,0.0,-2.53428308034319,0.0,0.0314037620833385,,
TON,Tonga,2005,76.1369325,0.0,0.0240156319029119,0.0,-0.657650703495165,0.0,-1.22171662108754,0.0,0.0240156319029119,,
TON,Tonga,2006,74.0893765,0.0,0.0365612699976649,0.0,-2.16566342680382,0.0,-2.70155026186355,0.0,0.0365612699976649,,
TON,Tonga,2007,71.5844981,0.0,0.0481607338181629,0.0,-2.46430779100223,0.0,-2.89657717629593,0.0,0.0481607338181629,,
TON,Tonga,2008,71.575848,0.0,0.0556292226810907,0.0,4.86284132376997,0.0,4.57476736236848,0.0,0.0556292226810907,,
TON,Tonga,2009,73.7677624,0.0,0.0549399979848963,0.0,-5.12917819150532,0.0,-5.29112664808726,0.0,0.0549399979848963,0.7,37.5
TON,Tonga,2010,78.8186242,0.0,0.0485079387936127,0.0,0.824396914081831,0.0,0.639458308941471,0.0,0.0485079387936127,,
TON,Tonga,2011,81.3033821,0.0,0.0478419579924403,0.0,6.70369746238768,0.0,6.53506653770044,0.0,0.0478419579924403,,
TON,Tonga,2012,81.2938455,0.0,0.0398683612912305,0.0,0.919761024923076,0.0,1.02306619626815,0.0,0.0398683612912305,,
TON,Tonga,2013,81.2647077,0.0,0.0401188794815067,0.0,0.393922530137331,0.0,0.752077131516813,0.0,0.0401188794815067,,
TON,Tonga,2014,81.9376032,0.0,0.0521558048423682,0.0,1.99053769890816,0.0,2.43921991317512,0.0,0.0521558048423682,,
TON,Tonga,2015,81.9152536,0.0,0.0421389970297059,0.0,1.11374402398066,0.0,1.6036112602154,0.0,0.0421389970297059,0.9,33.5
TON,Tonga,2016,81.8596052,0.0,0.0453861467678001,0.0,6.59869879417958,0.0,7.17551408749179,0.0,0.0453861467678001,,
TON,Tonga,2017,79.5774436,0.0,0.0540904435129096,0.0,3.20231976224244,0.0,3.36688551758677,0.0,0.0540904435129096,,
TON,Tonga,2018,80.5202044,0.0,0.0399575891818241,0.0,0.527828083180253,0.0,0.32690003061127,0.0,0.0399575891818241,,
TON,Tonga,2019,83.151888,0.0,0.0355539728781376,0.0,-0.285210784299821,0.0,-0.381463313423794,0.0,0.0355539728781376,,
TON,Tonga,2020,84.9518753,0.0,0.0390440712702677,0.0,1.80618715298932,0.0,1.77247777065416,0.0,0.0390440712702677,,
TON,Tonga,2021,84.8873564,0.0,0.0407524657583253,0.0,-0.934919892094683,0.0,-0.733953666451555,0.0,0.0407524657583253,0.1,27.1
TTO,Trinidad and Tobago,2000,65.0057913,0.0,0.0195666832960228,0.0,6.90135959072803,3.34791429564949,6.49101487437005,10.7143816589503,14.0818626378959,,
TTO,Trinidad and Tobago,2001,,0.0,0.0180297729209875,0.0,4.16852398185424,3.30683344360185,3.71328614066861,6.84812051633887,10.1729837328617,,
TTO,Trinidad and Tobago,2002,61.8205717,0.0,0.0187118805521328,0.0,7.93670968715332,2.88169357636383,7.41453370120124,8.99788059666471,11.8982860535807,,
TTO,Trinidad and Tobago,2003,60.7838347,0.0,0.016731867584973,0.0,14.4409895389734,2.66348882364855,13.868403750776,7.97468958608519,10.6549102773187,,
TTO,Trinidad and Tobago,2004,64.855545,0.0,0.0114880698467238,0.0,7.95005151069972,2.36518324540915,7.41478653453842,8.45563862422733,10.8323099394832,,
TTO,Trinidad and Tobago,2005,64.859414,0.0,0.0120510723898178,0.0,6.20893787954175,4.25076767239782,10.3839653520046,11.8042199194259,16.0670386642135,,
TTO,Trinidad and Tobago,2006,62.657746,0.0,0.0143750937831949,0.0,13.2080586051735,6.12814812345329,12.9071459292893,12.247324628027,18.3898478452635,,
TTO,Trinidad and Tobago,2007,64.66014,0.0,0.0150056078513125,0.0,4.75420970092722,6.68974803356777,4.33268105297186,9.2559242789235,15.9606779203426,,
TTO,Trinidad and Tobago,2008,66.3624838,0.0,0.0114559364156871,0.0,3.39173707807387,5.83750090698681,2.96516094023625,9.42207714451534,15.2710339879178,,
TTO,Trinidad and Tobago,2009,66.4723988,0.0,0.0167568458680729,0.0,-4.3917292474614,9.64203595057167,-4.50258208171535,6.48871343601529,16.147506232455,,
TTO,Trinidad and Tobago,2010,66.5991152,0.0,0.026449130943172,0.0,3.32322471027371,6.15581814921932,2.72667409792857,7.31966084875628,13.5019281289188,,
TTO,Trinidad and Tobago,2011,68.3019834,0.0,0.0221843392655395,0.0,-0.294354409043763,11.699135017833,-1.06803812728484,9.46888642049548,21.1902057775941,,
TTO,Trinidad and Tobago,2012,68.1594716,0.0,0.0204095903647397,0.0,6.71074625448722,11.3897470587304,6.13730928249969,7.63529240284805,19.0454490519432,,
TTO,Trinidad and Tobago,2013,67.1605396,0.0,0.0214948641838368,0.0,3.36819291689019,12.4709238479791,2.95466061754502,6.44936933049536,18.9417880426583,,
TTO,Trinidad and Tobago,2014,68.8669283,0.0,0.0448591924430179,0.0,3.67086851032413,9.97338093351379,3.3020638436403,5.58054269528671,15.5987828212435,,
TTO,Trinidad and Tobago,2015,67.1223827,0.0,0.0543678417439323,0.0,-0.406283288730492,5.23561682641395,-0.725356979544244,2.24547082740531,7.5354554955632,,
TTO,Trinidad and Tobago,2016,66.6477704,0.0,0.0610781387901807,0.0,-7.53636305379372,2.23549470018448,-7.82511237114002,1.82556957376394,4.12214241273861,,
TTO,Trinidad and Tobago,2017,67.1731509,0.0,0.0650133928930912,0.0,-4.87274946918724,3.01281216994103,-5.06473832096466,2.68355173716595,5.76137730000007,,
TTO,Trinidad and Tobago,2018,67.8691049,0.0,0.0674631737217016,0.0,-0.945449700943314,7.50401786552981,-1.13201603020309,3.66055639102177,11.2320374302733,,
TTO,Trinidad and Tobago,2019,67.5797921,0.0,0.0578077193498528,0.0,0.467734528855885,8.23659935274206,0.114767755861862,2.7745812273373,11.0689882994292,,
TTO,Trinidad and Tobago,2020,66.9107656,0.0,0.0702349554326256,0.0,-8.78879817831519,4.38267376233176,-8.97165770967038,1.42924604742787,5.88215476519225,,
TTO,Trinidad and Tobago,2021,68.5624129,0.0,0.0543014411044929,0.0,-0.716740625909793,5.09452537557754,-0.777215541824603,2.71054174202227,7.85936855870429,,
TUN,Tunisia,2000,69.8746846,0.0,0.0969018142371271,0.0157043017549626,4.7099729138049,0.361382132616902,3.54145974209786,3.22928353115798,3.70327177976697,2.0,40.8
TUN,Tunisia,2001,,0.0,0.116469461578152,0.00893740020122761,3.79627166202512,0.457939517042706,2.6947331733366,2.34162232250109,2.92496870132318,,
TUN,Tunisia,2002,67.0992747,0.0,0.114923687737845,0.00687701302763482,1.32255714828946,0.357072478190354,0.287760873614303,2.3626975077068,2.84157068666264,,
TUN,Tunisia,2003,70.3928857,0.0,0.123049168507064,0.00512743780152141,4.70239953285241,0.309246533605607,3.66160593216975,2.11725730006367,2.55468043997787,,
TUN,Tunisia,2004,65.2997691,0.0,0.0952433770276551,0.0344152790087302,6.23579072222647,0.306609417741814,5.24794746880204,2.60869066831261,3.04495874209081,,
TUN,Tunisia,2005,64.3557118,0.0,0.0920940007674566,0.0471794864492486,3.4865455430439,0.399210558815731,2.58534081098441,3.79249223607583,4.33097628210826,1.3,37.7
TUN,Tunisia,2006,65.4946189,0.0,0.106602668397213,0.185988606995718,5.24409983246916,0.399209536359326,4.31907482857264,4.1077575724331,4.79955838418535,,
TUN,Tunisia,2007,66.0571502,0.0,0.0891666299101391,0.426057248010281,6.70952097453554,0.319954538590018,5.73567938504127,5.51629477963382,6.35147319614426,,
TUN,Tunisia,2008,63.9795971,0.0,0.13566806241929,3.43341665563442,4.23778147502819,0.37588783467175,3.23983058347032,5.93514843614258,9.88012098886805,,
TUN,Tunisia,2009,63.8350492,0.0,0.137591888714528,2.97124201422009,3.04345012371552,0.433746795352291,1.99812423215356,3.44832785220984,6.99090855049675,,
TUN,Tunisia,2010,61.527448,0.0,0.15552734809636,1.17495019071848,2.97113275066512,0.344709194218594,1.86835635362381,4.12711827435362,5.80230500738706,0.7,38.5
TUN,Tunisia,2011,59.435941,0.0,0.165428226663035,0.67925011683644,-2.04663389535644,0.401895741504081,-3.1268978636142,5.01344964105154,6.26002372605509,,
TUN,Tunisia,2012,54.3872024,0.0,0.284819060491124,0.853462579277847,4.21667711535632,0.408148119994012,3.04657312459409,5.06594682844413,6.61237658820711,,
TUN,Tunisia,2013,50.6577783,0.0,0.240368970220448,0.559353591743679,2.42993096446429,0.377752029966356,1.2189966874892,4.28421078126965,5.46168537320013,,
TUN,Tunisia,2014,55.6225318,0.0,0.358213434145739,0.457421995093816,3.09032803070775,0.423423922784946,1.87486431059185,3.35507824664457,4.59413759866907,,
TUN,Tunisia,2015,54.2583046,0.0,0.355847226844265,0.432793675445469,0.967834205635981,0.273682848307775,-0.165402101671091,1.62596299660366,2.68828674720116,0.1,32.8
TUN,Tunisia,2016,51.7579085,0.0,0.280548948208786,0.4369920800971,1.117231963992,0.200869985868404,0.00849827158573646,1.266744868786,2.18515588296029,,
TUN,Tunisia,2017,53.1977661,0.0,0.381963477463567,0.403747939557608,2.25261437620587,0.236433459699936,1.18340493178839,1.48811485046411,2.51025972718522,,
TUN,Tunisia,2018,56.3282222,0.0,0.210832844786907,0.270935085210546,2.60696965356362,0.349896451978522,1.60391587948506,1.99021548871455,2.82187987069052,,
TUN,Tunisia,2019,56.3054951,0.0,0.277483179313321,0.0,1.55009304966742,0.308497305696956,0.613127731689971,1.66141181151334,2.24739229652362,,
TUN,Tunisia,2020,58.5045633,0.0,0.247224792598991,0.0,-8.97512622934723,0.303269986625323,-9.72752601384167,0.916677526611502,1.46717230583582,,
TUN,Tunisia,2021,54.5027662,0.0,0.209270738302313,0.0,4.73603648206102,0.490998034663024,4.08785924151975,1.5489621013289,2.24923087429424,0.1,33.7
TUR,Turkiye,2000,56.8891119,0.0163299373783943,0.077350830193236,0.0238700694895731,6.98528697817062,0.00457174516912643,5.62145840894716,0.119531436272842,0.241654018503172,,
TUR,Turkiye,2001,,0.0669832853392418,0.0916960073072068,0.0161729848083937,-5.45940838563062,0.00622398720429633,-6.62846843803128,0.109672292151506,0.290748556810644,,
TUR,Turkiye,2002,57.4089289,0.0208900073928248,0.0770493354500957,0.0130253454645276,6.43550883793114,0.00498223321338877,5.15974085311868,0.0924058667871047,0.208352788307941,1.6,41.4
TUR,Turkiye,2003,55.2274873,0.0158208744072334,0.072767961694881,0.0103377338342424,5.79909321038525,0.00615261685241545,4.57792705344551,0.0807835887459959,0.185862775534768,2.6,42.2
TUR,Turkiye,2004,54.3133791,0.0910117911446375,0.0634373159647001,0.017471477056129,9.92540551918624,0.00523895731523814,8.70602046453412,0.0808804569350874,0.258039998415792,1.5,41.3
TUR,Turkiye,2005,59.5097711,0.0518150541094461,0.0516900325590928,0.0402695485674776,9.11157745861635,0.00453462995252325,7.95177362643042,0.098246344839956,0.246555610028496,1.6,42.6
TUR,Turkiye,2006,60.1071727,0.0609969514288379,0.0606457226867699,0.109189191503533,7.06762607623939,0.00955265456367318,5.97350417809075,0.0976756856490614,0.338060205831875,1.2,39.6
TUR,Turkiye,2007,55.9301867,0.0884930759300957,0.0618805971629991,0.147316890892937,5.10818513903604,0.00898256462761152,4.93924794926627,0.0869115725998382,0.393584701213481,0.8,38.4
TUR,Turkiye,2008,55.5683711,0.269621038571002,0.065756192806861,0.151035515619601,0.920118221365883,0.0143865495451754,-0.349081731358567,0.122000589848402,0.622799886391042,0.6,39.0
TUR,Turkiye,2009,56.460345,0.106215923660071,0.0671653910640895,0.1216038121696,-4.88269401706633,0.00860049948655527,-6.18658127732729,0.0864578771745911,0.390043503554907,0.5,39.0
TUR,Turkiye,2010,56.5218712,0.153528250747308,0.0627660412092611,0.725044673354386,8.54219848467686,0.00645924834469729,6.90544093016851,0.0855344494299421,1.0333326630856,0.6,38.8
TUR,Turkiye,2011,53.995072,0.174773590035299,0.0692927712478675,0.777896769623353,10.9799625273598,0.0100431107294415,9.36292358017863,0.123984127335917,1.15599036897188,0.3,40.0
TUR,Turkiye,2012,50.1846692,0.06808750317779,0.0653970297553115,0.494959706015113,4.80762696633448,0.00842871898329215,3.48010432023058,0.111617756938834,0.748490714870341,0.3,40.2
TUR,Turkiye,2013,48.2631377,0.0271953145935112,0.0573029104540281,0.433052378760757,8.48825689298511,0.00639026156802496,7.10372830173409,0.0974218835401561,0.621362748916478,0.3,40.2
TUR,Turkiye,2014,52.2324029,0.0238619620578174,0.0623224380552206,0.330649721209624,4.60079447270559,0.00416164956058869,3.19911298885714,0.0944984501615984,0.515494221044849,0.2,41.2
TUR,Turkiye,2015,46.9449387,0.0162128322535002,0.0609680123777546,0.13485248192782,5.80557386628684,0.00265766995514825,4.4033792666971,0.0446861002184748,0.259377096732697,0.2,42.9
TUR,Turkiye,2016,35.4862476,0.0215533089036783,0.0614996546676042,0.262367105043267,3.32366508200445,0.00150977307815817,1.9428315705164,0.0349237617230731,0.381853603415781,0.2,41.9
TUR,Turkiye,2017,36.7492235,0.0298082732253323,0.0791488993431296,0.214531276060355,7.82585730002594,0.00201762233420955,6.43664614092381,0.0537573237557546,0.379263394718781,0.3,43.5
TUR,Turkiye,2018,46.6927681,0.0401708928121365,0.097635933270724,0.279763045970501,3.46815306092219,0.00428488563235785,2.07704135618785,0.108111878645291,0.52996663633101,0.3,42.4
TUR,Turkiye,2019,45.5253689,0.0322436421155324,0.0973692014950438,0.147280208232673,1.30162365464503,0.0033684737362644,-0.136378469205951,0.102518297949539,0.382779823529053,0.3,43.8
TUR,Turkiye,2020,48.1362744,0.0244307938802644,0.11107648014244,0.19878196382086,1.80306247087255,0.00167305173317492,0.819957444576985,0.0612400945022421,0.397202384078982,0.3,43.0
TUR,Turkiye,2021,49.2892722,0.0473618807971925,0.0,0.63423420953124,11.811094450607,0.00748181207735284,10.797736075363,0.13797082409881,0.827048726504594,0.3,44.4
TKM,Turkmenistan,2000,68.4133878,0.0,0.000633362005674786,0.0,5.46906425232281,28.8052994112694,3.38607027341378,30.535152185722,59.3410849589971,,
TKM,Turkmenistan,2001,,0.0,0.000489963117027239,0.0,4.34384545203714,55.0087709271248,2.27429100739747,20.35664897038,75.3659098606219,,
TKM,Turkmenistan,2002,67.1960266,0.0,0.000618325501923575,0.0,0.257179997445405,34.3293247239732,-1.71993679067228,18.1172651196065,52.4472081690816,,
TKM,Turkmenistan,2003,65.3317766,0.0,0.000568886188283126,0.0,3.2688286670479,30.9012594581728,1.26454248184965,17.8117065078813,48.7135348522424,,
TKM,Turkmenistan,2004,61.3197135,0.0,0.000538663842742782,0.0,5.00040735874585,23.5927753799222,3.00488642265209,20.5072458932071,44.100559936972,,
TKM,Turkmenistan,2005,65.9362227,0.0,0.000444166757622198,0.0,13.0340347988606,18.2592836501092,10.9273056968375,24.9081038011301,43.1678316179969,,
TKM,Turkmenistan,2006,60.8923233,0.0,0.0013431442689198,0.0,10.9733082952862,32.0004828721463,8.92835363724222,19.4762524278938,51.478078444309,,
TKM,Turkmenistan,2007,68.4129881,0.0,0.00128028929308469,0.0,11.0592995865825,29.1790627036662,9.0062665732903,20.0784433322394,49.2587863251987,,
TKM,Turkmenistan,2008,71.3405473,0.0,0.000941337226284389,0.0,14.7000000144534,34.8737412958034,12.5329864956381,22.0912039942029,56.9658866272325,,
TKM,Turkmenistan,2009,71.4137078,0.0,0.000971205375180129,0.0,6.10000001746145,12.6608257043539,4.02604908682306,10.2736499740055,22.9354468837346,,
TKM,Turkmenistan,2010,71.060807,0.0,0.000697513881434353,0.0,9.20000007329543,13.0365514101396,6.98701643093588,10.1728023386414,23.2100512626625,,
TKM,Turkmenistan,2011,69.8697651,0.0,0.000758153781127132,0.0,14.7183120474814,20.2142716527897,12.3150963498324,14.0634051116026,34.2784349181735,,
TKM,Turkmenistan,2012,69.8590669,0.0,0.0,0.0,11.0508311776258,18.7387438033312,8.65854927877794,12.1349569552354,30.8737007585666,,
TKM,Turkmenistan,2013,69.8971401,0.0,0.0,0.0,10.1628450365084,16.3792738401097,7.73686051793135,11.1133699718905,27.4926438120002,,
TKM,Turkmenistan,2014,66.1466561,0.0,0.0,0.0,10.3497353947965,11.3460551548795,7.88052305867335,8.82992886177661,20.1759840166561,,
TKM,Turkmenistan,2015,63.7354293,0.0,0.0,0.0,6.45254918531575,10.5831552386189,4.04654007021054,4.89963192640452,15.4827871650235,,
TKM,Turkmenistan,2016,61.1912377,0.0,0.0,0.0,6.22909997062793,6.00228092118605,3.81940190706788,3.65533512745275,9.65761604863881,,
TKM,Turkmenistan,2017,61.9840955,0.0,0.0,0.0,6.45138358820188,7.45503774698666,4.04622979985758,5.57117152728362,13.0262092742703,,
TKM,Turkmenistan,2018,63.6450061,0.0,0.000536876083562671,0.0,6.20602363832646,11.5296473840406,3.83691417565801,8.53882490078466,20.0690091609088,,
TKM,Turkmenistan,2019,62.1538251,0.0,0.000492760894865577,0.0,6.33169567608873,7.64579312393199,4.0121953580019,5.84622688648033,13.4925127713072,,
TKM,Turkmenistan,2020,63.7248541,,,,5.87065623130427,,3.64707009830416,,,,
TKM,Turkmenistan,2021,62.0581562,,,,6.15115785574542,,4.02379198709588,,,,
TCA,Turks and Caicos Islands,2000,,,,,,,,,,,
TCA,Turks and Caicos Islands,2001,,0.0,0.00195017578846437,0.0,,0.0,,0.0,0.00195017578846437,,
TCA,Turks and Caicos Islands,2002,,0.0,0.00177744045909041,0.0,,0.0,,0.0,0.00177744045909041,,
TCA,Turks and Caicos Islands,2003,,0.0,0.00176369859536628,0.0,,0.0,,0.0,0.00176369859536628,,
TCA,Turks and Caicos Islands,2004,,0.0,0.00160774282106281,0.0,,0.0,,0.0,0.00160774282106281,,
TCA,Turks and Caicos Islands,2005,,0.0,0.00137263351421437,0.0,,0.0,,0.0,0.00137263351421437,,
TCA,Turks and Caicos Islands,2006,,0.0,0.00165189492161972,0.0,,0.0,,0.0,0.00165189492161972,,
TCA,Turks and Caicos Islands,2007,,0.0,0.00166099161014742,0.0,,0.0,,0.0,0.00166099161014742,,
TCA,Turks and Caicos Islands,2008,,0.0,0.00165092058226261,0.0,8.27189312486149,0.0,3.70447487476251,0.0,0.00165092058226261,,
TCA,Turks and Caicos Islands,2009,,0.0,0.00192412123548456,0.0,-19.5502467595022,0.0,-22.8174275175901,0.0,0.00192412123548456,,
TCA,Turks and Caicos Islands,2010,,0.0,0.00470190017585731,0.0,0.984924853810682,0.0,-2.92353368570767,0.0,0.00470190017585731,,
TCA,Turks and Caicos Islands,2011,,0.0,0.00387136232153088,0.0,4.62049892978239,0.0,0.865882697036824,0.0,0.00387136232153088,,
TCA,Turks and Caicos Islands,2012,,0.0,0.00388988760953433,0.0,-2.66655562053364,0.0,-6.54753243910046,0.0,0.00388988760953433,,
TCA,Turks and Caicos Islands,2013,,0.0,0.00513935047593194,0.0,1.07088049554032,0.0,-3.51219274120511,0.0,0.00513935047593194,,
TCA,Turks and Caicos Islands,2014,,0.0,0.00597028510106603,0.0,8.71129580824217,0.0,4.37835200669825,0.0,0.00597028510106603,,
TCA,Turks and Caicos Islands,2015,,0.0,0.00415130851289815,0.0,11.3148293929929,0.0,6.58611583730091,0.0,0.00415130851289815,,
TCA,Turks and Caicos Islands,2016,,0.0,0.00520201843450933,0.0,7.25118627570265,0.0,2.46456149346457,0.0,0.00520201843450933,,
TCA,Turks and Caicos Islands,2017,,0.0,0.00448799747282142,0.0,74.5879880544188,0.0,67.5979946960904,0.0,0.00448799747282142,,
TCA,Turks and Caicos Islands,2018,,0.0,0.00277281674159693,0.0,6.75264845178367,0.0,2.52456646348665,0.0,0.00277281674159693,,
TCA,Turks and Caicos Islands,2019,,0.0,0.00235664810158653,0.0,4.98170549382992,0.0,1.07340727929571,0.0,0.00235664810158653,,
TCA,Turks and Caicos Islands,2020,,0.0,0.00416657969513341,0.0,-33.8170973434652,0.0,-35.6362101547339,0.0,0.00416657969513341,,
TCA,Turks and Caicos Islands,2021,,0.0,0.00326750077470616,0.0,29.6293781722414,0.0,27.1739181653097,0.0,0.00326750077470616,,
TUV,Tuvalu,2000,,,0.0,0.0,-0.924982787727885,0.0,-1.42326451721122,,0.0,,
TUV,Tuvalu,2001,,,0.0,0.0,0.695632721154311,0.0,0.254445930596376,,0.0,,
TUV,Tuvalu,2002,,,0.0,0.0,8.31734087106138,0.0,7.90086559181067,,0.0,,
TUV,Tuvalu,2003,82.1460909,,0.0,0.0,-4.35078593434982,0.0,-5.06112563653929,,0.0,,
TUV,Tuvalu,2004,81.7155014,,0.0,0.0,-1.88813964522959,0.0,-3.09754623680732,,0.0,,
TUV,Tuvalu,2005,88.5192565,,0.0,0.0,-3.74664896498648,0.0,-4.94739499399469,,0.0,,
TUV,Tuvalu,2006,88.5784579,,0.0,0.0,1.30103846348952,0.0,0.132490287100808,,0.0,,
TUV,Tuvalu,2007,88.6762245,,0.0,0.0,6.90547330117343,0.0,5.58254169285016,,0.0,,
TUV,Tuvalu,2008,88.6641837,,0.0,0.0,6.57919977159274,0.0,5.14382444282117,,0.0,,
TUV,Tuvalu,2009,92.4880861,,0.0,0.0,-5.61992222980298,0.0,-6.88301475325463,,0.0,,
TUV,Tuvalu,2010,92.3887498,,0.0,0.0,-2.46826250374198,0.0,-3.87417505668408,,0.0,1.7,39.1
TUV,Tuvalu,2011,92.2984086,,0.0,0.0,7.52010985962886,0.0,5.86441985622457,,0.0,,
TUV,Tuvalu,2012,92.2888719,,0.0,0.0,-2.8527626821171,0.0,-4.22103363025631,,0.0,,
TUV,Tuvalu,2013,92.2597341,,0.0,0.0,3.80502330116951,0.0,3.17281381465209,,0.0,,
TUV,Tuvalu,2014,92.3603858,,0.0,0.0,1.66722583350807,0.0,1.82457678390588,,0.0,,
TUV,Tuvalu,2015,88.5970547,,0.0,0.0,9.37896384662504,0.0,9.58848297832067,,0.0,,
TUV,Tuvalu,2016,88.5195742,,0.0,0.0,4.77650497336539,0.0,5.09284757758506,,0.0,,
TUV,Tuvalu,2017,85.3421489,,0.0,0.0,3.26802914033142,0.0,3.84759945752347,,0.0,,
TUV,Tuvalu,2018,88.5958436,,0.0,0.0,1.38668386152332,0.0,2.49947603859147,,0.0,,
TUV,Tuvalu,2019,85.4289661,,0.0,0.0,13.4465048163198,0.0,15.2691969832959,,0.0,,
TUV,Tuvalu,2020,86.9878296,,0.0,0.0,-3.03030303030303,0.0,-1.33317014747919,,0.0,,
TUV,Tuvalu,2021,87.846853,,0.0,0.0,0.0,0.0,2.01098685501276,,0.0,,
UGA,Uganda,2000,38.1773598,0.0,12.0475625579085,0.00185183596797401,3.141907338187,0.0,-0.0506112736721605,0.0,12.0494143938765,,
UGA,Uganda,2001,,0.0,12.4643931713023,0.0,5.18366112490236,0.0,2.01473762716464,0.0,12.4643931713023,,
UGA,Uganda,2002,37.8488464,0.0,14.2479941135026,0.000126043649454819,8.73268576440127,0.0,5.38039055287112,0.0,14.2481201571521,39.1,45.2
UGA,Uganda,2003,36.9072164,0.0,20.8851305988765,9.96370600742871e-05,6.47325867166543,0.0,3.163140555198,0.0,20.8852302359366,,
UGA,Uganda,2004,46.1353648,0.0,15.1695747219837,0.0229882619310932,6.80723334361883,0.0,3.65117760961586,0.0,15.1925629839147,,
UGA,Uganda,2005,43.5752838,0.0,13.8879774546563,0.0359786652951038,6.33256511623156,0.0,3.25713954596638,0.0,13.9239561199514,33.2,42.9
UGA,Uganda,2006,48.9583674,0.0,13.1645264936146,0.0874404685272807,10.7847443857453,0.0,7.58857752601207,0.0,13.2519669621419,,
UGA,Uganda,2007,53.448372,0.0,16.0801037456514,0.0839758932015461,8.41242596551071,0.0,5.27037575377261,0.0,16.1640796388529,,
UGA,Uganda,2008,54.6208923,0.0,16.349804322828,0.0881902752504696,8.70875190154499,0.0,5.5545038560267,0.0,16.4379945980784,,
UGA,Uganda,2009,54.1848759,0.0,9.46232485825159,0.000133880023102719,6.80151734860395,0.0,3.70592159085399,0.0,9.46245873827469,25.6,44.2
UGA,Uganda,2010,53.0632502,0.0,8.09944938230915,0.00284501139499233,5.63761163749757,0.0,2.57308463341826,0.0,8.10229439370414,,
UGA,Uganda,2011,50.9144703,0.0,9.15532167998883,0.000886812381757145,9.3916554927176,0.0,6.23090993981926,0.0,9.15620849237058,,
UGA,Uganda,2012,51.1971025,0.0,10.657304727039,0.0012660741291062,3.83745560605229,0.0,0.865151267915266,0.0,10.6585708011681,20.6,41.0
UGA,Uganda,2013,50.6475823,0.0,10.5229286665136,0.135681717695788,3.58690582623025,0.0,0.656669463732158,0.0,10.6586103842094,,
UGA,Uganda,2014,49.2155463,0.0,10.228538527003,0.1026934433464,5.10630732539796,0.0,2.04948459267207,0.0,10.3312319703494,,
UGA,Uganda,2015,52.3754767,0.0,10.7198871889517,0.0748704248997198,5.18785986002466,0.0,2.00429943099081,0.0,10.7947576138514,,
UGA,Uganda,2016,51.9818688,0.0,12.6262295144542,0.107421790845254,4.78100029254482,0.0,1.35743312909598,0.0,12.7336513052995,23.7,42.8
UGA,Uganda,2017,54.1846641,0.0,12.0816035740109,0.0489111667655104,3.13140551723596,0.0,-0.406390812740796,0.0,12.1305147407764,,
UGA,Uganda,2018,53.2612482,0.0,8.38888217833344,0.0,6.30392378262997,0.0,2.75300382511665,0.0,8.38888217833344,,
UGA,Uganda,2019,52.6621674,0.0,7.38833937837014,0.0,6.43874503276439,0.0,2.88958690241905,0.0,7.38833937837014,23.3,42.7
UGA,Uganda,2020,51.4977728,0.0,7.56349041713714,0.0,2.95130642218098,0.0,-0.423922683361482,0.0,7.56349041713714,,
UGA,Uganda,2021,49.7688381,0.0,7.47552032336567,0.0,3.53658034070898,0.0,0.258075577364949,0.0,7.47552032336567,,
UKR,Ukraine,2000,57.3664658,0.863746448384337,0.366273387584512,0.0,5.90000000024899,1.14885003502459,6.79706549402465,0.991786006161771,3.37065587715521,,
UKR,Ukraine,2001,,1.3491572181393,0.285706350592336,0.0317340751571308,8.80000000367222,2.00013758712954,9.79657550011422,0.595777693101294,4.2625129241196,,
UKR,Ukraine,2002,61.7825463,1.0990421338669,0.279362833891642,0.0,5.33964720719075,1.38139303823453,6.26926483071821,0.557285488022957,3.31708349401602,1.3,29.0
UKR,Ukraine,2003,59.5490007,0.758042903939249,0.332375736444307,0.0,9.51660986436364,1.3208144998747,10.337484498259,0.596245150941,3.00747829119925,0.6,28.7
UKR,Ukraine,2004,56.3679198,1.49235996559455,0.306456512058375,0.0109273037035073,11.7953525281136,0.874680879938456,12.5773931558428,0.66971110889553,3.35413577019042,0.5,28.9
UKR,Ukraine,2005,59.2277931,1.59773566982954,0.229376263662107,1.17201160598113,3.07123039245209,0.565133000615534,3.92453428899148,0.781757652119267,4.34601419220758,0.2,29.0
UKR,Ukraine,2006,62.7359866,1.40052829959985,0.235052703029454,1.17910731514957,7.57142076322967,1.01163949753159,8.26961304502665,0.765715565056406,4.59204338036687,0.1,29.8
UKR,Ukraine,2007,66.6645104,0.749230266655817,0.227467625802188,3.0260948245372,8.21584445165715,0.786052400938078,8.71227296398449,0.626895264506606,5.41574038243989,0.1,27.0
UKR,Ukraine,2008,65.3209127,2.71207348602637,0.203305184059456,3.19662035214157,2.24349159628288,1.14737308736752,2.77550904646171,0.684740010329571,7.94411211992449,0.0,26.6
UKR,Ukraine,2009,61.9946161,1.84257379414677,0.244069696004232,0.889502149931948,-15.1364679101502,1.278878300454,-14.7807201233911,0.534186376625519,4.78921031716247,0.0,25.3
UKR,Ukraine,2010,65.0315572,1.92907582506734,0.229686936034046,3.49378057537729,4.09200436668087,0.945147583014386,4.46782513515676,0.466160187976772,7.06385110746983,0.0,24.8
UKR,Ukraine,2011,62.9969986,2.35896804287954,0.254784015362109,3.45222629185011,5.44528081048476,1.23771380213352,5.78262206521443,0.604564339662443,7.90825649188772,0.0,24.6
UKR,Ukraine,2012,61.6957205,1.20347453702198,0.210147113402788,1.57042358494311,0.152314967200653,1.20575144270603,0.364275557578679,0.512858516672917,4.70265519474683,0.0,24.7
UKR,Ukraine,2013,49.4748552,0.522461268811618,0.196894560277326,1.63737521614496,0.045439094492707,1.20490526300508,0.226082936004985,0.429728228604793,3.99136453684378,0.0,24.6
UKR,Ukraine,2014,31.8535514,0.468975153427332,0.28718706107193,1.14341095849196,-10.0788949840953,1.17134594315961,-5.08846879597155,0.53740181709907,3.6083209332499,0.0,24.0
UKR,Ukraine,2015,35.0374627,0.478722310775197,0.390353886381221,0.231122688449414,-9.7729872128676,1.20086792163998,-9.27686663817931,0.298048598397704,2.59911540564351,0.0,25.5
UKR,Ukraine,2016,38.0353382,0.467980707895294,0.348923833541512,0.643001217767681,2.44098194492067,0.739114578198655,2.94151228987063,0.2004056293323,2.39942596673544,0.0,25.0
UKR,Ukraine,2017,38.7345804,0.418244838789605,0.37008282704992,0.94789516391746,2.35997228099491,0.869406676082544,2.86027869650954,0.348582540397727,2.95421204623726,0.0,26.0
UKR,Ukraine,2018,41.1917481,0.419208073231986,0.363229785921986,0.421159094247327,3.48836234022659,1.22232291954122,4.09937975447431,0.484549678010453,2.91046955095297,0.0,26.1
UKR,Ukraine,2019,48.2657734,0.287026111974908,0.277766267046023,0.0853573721373949,3.19950386354134,0.718231983949118,3.87284698333255,0.363416965283388,1.73179870039083,0.0,26.6
UKR,Ukraine,2020,49.497362,0.178921024438991,0.271793504024285,0.121359236408165,-3.75281793983162,0.329769533969389,-3.08458576352871,0.191284197093986,1.09312749593482,0.0,25.6
UKR,Ukraine,2021,48.9739903,0.336999214543813,0.209022460450405,5.32283012746975,3.44562065945944,1.36437357344945,4.41050883289091,0.279676988011674,7.5129023639251,,
ARE,United Arab Emirates,2000,82.8419629,0.0,0.00010784542304673,0.0,10.852837927302,1.5402537160529,3.63205780500195,20.8440561536495,22.3844177151254,,
ARE,United Arab Emirates,2001,,0.0,0.000122604770671459,0.0,1.39892161061073,1.79003505598156,-4.86473065890998,15.8062390008792,17.5963966616315,,
ARE,United Arab Emirates,2002,84.2992147,0.0,0.000129524816660985,0.0,2.43337487237925,1.59217479022602,-3.60458348660198,14.6453240587361,16.2376283737788,,
ARE,United Arab Emirates,2003,82.1422151,0.0,0.000164390588765579,0.0,8.80057809996346,1.40024746926002,2.68559850249295,17.8057010079321,19.2061128677808,,
ARE,United Arab Emirates,2004,75.7775322,0.0,0.000135624156262426,0.0,9.56652626277928,1.3026745340904,3.71559553188652,20.9182068452778,22.2210170035245,,
ARE,United Arab Emirates,2005,79.5351991,0.0,0.000110680483264621,0.0,4.85513657996815,1.39252709986089,-0.445692154808313,23.9417369873026,25.3343747676468,,
ARE,United Arab Emirates,2006,81.43435529999999,0.0,0.000110830210430955,0.0,9.83727922860218,1.32306915187906,2.28740527695417,25.8820272214672,27.2052072035567,,
ARE,United Arab Emirates,2007,83.3153897,0.0,8.87670391358424e-05,0.0,3.18441281459761,1.21877202510384,-8.10762969870919,23.7183455650517,24.9372063571947,,
ARE,United Arab Emirates,2008,78.3324221,0.0,0.000128300969750559,0.0,3.19181235452885,1.04274122887812,-7.90937300755436,26.67204274176,27.7149122716078,,
ARE,United Arab Emirates,2009,84.4368651,0.0,0.000156567575969474,0.0,-5.2429219073683,1.29504191176003,-10.9561860297587,18.418263242659,19.713461721995,,
ARE,United Arab Emirates,2010,79.7902171,0.0,0.000165088956603254,0.0,1.60285004336325,1.09696752906347,-0.804617487902945,22.679737867780702,23.7768704858008,,
ARE,United Arab Emirates,2011,79.8047638,0.0,0.000157550311788351,0.0,6.73651167897515,1.17972038186238,3.21044717047995,28.5990789001782,29.7789568323524,,
ARE,United Arab Emirates,2012,79.6105819,0.0,0.000165767256461709,0.0,4.68325642918792,1.14944917707313,0.619820807088118,27.0648520266069,28.2144669709365,,
ARE,United Arab Emirates,2013,79.1135654,0.0,0.000132839389113298,0.0,4.9184505919085,1.13311451584915,0.805426598522857,26.2480640478396,27.3813114030779,0.0,32.5
ARE,United Arab Emirates,2014,81.2419499,0.0,0.000206880471776166,0.0,4.63291785879667,1.02785418598527,-0.124043269981982,22.9458647037024,23.9739257701595,,
ARE,United Arab Emirates,2015,80.2130602,0.0,0.00021105215724367,0.0,7.08766622657654,0.944063472144973,1.47472912196567,13.1025344354216,14.0468089597238,,
ARE,United Arab Emirates,2016,77.7250567,0.0,0.000164541034431535,0.0,5.65790147196586,0.724598673737908,0.57481122939582,11.0807563620506,11.8055195768229,,
ARE,United Arab Emirates,2017,78.1809681,0.0,0.000192624533357233,0.0,-1.06137114472548,0.82907663794894,-4.1521758396202,13.4985731745503,14.3278424370326,,
ARE,United Arab Emirates,2018,80.134659,0.0,8.97618267260609e-05,0.0,1.53720634021511,1.08759822581719,0.195833797104513,17.0989945007163,18.1866824883602,0.0,26.4
ARE,United Arab Emirates,2019,80.0644793,0.0,0.000123679220374591,0.0,1.27129120536284,1.21418377523218,0.208979855084152,15.681591549088,16.8958990035406,,
ARE,United Arab Emirates,2020,80.0198861,0.0,0.000135478201256746,0.0,-8.69343363776639,1.47800034393077,-8.25883323246956,10.4940977026696,11.9722335248016,,
ARE,United Arab Emirates,2021,80.2357804,0.0,0.000106328279494557,0.0,4.55280140106356,1.96089498612487,2.65161941845433,15.6730945329946,17.634095847399,,
GBR,United Kingdom,2000,84.6419792,0.00314835134288216,0.00493192733359084,3.94334534740473e-06,4.52438074810904,0.143159542076019,4.15158061382745,0.899607457881131,1.05085122197897,0.2,38.9
GBR,United Kingdom,2001,,0.0112116224547952,0.00489119832682914,2.77610073351795e-06,2.39102229602824,0.297829106442769,1.9975992432021,0.623069756321262,0.937004459646389,0.2,37.1
GBR,United Kingdom,2002,75.2680581,0.00441136767008997,0.00534322376850658,1.67512617049301e-06,1.70902736258567,0.206006587502172,1.27936543722539,0.59707481885464,0.81283767292158,0.2,35.1
GBR,United Kingdom,2003,73.0619917,0.00382339432962882,0.00492975261251081,5.59295680001134e-08,3.21851612669614,0.193694812254787,2.73900554436896,0.559752287291694,0.762200302418188,0.2,34.9
GBR,United Kingdom,2004,71.8461951,0.0197997908268176,0.00369923946189451,4.29654039127861e-06,2.32601853325993,0.137032225524508,1.74549468873848,0.575171956513235,0.735707508866846,0.2,34.8
GBR,United Kingdom,2005,72.6563122,0.0110054440706098,0.00362380736405146,4.91646277770155e-06,2.7906547174688,0.101098531314747,2.08729988072291,0.720225579643724,0.83595827885591,0.2,35.5
GBR,United Kingdom,2006,77.1692761,0.00973239142423483,0.00377801966850616,1.18806174642761e-05,2.18982132415704,0.1916673407739,1.4414302818718,0.708171759768897,0.913361392253003,0.2,35.9
GBR,United Kingdom,2007,77.781368,0.0121864379548783,0.00427037050124175,4.8107654760847e-05,2.93091133582351,0.157083452753946,2.13253558466515,0.6818533676487,0.855441736513527,0.2,34.4
GBR,United Kingdom,2008,76.9373029,0.0449803959802397,0.00470455457645455,8.43679789814536e-05,-0.0494116727402769,0.290604342207015,-0.832967942760902,0.996222101169364,1.33659576191205,0.2,35.4
GBR,United Kingdom,2009,74.3128328,0.0164405626939319,0.00526046738691649,0.000137437555140938,-4.58740819226323,0.21024175622231,-5.30637777763782,0.61738163928542,0.84946186314372,0.2,35.1
GBR,United Kingdom,2010,76.0365679,0.0301037064256683,0.00624206486170278,0.000162253269509656,2.26054460931586,0.185444706515816,1.46206947680976,0.639286356112083,0.861239087184779,0.2,33.7
GBR,United Kingdom,2011,73.2702147,0.0352096117076459,0.00622091197352425,0.000239143061619146,0.851437739020326,0.21217311952712,0.0663488911998797,0.82160437614263,1.07544716241254,0.2,33.2
GBR,United Kingdom,2012,73.8956575,0.0153165184872093,0.005500912076973,0.000117447789677093,1.52826034721852,0.188795515518294,0.807661642969506,0.656341548365418,0.866071942237571,0.3,33.1
GBR,United Kingdom,2013,73.7518389,0.00648468176894561,0.00619802865253504,3.17743429162238e-05,1.71846961308464,0.168648172977962,1.04127689543228,0.535996112164923,0.717358769907282,0.2,32.7
GBR,United Kingdom,2014,75.180368,0.0052536674065257,0.0060951229020376,0.0,3.16017351468152,0.107032122022792,2.39228723571463,0.450978748469466,0.569359660800821,0.2,33.1
GBR,United Kingdom,2015,75.0691258,0.00352343839736992,0.00515011993091055,0.0,2.14040560033371,0.0887900272749926,1.40597768353071,0.240246459981823,0.337710045585096,0.2,33.3
GBR,United Kingdom,2016,73.5786913,0.00246186507098933,0.00572390585176115,5.89420378084237e-06,2.20652020635357,0.0591498968196775,1.39797854877506,0.205683569636128,0.273025131582337,0.3,33.1
GBR,United Kingdom,2017,73.421614,0.00253441465483765,0.00547055293043898,4.65349158266586e-05,3.02322219840339,0.0834976128885108,2.46409428701189,0.306336104823879,0.397885220213493,0.3,32.6
GBR,United Kingdom,2018,70.7215323,0.00252814305692617,0.00706850377521334,3.82198028919306e-05,1.55133095078786,0.121001218593834,1.0564966711085,0.495559267583983,0.626195352812848,0.3,33.7
GBR,United Kingdom,2019,75.5992994,0.00191572735231576,0.0,3.7593849036357e-05,1.25629899760824,0.0814119494544672,0.738072456841849,0.457125858504922,0.540491129160741,0.3,32.8
GBR,United Kingdom,2020,74.6097896,0.00102332772244258,0.0,2.82721436331049e-05,-10.047896637362,0.0426953236208568,-10.1988501221779,0.240228124941138,0.28397504842807,0.3,32.7
GBR,United Kingdom,2021,73.3482195,0.00102273685261212,0.0,5.75178862952734e-05,8.5431118453255,0.171321922432051,8.15741414430147,0.416142083269318,0.588544260440276,0.3,32.4
USA,United States,2000,83.0521451,0.140193028838508,0.0726288395449172,0.0134401090902058,4.07758575997799,0.579475920941945,2.92586254681619,0.307551276869583,1.11328917528516,0.6,40.1
USA,United States,2001,,0.212622185194759,0.0591206358622681,0.0077512969667038,0.955538337599847,0.466751378646037,-0.0387319343606976,0.16943295765488,0.915678454324647,0.7,40.6
USA,United States,2002,72.3768589,0.151822005426027,0.0566642073733826,0.00516845816122584,1.70044733078285,0.302755619486716,0.761236860380762,0.172817088546724,0.689227378994075,0.6,40.4
USA,United States,2003,70.3982596,0.154155845833328,0.0567833864619006,0.0104020159899936,2.79560596378604,0.612792290539168,1.91588247566436,0.211788525599514,1.0459220644239,0.8,40.8
USA,United States,2004,67.2571446,0.321324626345383,0.060621151298811,0.0190642644705128,3.84777169267127,0.569511287090411,2.89111091294794,0.283170634743015,1.25369196394813,0.8,40.5
USA,United States,2005,69.2995522,0.26507175601934,0.0579062304896655,0.0256053896311341,3.48354993710312,0.797236904730241,2.53411070635448,0.350823193456479,1.49664347432686,0.8,41.3
USA,United States,2006,73.058835,0.275791896326636,0.0591478103504217,0.0637464562948489,2.78453963674239,0.382513454180692,1.79819874479622,0.349464272960025,1.13066389011262,0.8,41.7
USA,United States,2007,73.7444204,0.249875712879914,0.0619743128692316,0.0700163062364638,2.0038583039496,0.339351155793805,1.03834382734772,0.356897499234572,1.07811498701399,0.8,41.1
USA,United States,2008,76.6553916,0.69687957292833,0.0487250288905003,0.110496529638692,0.113587247501258,0.551540732489892,-0.8288881218228,0.521498895801413,1.92914075974883,0.9,41.1
USA,United States,2009,76.8469685,0.328948122158706,0.0364101315056274,0.073856708586716,-2.5765002366652,0.0450657683061133,-3.42683194491448,0.259640404387642,0.743921134944805,0.7,40.9
USA,United States,2010,76.4226565,0.46327180553633,0.0447732489410531,0.166896320336218,2.69519258673525,0.0,1.82992370300914,0.293762700279441,0.968704075093042,0.9,40.2
USA,United States,2011,76.5625941,0.576151367733925,0.0490358372786731,0.238996864592749,1.56440685205419,0.0,0.762796399892366,0.370845235110237,1.23502930471558,0.8,41.2
USA,United States,2012,76.4977694,0.365037619003386,0.042316243132631,0.163414793078767,2.28911339009767,0.0,1.4757059723453,0.205925846170308,0.776694501385092,0.8,41.2
USA,United States,2013,75.7935684,0.279719144616926,0.0451078269810442,0.120356943952869,2.11783009443471,0.0,1.34816252387824,0.305650080049118,0.750833995599957,0.8,40.9
USA,United States,2014,77.3070017,0.226671482497904,0.0438896131077501,0.0880467319514241,2.52381981757846,0.0523192680969993,1.71094544248081,0.292226566231044,0.703153661885122,1.0,41.7
USA,United States,2015,77.2686791,0.154809825395291,0.0357864456731308,0.0362503184615436,2.94555045227337,0.0,2.12741137868935,0.00752518064782254,0.234371770177788,0.9,41.5
USA,United States,2016,71.4957097,0.135996650509346,0.0370310579043586,0.0380022225151832,1.81945147909089,0.0,1.02266589237917,0.0922955001311894,0.303325431060077,0.9,41.3
USA,United States,2017,67.7755797,0.182332985664659,0.0414197446763051,0.0412677424038313,2.45762230126449,0.0,1.75014095196009,0.162525850896316,0.427546323641111,1.0,41.4
USA,United States,2018,70.8565316,0.19836963909789,0.0346274658844671,0.0352448401068123,2.96650506701943,0.00818925823914368,2.3644424974579,0.319247607054063,0.595678810382377,0.8,41.8
USA,United States,2019,66.8276892,0.131587352107841,0.038216107338548,0.0187501063382904,2.58382533052225,0.0,2.05676589969444,0.368544560120872,0.557098125905551,0.8,41.9
USA,United States,2020,63.3866948,0.0836949579138938,0.0367963849738373,0.02138952271423,-2.081375977796,0.0,-2.48059997386319,0.187625106322478,0.329505971924439,0.3,40.0
USA,United States,2021,63.735279,0.165541837941739,0.0377125136209131,0.101999501227916,6.15202247867526,0.363207721748918,5.98515132703822,0.61148265568772,1.27994423022721,0.3,39.7
URY,Uruguay,2000,79.9777782,0.0,0.174816634275126,0.0185114499533399,-1.92993063549235,0.0,-2.29597374962009,0.0,0.193328084228466,0.2,43.4
URY,Uruguay,2001,,0.0,0.208951655079981,0.00792616966800378,-3.84412995940374,0.0,-4.08038978630051,0.0,0.216877824747985,0.2,45.0
URY,Uruguay,2002,79.1987496,0.0,0.43047927753373,0.0241106990979999,-7.73200721540044,0.0,-7.86190240623733,0.0,0.45458997663173,0.2,45.5
URY,Uruguay,2003,77.5343868,0.0,0.587054654345613,0.0453230798895189,0.805283915893824,0.0,0.734039111911073,0.0,0.632377734235131,0.3,45.0
URY,Uruguay,2004,74.6324945,0.0,0.697210967806846,0.103684076538843,5.00416035564457,0.0,4.94141016509036,0.0,0.800895044345689,0.4,45.9
URY,Uruguay,2005,79.9663711,0.0,0.676755173176798,0.127580844762017,7.4601321302473,0.0,7.37434772026329,0.00222946780219908,0.806565485741014,0.3,44.7
URY,Uruguay,2006,83.4324755,0.0,0.953556476559726,0.166644402452767,4.09857735445401,0.0,3.98038082694534,0.00320350693894352,1.12340438595144,0.2,45.9
URY,Uruguay,2007,84.0725658,0.0,1.1461308459977,0.138069163738037,6.54151084504817,0.0,6.35892754413862,0.00422122871200601,1.28842123844774,0.1,46.4
URY,Uruguay,2008,83.9476122,0.0,1.46339601490026,0.100828007838583,7.17614466455107,0.0,6.94817225721984,0.00375759126029811,1.56798161399914,0.1,45.1
URY,Uruguay,2009,83.4605799,0.0,1.22944260683383,0.112282516468352,4.24349419462426,0.0,3.99426146565813,0.0050131491539772,1.34673827245616,0.1,45.5
URY,Uruguay,2010,81.0863655,0.0,1.9101506203386,0.0942144321947679,7.8034096507169,0.0,7.52764617823019,0.0173337959445058,2.02169884847788,0.1,44.5
URY,Uruguay,2011,81.7626978,0.0,1.30077729560365,0.102940114853116,5.16213302463606,0.0,4.90150561357953,0.0333775517732152,1.43709496222999,0.1,42.2
URY,Uruguay,2012,81.0107538,0.0,1.0489233724926,0.0978419100423681,3.53817872056869,0.0,3.27196082931438,0.0328611652405814,1.17962644777555,0.1,39.9
URY,Uruguay,2013,81.6294613,0.0,1.19298618558619,0.0627354464964859,4.63753862902416,0.0,4.32675421961548,0.0356588037151128,1.29138043579779,0.1,40.5
URY,Uruguay,2014,84.7136417,0.0,1.37666437336177,0.0402289034813021,3.23879122952364,0.0,2.9005302021196,0.0418304836494907,1.45872376049256,0.1,40.1
URY,Uruguay,2015,84.4867143,0.0,1.81375927361251,0.0254240088810458,0.370741257681345,0.0,0.0225745559950212,0.0129991340611707,1.85218241655473,0.1,40.1
URY,Uruguay,2016,85.0549201,0.0,1.70738695903975,0.0245594568058779,1.68979822971775,0.0,1.35078037686081,0.00974074357398883,1.74168715941962,0.0,39.7
URY,Uruguay,2017,84.9061855,0.0,1.80298893717932,0.020879571807839,1.74037649141989,0.0,1.46549079282399,0.00551661089286989,1.82938511988003,0.0,39.5
URY,Uruguay,2018,84.906645,0.0,1.95635852476187,0.00791916693397748,0.164777608846705,0.0,-0.0151011268806798,0.0087147505921723,1.97299244228802,0.0,39.7
URY,Uruguay,2019,85.629815,0.0,1.69897788133053,0.0,0.928351027546341,0.0,0.848967983378387,0.00734992334670971,1.70632780467724,0.0,39.7
URY,Uruguay,2020,85.5590869,0.0,2.2894658838165,0.0,-7.35732706897301,0.0,-7.40535234891223,0.00396420911308914,2.29343009292959,0.1,40.2
URY,Uruguay,2021,85.5395951,0.0,1.9058269960478,0.0121922933901486,5.84427325018082,0.0,5.91510210973331,0.00971591519832361,1.92773520463627,0.1,40.8
UZB,Uzbekistan,2000,45.3589343,0.0200116320320681,0.00202798916421563,0.164238515501257,3.83500000014025,7.45483715071037,2.53200282225686,5.40046980305752,13.0415850904654,57.0,35.9
UZB,Uzbekistan,2001,,0.0883260370434612,0.0027116023508441,0.108041838954363,4.16383824998903,19.2375600474741,2.90496458528362,4.19019187872677,23.6268314045495,,
UZB,Uzbekistan,2002,49.2953242,0.0355440621728097,0.00330020625887402,0.246537749525258,3.97348819235708,15.5837533463076,2.70575973852725,4.39304141489731,20.2621767791619,54.3,33.0
UZB,Uzbekistan,2003,43.0082704,0.0252641418064628,0.00355068000133666,0.315271453353902,4.23262738154382,16.3929079886423,2.97071220194489,5.07436940546078,21.8113636692648,56.5,35.2
UZB,Uzbekistan,2004,43.9340692,0.283832729250063,0.00325098331286317,1.02015315898038,7.4490006055965,12.4022223973696,6.13592286636617,5.07540795828882,18.7848672272018,,
UZB,Uzbekistan,2005,34.9838692,0.172720377765279,0.00285331483557995,0.909829761446114,6.95000719569107,8.92774487104872,5.62058695275771,5.37160292421135,15.384751249307,,
UZB,Uzbekistan,2006,38.9402138,0.156904350881374,0.0031991108927118,4.21465331082121,7.45141847621767,16.8322525714706,6.07475146177363,4.34214617853328,25.5491555225991,,
UZB,Uzbekistan,2007,46.6238029,0.210570825809528,0.00306486133576994,4.37341581018419,9.47300530544537,13.8895336856133,7.948870305745,4.11571314211123,22.592298325054,,
UZB,Uzbekistan,2008,48.8974527,0.535634788278614,0.00241564268353832,5.29974600640318,9.02916101784781,19.8143323526962,7.36856523907178,4.39931830334527,30.0514470934068,,
UZB,Uzbekistan,2009,51.15412,0.140016075482997,0.00204170408290201,5.1332000617616,8.05093332733964,11.9048370778636,6.33169102436078,1.45083569447794,18.630930613669,,
UZB,Uzbekistan,2010,54.7882954,0.177982091255547,0.00126063771377259,5.93844484670294,7.5971679610016,7.30039301916179,5.90590026943734,1.36556852378151,14.7836491186156,,
UZB,Uzbekistan,2011,55.4472182,0.191200265017751,0.00147510140962599,7.69198003727705,8.12793681625645,9.11244807652977,6.48597744904724,2.07023379383746,19.0673372740717,,
UZB,Uzbekistan,2012,56.3074681,0.0703808968939064,0.00129459172939756,6.5876963283587,7.35682138899483,8.62348030793224,5.74728187814682,2.00160011940789,17.2844522443221,,
UZB,Uzbekistan,2013,56.2874348,0.0364243643920352,0.00116464821968604,4.51469943597757,7.9217749261021,8.31707283634849,6.2437627382201,1.81098984495042,14.6803511298882,,
UZB,Uzbekistan,2014,61.4448397,0.0303130899002915,0.00104922016665292,3.50704473062017,7.71373911707978,5.41544208670451,5.93557285916549,1.40801898329424,10.3618681106859,,
UZB,Uzbekistan,2015,60.6785983,0.0150647267740631,0.000829688658250525,3.13494692424688,7.94477659311639,3.57728670528244,6.09703163459466,0.526675674638226,7.25480371959986,,
UZB,Uzbekistan,2016,62.3406586,0.0189339569216539,0.000758354018737819,4.22622567643029,6.71108022628,2.11753304648124,4.88544792792544,0.356801760612992,6.72025279446491,,
UZB,Uzbekistan,2017,62.240996,0.0360593632484536,0.00140426778930117,7.22319684202001,4.70027401956061,4.10458310863666,2.94115209964183,0.661950141993753,12.0271937236882,,
UZB,Uzbekistan,2018,62.2739703,0.0527463848698131,0.00175681198749663,9.03878504058788,5.72368380757618,8.4367746464968,3.91344009833303,1.12073426200572,18.6507971459477,,
UZB,Uzbekistan,2019,62.1917975,0.0336816048445821,0.000913189148781614,4.92871809001081,6.79331098484522,5.07447370101394,4.87800830454302,0.819211930906664,10.8569985159248,,
UZB,Uzbekistan,2020,59.7210038,0.0292509982094504,0.000989891755925739,6.59047011084412,1.62162281640448,2.06722663890198,-0.259354857453758,0.395640310697318,9.08357795040879,,
UZB,Uzbekistan,2021,62.1151404,0.0535648008565471,0.000733723417289998,8.50242086897125,8.20448512353877,11.0412650689481,6.1274486675632,0.867176370586835,20.46516083278,1.5,32.9
VUT,Vanuatu,2000,81.3143707,0.0,0.802617573481721,0.0,5.92480905652918,0.0,3.51780181082894,0.0,0.802617573481721,,
VUT,Vanuatu,2001,,0.0,0.75567411241593,0.0,-3.39758248938266,0.0,-5.79960877399317,0.0,0.75567411241593,,
VUT,Vanuatu,2002,81.4404654,0.0,0.798636115210123,0.0,-5.19831875936025,0.0,-7.53710517514462,0.0,0.798636115210123,,
VUT,Vanuatu,2003,76.791151,0.0,0.912412528807683,0.0,4.28833511695457,0.0,1.75159744658461,0.0,0.912412528807683,,
VUT,Vanuatu,2004,72.8360619,0.0,0.675079281587889,0.0,3.98739280216959,0.0,1.47757366141985,0.0,0.675079281587889,,
VUT,Vanuatu,2005,87.4711415,0.0,0.56881892988079,0.0,5.30532647259227,0.0,2.78261536346285,0.0,0.56881892988079,,
VUT,Vanuatu,2006,87.5235923,0.0,0.65556136825846,0.0,8.46069747205426,0.0,5.86726101068511,0.0,0.65556136825846,,
VUT,Vanuatu,2007,85.6766152,0.0,0.783751103579609,0.0,2.87589228775376,0.0,0.387169374214352,0.0,0.783751103579609,,
VUT,Vanuatu,2008,84.4172298,0.0,0.975476260660565,0.0,5.60099182147225,0.0,2.98535481581028,0.0,0.975476260660565,,
VUT,Vanuatu,2009,88.2954107,0.0,0.871792337326022,0.0,3.03730354099639,0.0,0.453966271093734,0.0,0.871792337326022,,
VUT,Vanuatu,2010,88.9219279,0.0,0.832399543964073,0.0,1.25886720329254,0.0,-1.08593808514878,0.0,0.832399543964073,7.1,37.4
VUT,Vanuatu,2011,88.8392342,0.0,0.844354134271983,0.0,3.13980290023437,0.0,0.925978795990702,0.0,0.844354134271983,,
VUT,Vanuatu,2012,90.7574415,0.0,0.801186721952393,0.0,1.01004768692017,0.0,-1.18521413465282,0.0,0.801186721952393,,
VUT,Vanuatu,2013,90.7307686,0.0,0.752150306423104,0.0,0.463390415135436,0.0,-1.74696050530036,0.0,0.752150306423104,,
VUT,Vanuatu,2014,85.9720141,0.0,0.987395102309584,0.0,3.10512947273315,0.0,0.823853206578846,0.0,0.987395102309584,,
VUT,Vanuatu,2015,77.5941194,0.0,0.815485061379561,0.0,3.50101268962098,0.0,1.22135408114572,0.0,0.815485061379561,,
VUT,Vanuatu,2016,77.6245879,0.0,0.816331822730397,0.0,3.61980830670927,0.0,1.3401397722921,0.0,0.816331822730397,,
VUT,Vanuatu,2017,80.4564644,0.0,0.902392843807671,0.0,4.22332192519966,0.0,1.8208195580786,0.0,0.902392843807671,,
VUT,Vanuatu,2018,83.3390972,0.0,0.60798151676621,0.0,2.51532789491979,0.0,0.0888190242215785,0.0,0.60798151676621,,
VUT,Vanuatu,2019,83.4569176,0.0,0.547725243089635,0.0,3.27677257380314,0.0,0.897747718651672,0.0,0.547725243089635,4.9,32.3
VUT,Vanuatu,2020,82.0116417,0.0,0.629507608350041,0.0,-5.72530282073851,0.0,-7.89338931570623,0.0,0.629507608350041,,
VUT,Vanuatu,2021,82.2692168,0.0,0.568069760913224,0.0,-1.16332488626091,0.0,-3.42850167019159,0.0,0.568069760913224,,
VEN,"Venezuela, RB",2000,53.1791677,0.0,0.0458247043127597,0.0791049284520338,3.53535353535352,0.450042899866886,1.59305580865011,20.0011569684281,20.5761295010598,,
VEN,"Venezuela, RB",2001,,0.0116115298305875,0.0442342791107406,0.0847673044326254,3.41463414634147,0.39389596845671,1.53836888018091,14.809781275052,15.3442903568827,6.0,47.2
VEN,"Venezuela, RB",2002,42.9331472,0.0,0.0734661446515084,0.147595355600824,-8.72641509433961,0.485477997520281,-10.3618288031885,18.7480489712018,19.4545884689745,10.0,48.9
VEN,"Venezuela, RB",2003,45.3409354,2.21645152227653e-06,0.073218956012408,0.262179151792683,-7.75193798449614,0.382225897512285,-9.38020816853484,21.1779581221907,21.8955843439596,12.1,47.9
VEN,"Venezuela, RB",2004,44.1463679,0.150228232770227,0.0580316824717029,0.250350753545494,18.2072829131653,0.282061313688956,16.1962299342019,23.0890395880635,23.8297115705399,10.3,47.3
VEN,"Venezuela, RB",2005,45.7712841,0.0742191320000952,0.0448247387086835,0.689719723755767,10.1895734597156,0.360365920832308,8.35910334412473,28.0538745861065,29.2230041014033,9.8,49.3
VEN,"Venezuela, RB",2006,44.3223528,0.0643409416368239,0.0495914627937055,0.729497875448801,9.89247311827957,0.415380969310995,8.12092547262088,26.8186567625884,28.0774680117788,4.6,44.7
VEN,"Venezuela, RB",2007,45.0550612,0.0841410870915604,0.0485729798066425,0.962687910432328,8.80626223091976,0.404644901272761,7.1350657905012,21.6186473049421,23.1186941835454,,
VEN,"Venezuela, RB",2008,43.9158995,0.136321487377968,0.0413903359693618,0.771169403064098,5.21582733812949,0.299641057955094,3.69937007292253,22.6737847784336,23.9223070628002,,
VEN,"Venezuela, RB",2009,44.2366868,0.0218573214827694,0.0378270145835117,0.222148531467271,-3.07692307692308,0.301357412680844,-4.38771914603977,9.95847654408777,10.5416668243022,,
VEN,"Venezuela, RB",2010,42.642444,0.034877436264678,0.0553207196000184,0.404512915599153,-1.5873015873016,0.193269710628376,-2.86746142164827,11.6928975467648,12.380878328857,,
VEN,"Venezuela, RB",2011,44.3712505,0.0469187916135786,0.0607034325019574,0.680305862417914,4.12186379928315,0.542388149685457,2.79431165197599,23.1450195251423,24.4753357613612,,
VEN,"Venezuela, RB",2012,45.0855723,0.0140786873288863,0.0467906390565039,0.27995466938778,5.67986230636832,0.501629536802643,4.36175625931372,17.9387823718967,18.7812359044725,,
VEN,"Venezuela, RB",2013,43.2777616,0.00890290964295714,0.0614982833693974,0.235548638653949,1.30293159609121,0.542256254471641,0.0892416425159297,16.7771388276982,17.6253449138361,,
VEN,"Venezuela, RB",2014,45.8380356,0.00682557967355252,0.0544766741373998,0.105295257610407,-3.85852090032154,0.377759593557882,-4.94495109758775,11.3021511747501,11.8465082797294,,
VEN,"Venezuela, RB",2015,45.5199779,,,,-6.18729096989966,,-7.16884576852922,,,,
VEN,"Venezuela, RB",2016,45.140172,,,,-17.1122994652406,,-17.6288988102954,,,,
VEN,"Venezuela, RB",2017,42.3206813,,,,-15.6989247311828,,-15.1462172534753,,,,
VEN,"Venezuela, RB",2018,40.8698504,,,,-19.6428571428571,,-17.6001192318482,,,,
VEN,"Venezuela, RB",2019,40.0660535,,,,-27.6190476190476,,-25.4442397305152,,,,
VEN,"Venezuela, RB",2020,41.5410343,,,,-29.8245614035088,,-28.6057438496512,,,,
VEN,"Venezuela, RB",2021,43.8675295,,,,0.625000000000014,,1.3599718379524,,,,
VNM,Viet Nam,2000,70.8902711,0.0337048058208645,1.6423184047466,0.0281474119945084,6.78731640463151,0.308186745265021,5.58792950410756,7.67987081900615,9.69222818683314,,
VNM,Viet Nam,2001,,0.271701692376881,1.53842640416188,0.0300841737970368,6.19289331233377,0.334655161102383,5.08240100546193,5.80548900026015,7.98035643169834,,
VNM,Viet Nam,2002,72.4764976,0.0744439200669618,1.70669122841982,0.0316975958313845,6.32082099160833,0.325384146459247,5.23717692306222,5.28727447254799,7.4254913633254,12.2,37.0
VNM,Viet Nam,2003,68.2057712,0.0647111498589004,1.91290743964701,0.0322716334595364,6.89906349055258,0.359617720346491,5.83556100746738,5.58537873703382,7.95488668034576,,
VNM,Viet Nam,2004,65.7869415,1.42759635783827,1.53102836460499,0.0495840962607542,7.53641060890386,0.632871823685399,6.49878740751187,8.1232104070861,11.7642910494755,8.4,36.8
VNM,Viet Nam,2005,71.7687283,0.929452444435873,1.27130277630238,0.111152512092499,7.54724772895918,0.777553231191598,6.55339711441117,9.04473557257388,12.1341965365962,,
VNM,Viet Nam,2006,71.0215706,0.994197918869987,1.50786461295623,0.299104610914458,6.97795481056711,0.651803798316593,5.57239749946528,8.77756808235261,12.2305390234099,6.1,35.8
VNM,Viet Nam,2007,68.5091388,1.55869464403608,2.2278624620532,0.445829496551402,7.12950448605439,0.542522638408329,5.25231213341748,6.63827611423842,11.4131853552874,,
VNM,Viet Nam,2008,66.7278934,2.87873849995229,2.45497224266318,0.846977530868212,5.66177120891362,0.495591047514565,3.74838603993047,7.24340907549005,13.9196883964883,4.4,35.6
VNM,Viet Nam,2009,69.1776801,0.932561452102061,1.98132980935659,0.547749371787389,5.39789754014181,0.476843399378323,3.83237459567542,3.46240247909829,7.40088651172265,,
VNM,Viet Nam,2010,67.9419288,1.357809559795,1.83564330366126,0.452415653552499,6.42324482239482,0.442109704259686,5.21227683604808,3.39330269400776,7.4812809152762,1.1,39.3
VNM,Viet Nam,2011,68.0387149,1.71707413642907,1.82592840997672,0.566180943893496,6.41316889681683,0.377816460476658,5.1944977799937,4.58244433557524,9.06944428635118,,
VNM,Viet Nam,2012,67.6975988,0.803270856098302,1.70004277172662,0.332549597455944,5.5045447041189,0.352929785663553,4.27630507146044,4.10988392212901,7.29867693307343,0.7,35.6
VNM,Viet Nam,2013,67.865967,0.518047231448515,1.58012929636161,0.315103546182036,5.55351081026072,0.329556289592129,4.31498880369921,3.17047517147024,5.91331153505454,,
VNM,Viet Nam,2014,65.677556,0.383982190620381,1.81737511911996,0.189849847946125,6.42224312118567,0.418562328391343,5.13784099364456,2.85117967459122,5.66094916066902,0.7,34.8
VNM,Viet Nam,2015,67.0589929,0.200612570512455,1.37935666204485,0.116505184144997,6.98715430598611,0.466993735594374,5.66896478541561,1.21986218030571,3.38333033260239,,
VNM,Viet Nam,2016,69.0117358,0.1985839592106,1.21931943193327,0.121608749123366,6.69000892660424,0.316021208374894,5.35427097241221,0.828042589429339,2.68357593807147,0.5,35.3
VNM,Viet Nam,2017,68.4569391,0.239326243334299,1.4993699534365,0.194206258331206,6.94019037359206,0.279611337213359,5.61787865063133,1.00099064325611,3.21350443557147,,
VNM,Viet Nam,2018,64.9675576,0.284155949812884,1.38164260046733,0.0904699342057104,7.46500685572751,0.383369129367597,6.28095828201967,1.12046207095372,3.26009968480725,0.5,35.7
VNM,Viet Nam,2019,67.4603405,0.213109891442586,1.18372940985562,0.0193784133567084,7.35926270105006,0.35996993743116,6.32464886581907,0.724494952926738,2.50068260501281,,
VNM,Viet Nam,2020,68.1190087,0.164958115590481,1.13182111178626,0.0234989381016957,2.86541320912272,0.247961395343541,1.91581434772165,0.242642397619719,1.8108819584417,0.3,36.8
VNM,Viet Nam,2021,68.1933102,0.376818816953012,1.07137512098653,0.102200574210061,2.55372852648131,0.32730836109362,1.66651604176819,0.669314214664457,2.54701708790768,,
VIR,Virgin Islands (U.S.),2000,,,,,,,,,,,
VIR,Virgin Islands (U.S.),2001,,,,,,,,,,,
VIR,Virgin Islands (U.S.),2002,,0.0,0.0,0.0,,0.0,,0.0,0.0,,
VIR,Virgin Islands (U.S.),2003,,5.53610623916158e-05,0.0,0.0,-0.396080883885759,0.0,-0.392409019211641,0.0,5.53610623916158e-05,,
VIR,Virgin Islands (U.S.),2004,74.3912511,4.55087436911593,0.0,0.0,3.28589367936377,0.0,3.32303112200472,0.0,4.55087436911593,,
VIR,Virgin Islands (U.S.),2005,73.7560205,2.303477558914,0.0,0.0,3.4853090172239,0.0,3.49771355206596,0.0,2.303477558914,,
VIR,Virgin Islands (U.S.),2006,76.8857164,2.4815703726033,0.0,0.0,3.50499314666143,0.0,3.58522291185554,0.0,2.4815703726033,,
VIR,Virgin Islands (U.S.),2007,76.9696742,3.8258764076629,0.0,0.0,4.01059402194477,0.0,4.04131611143129,0.0,3.8258764076629,,
VIR,Virgin Islands (U.S.),2008,76.959333,9.54949861751269,0.0,0.0,1.21862495452891,0.0,1.16259833481369,0.0,9.54949861751269,,
VIR,Virgin Islands (U.S.),2009,77.0810907,1.83139190991551,0.0,0.0,-6.59478885893981,0.0,-6.60082033820244,0.0,1.83139190991551,,
VIR,Virgin Islands (U.S.),2010,76.9623206,3.45978934522894,0.0,0.0,0.596383224317051,0.0,0.640017045957947,0.0,3.45978934522894,,
VIR,Virgin Islands (U.S.),2011,79.9331645,4.1047335352688,0.0,0.0,-8.20424555364315,0.0,-8.14745069217943,0.0,4.1047335352688,,
VIR,Virgin Islands (U.S.),2012,79.9217625,1.96183734012522,0.0,0.0,-14.8125,0.0,-14.7321849465745,0.0,1.96183734012522,,
VIR,Virgin Islands (U.S.),2013,79.8869229,1.34622849772001,0.0,0.0,-6.28515529469308,0.0,-6.15764738406951,0.0,1.34622849772001,,
VIR,Virgin Islands (U.S.),2014,86.8491697,0.85274473054265,0.0,0.0,-1.77453027139875,0.0,-1.62976237975002,0.0,0.85274473054265,,
VIR,Virgin Islands (U.S.),2015,86.8224472,0.448439817567942,0.0,0.0,-0.425079702444208,0.0,-0.26792231561096,0.0,0.448439817567942,,
VIR,Virgin Islands (U.S.),2016,79.7676814,0.440640386181765,0.0,0.0,1.6008537886873,0.0,1.78607056891147,0.0,0.440640386181765,,
VIR,Virgin Islands (U.S.),2017,79.7758327,0.458057890874122,0.0,0.0,-0.735294117647058,0.0,-0.517853882355141,0.0,0.458057890874122,,
VIR,Virgin Islands (U.S.),2018,79.8331773,0.372382849153501,0.0,0.0,1.87830687830687,0.0,2.14490182532539,0.0,0.372382849153501,,
VIR,Virgin Islands (U.S.),2019,82.5871481,0.247081553705368,0.0,0.0,2.90833549727343,0.0,3.22863068505148,0.0,0.247081553705368,,
VIR,Virgin Islands (U.S.),2020,82.5776934,0.205447216042101,0.0,0.0,-1.61493817814787,0.0,-1.26412494613658,0.0,0.205447216042101,,
VIR,Virgin Islands (U.S.),2021,75.5523711,,,,3.66760707873814,,4.07886990081306,,,,
PSE,West Bank and Gaza,2000,33.5946414,0.0,0.0,0.0,-8.5555726838292,,-10.8625929085069,0.0,0.0,,
PSE,West Bank and Gaza,2001,,0.0,0.0,0.0,-9.31108114182962,,-11.5990690763047,0.0,0.0,,
PSE,West Bank and Gaza,2002,33.6200913,0.0,0.0,0.0,-12.4883821798129,,-14.696224583011,0.0,0.0,,
PSE,West Bank and Gaza,2003,41.8459904,0.0,0.0,0.0,14.0156476793996,,11.1391726672237,0.0,0.0,,
PSE,West Bank and Gaza,2004,45.0975448,0.0,0.0,0.0,21.9244861205987,,18.8484471333478,0.0,0.0,0.4,34.0
PSE,West Bank and Gaza,2005,40.7753721,0.0,0.0,0.0,11.2906511829271,,8.4829084168252,0.0,0.0,0.2,34.7
PSE,West Bank and Gaza,2006,37.5699278,0.0,0.0,0.0,-0.996556103477076,,-3.49430234961132,0.0,0.0,0.1,34.0
PSE,West Bank and Gaza,2007,36.4137341,0.0,0.0,0.0,3.78828152085981,,1.16982596233521,0.0,0.0,0.6,35.6
PSE,West Bank and Gaza,2008,34.4694738,0.0,0.0,0.0,7.42918225547835,,4.51371143942183,0.0,0.0,,
PSE,West Bank and Gaza,2009,35.8388613,0.0,0.0,0.0,8.59349087893864,,5.73457681316152,0.0,0.0,0.1,34.5
PSE,West Bank and Gaza,2010,35.6698731,0.0,0.0,0.0,5.77736205629419,,3.06565425625401,0.0,0.0,0.1,35.3
PSE,West Bank and Gaza,2011,33.8011016,0.0,0.0,0.0,9.60080848913594,,6.86783487502541,0.0,0.0,0.1,34.4
PSE,West Bank and Gaza,2012,32.6262872,0.0,0.0,0.0,6.09645656326154,,3.51036746369036,0.0,0.0,,
PSE,West Bank and Gaza,2013,35.1376941,0.0,0.0,0.0,4.69856986552234,,2.21485047926886,0.0,0.0,,
PSE,West Bank and Gaza,2014,37.3111193,0.0,0.0,0.0,-0.157866650855297,,-2.47102630481804,0.0,0.0,,
PSE,West Bank and Gaza,2015,36.3253334,0.0,0.0,0.0,3.72129967114788,,1.37258508832343,0.0,0.0,,
PSE,West Bank and Gaza,2016,36.9644995,0.0,0.0,0.0,8.86461881995935,,6.44666146094556,0.0,0.0,0.3,33.7
PSE,West Bank and Gaza,2017,42.5224235,0.0,0.0,0.0,1.41936756294787,,-0.577622802403482,0.0,0.0,,
PSE,West Bank and Gaza,2018,40.8712255,0.0,0.0,0.0,1.22707737782703,,-1.30481419195327,0.0,0.0,,
PSE,West Bank and Gaza,2019,39.877049,0.0,0.0,0.0,1.36268746558062,,-1.15161366535136,0.0,0.0,,
PSE,West Bank and Gaza,2020,36.1690504,0.0,0.0,0.0,-11.3184661065134,,-13.4963869730477,0.0,0.0,,
PSE,West Bank and Gaza,2021,37.9947694,0.0,0.0,0.0,7.01198227592003,,4.41469534491321,0.0,0.0,,
YEM,"Yemen, Rep.",2000,37.608112,0.0,0.0224562694474876,0.0,6.1819155928913,0.173347842113806,2.96401092010485,41.2105414506176,41.4063455621789,,
YEM,"Yemen, Rep.",2001,,0.0,0.025311409529105,0.0,3.80364587188127,0.187195088402522,0.714060018641518,33.0145750680271,33.2270815659587,,
YEM,"Yemen, Rep.",2002,36.737977,0.0,0.026813973588815,0.0,3.9352315052778,0.119427739621182,0.89755669377989,30.9035311720644,31.0497728852744,,
YEM,"Yemen, Rep.",2003,37.6270777,0.0,0.0358020385267819,0.0,3.74739818489111,0.0830008009874186,0.743278418900516,32.0731170610088,32.1919199005229,,
YEM,"Yemen, Rep.",2004,38.0237091,0.0,0.0305074541124151,0.0,3.972696401183,0.0586059833261406,0.966767059770078,34.0644750012843,34.1535884387229,,
YEM,"Yemen, Rep.",2005,39.5948525,0.0,0.0257915511719378,0.0,5.59174807563268,0.0467874589438686,2.37203185301995,41.093106599265,41.1656856093808,5.2,34.7
YEM,"Yemen, Rep.",2006,42.7529807,0.0,0.0286029974299173,0.0,3.17040935922364,0.0329439969514385,-0.129375630986743,40.4372276843013,40.4987746786826,,
YEM,"Yemen, Rep.",2007,38.4340689,0.0,0.0240120393605599,0.0,3.33842795605096,0.0191707105432845,0.045109908702031,32.9618903118727,33.0050730617766,,
YEM,"Yemen, Rep.",2008,30.0163809,0.0,0.0350230334389226,0.0,3.64756947012633,0.00755931381034597,0.370978630255152,33.8268519294838,33.8694342767331,,
YEM,"Yemen, Rep.",2009,30.2369197,0.0,0.0377157314988457,0.0,3.86622951587742,0.34401913744873,0.598210143519466,20.6195697250514,21.001304593999,,
YEM,"Yemen, Rep.",2010,24.6593314,0.0,0.0379009692944935,0.0,7.70128607527964,1.33046245575943,4.3735077841587,22.1800547456639,23.5484181707179,,
YEM,"Yemen, Rep.",2011,23.6772829,0.0,0.0424398593093112,0.0,-12.7148969035133,2.49897249768798,-15.3366875285688,23.3981676874913,25.9395800444886,,
YEM,"Yemen, Rep.",2012,25.4493383,0.0,0.0464882013369516,0.0,2.39299021364694,1.77261923895263,-0.670663085005188,17.0272517537375,18.8463591940271,,
YEM,"Yemen, Rep.",2013,24.5603247,0.0,0.0348667189839186,0.0,4.82351908493912,2.44022059158672,1.67911232409898,11.1124026574675,13.5874899680381,,
YEM,"Yemen, Rep.",2014,22.8064612,0.0,0.0539400376846284,0.0,-0.188690241954504,1.91026799289135,-3.20471705643189,9.0008580090252,10.9650660396012,9.3,36.7
YEM,"Yemen, Rep.",2015,22.7608567,0.0,0.0514656733274647,0.0,-27.9945462502541,0.316743824319049,-30.1507550992904,1.69761197489757,2.06582147254408,,
YEM,"Yemen, Rep.",2016,20.7903643,0.0,0.0557971984304559,0.0,-9.37512379736752,0.000212589998147195,-12.0553743505045,0.710184776557765,0.766194564986369,,
YEM,"Yemen, Rep.",2017,19.253039,0.0,0.0835811478307635,0.0,-5.07179568062152,,-7.88861205244282,1.91730246407045,2.00088361190121,,
YEM,"Yemen, Rep.",2018,19.3591175,0.0,0.055112387041673,0.0,0.752447592962554,,-2.186490192267,4.82356153067882,4.87867391772049,,
YEM,"Yemen, Rep.",2019,21.1880718,,,,,,,,,,
YEM,"Yemen, Rep.",2020,20.5195304,,,,,,,,,,
YEM,"Yemen, Rep.",2021,20.3262982,,,,,,,,,,
ZMB,Zambia,2000,66.3845823,0.0485167841095833,8.45245730072474,0.620250874620162,3.89732294341896,0.0,1.01793976595019,0.0,9.12122495945449,,
ZMB,Zambia,2001,,0.0780233257446906,6.83402107546984,0.00592324713346475,5.31686827418419,0.0,2.17981803196589,0.0,6.91796764834799,,
ZMB,Zambia,2002,59.564193,0.0522863702250223,8.52083217363667,0.0086656835468358,4.50601428032604,0.0,1.3381949009155,0.0,8.58178422740853,29.1,42.1
ZMB,Zambia,2003,63.9244184,0.0534393284778969,12.5816162241119,0.00376024840571146,6.94497398221223,0.0,3.67685887625342,0.0,12.6388158009955,,
ZMB,Zambia,2004,63.2091674,0.0681266115624081,9.25534912496679,4.45216198463444,7.03239511515218,0.0,3.68494886266848,0.0,13.7756377211636,37.2,54.3
ZMB,Zambia,2005,65.1633486,0.0509403192640637,7.34820918660193,6.70355262144712,7.23559900655543,0.0,3.75264386154687,0.0,14.1027021273131,,
ZMB,Zambia,2006,70.397865,0.0154837278408601,5.07183770615575,14.114181525681,7.90369444480079,0.0,4.24983217682681,0.0,19.2015029596777,40.2,54.6
ZMB,Zambia,2007,70.7487603,0.0043651010415675,6.78906548415133,14.9940005747353,8.35243624447406,0.0,4.59671527144219,0.0,21.7874311599282,,
ZMB,Zambia,2008,70.1297949,0.000527261809037224,6.46417474762949,9.58783644589246,7.77389581542363,0.0,3.99773185138027,0.0,16.052538455331,,
ZMB,Zambia,2009,72.4437129,0.000206887621654018,7.83439591145351,8.96226154084205,9.2203484058663,0.0,5.42272309461708,0.0,16.7968643399172,,
ZMB,Zambia,2010,72.283906,0.000284656620519031,5.33151906689507,13.332916385834,10.2982233241213,0.0,6.54512358380669,0.0,18.6647201093496,38.4,52.0
ZMB,Zambia,2011,72.6105933,0.000315343316168428,5.33698010259678,12.0864380495102,5.56925219263019,0.0,2.11650829571791,0.0,17.4237334954232,,
ZMB,Zambia,2012,73.698915,0.0238959126594908,5.7647488916204,7.78670394690198,7.59738104901994,0.0,4.16438800509357,0.0,13.5753487511819,,
ZMB,Zambia,2013,71.2322807,0.0215837920499144,5.41837881864779,6.58363211831429,5.05753695047252,0.0,1.74618059430358,0.0,12.023594729012,,
ZMB,Zambia,2014,64.9027312,0.0173226067647872,6.18392216726339,4.6410142846678,4.69328316376705,0.0,1.42432240940171,0.0,10.842259058696,,
ZMB,Zambia,2015,67.2997785,0.0161176960545101,8.2115386260719,2.93259706646679,2.92037511217961,0.0,-0.241301067013211,0.0,11.1602533885932,38.0,55.8
ZMB,Zambia,2016,62.3541274,0.0367635481547346,8.73892844173346,2.90152055038361,3.75510031678988,0.0,0.593979723633794,0.0,11.6772125402718,,
ZMB,Zambia,2017,62.2884333,0.0966563371679943,7.44178845010967,5.68799518266873,3.52586277149926,0.0,0.398377780872721,0.0,13.2264399699464,,
ZMB,Zambia,2018,60.9123088,0.164818813977928,5.24264282636525,6.34088466305535,4.03449389667165,0.0,0.9537337347912,0.0,11.7483463033985,,
ZMB,Zambia,2019,59.590169,0.11555289649655,5.61569934069258,2.18381315797062,1.44130602603785,0.0,-1.51894951073589,0.0,7.91506539515975,,
ZMB,Zambia,2020,59.6094593,0.138990289033945,7.85476846748169,8.22847200529854,-2.78505506545167,0.0,-5.56773502453288,0.0,16.2222307618142,,
ZMB,Zambia,2021,63.1907654,0.231179863199288,6.78387314173671,28.2490949914965,6.23492204726448,0.0,3.28575461102756,0.0,35.2641479964325,,
ZWE,Zimbabwe,2000,42.8101118,0.716746800797967,2.38311453334728,0.801847432306675,-3.05911780575599,0.0,-3.94437178277245,0.0,3.90170876645193,,
ZWE,Zimbabwe,2001,,1.14537893766194,2.31778986593129,0.564822989541948,1.43951727721958,0.0,0.762971447403842,0.0,4.02799179313518,,
ZWE,Zimbabwe,2002,38.4301469,0.8511031997111,3.00078495348224,1.32030561761863,-8.89401285792752,0.0,-9.76644857590099,0.0,5.17219377081197,,
ZWE,Zimbabwe,2003,41.0286769,0.837018975050425,4.93012109723983,1.21503564974506,-16.9950733355763,0.0,-17.9767611752894,0.0,6.98217572203532,,
ZWE,Zimbabwe,2004,39.5372345,2.00400191735889,4.36866739859968,2.06464063081244,-5.80753964196205,0.0,-6.82498063511001,0.0,8.43730994677101,,
ZWE,Zimbabwe,2005,39.3842278,2.2260713097986,4.38648231738954,1.94565384017996,-5.71112541241364,0.0,-6.59888906294871,0.0,8.5582074673681,,
ZWE,Zimbabwe,2006,43.6709903,2.4998893819836,4.53126511024848,4.45014973945099,-3.46140290336963,0.0,-4.63037569259529,0.0,11.4813042316831,,
ZWE,Zimbabwe,2007,41.6813768,2.9895097334864,7.04045161342553,5.52927711545011,-3.653250914872,0.0,-4.91448916093475,0.0,15.559238462362,,
ZWE,Zimbabwe,2008,37.9208215,6.30027905069109,9.59500979453574,2.40577467248271,-17.6689987958491,0.0,-18.6543102007687,0.0219835646063037,18.3230470823159,,
ZWE,Zimbabwe,2009,39.1894685,1.20077086927504,4.64186122836121,0.912792592657188,13.2720546167979,0.0,11.6893318173098,0.00718429697951017,6.76260898727295,,
ZWE,Zimbabwe,2010,40.9439931,1.6275437742608,3.18636130903513,2.28456555833204,19.6754077019323,0.0,17.7601242170416,0.0,7.09847064162797,,
ZWE,Zimbabwe,2011,44.5055495,1.75608208990706,3.09747788324374,3.02582901599048,14.1939156801139,0.0,12.187491621401,0.0,7.87938898914128,11.3,43.2
ZWE,Zimbabwe,2012,44.1004696,1.00943239450643,2.97898642175496,1.96165547732282,16.6654290410337,0.0,14.7871576858869,0.0176585171987541,5.96773281078297,,
ZWE,Zimbabwe,2013,48.7268485,0.732306145530549,2.79418450108454,1.51174178336788,1.98948554025198,0.0,0.563614570952865,0.00460692110876805,5.04283935109174,,
ZWE,Zimbabwe,2014,49.213324,0.977101406302418,3.09694353156064,1.4848813746744,2.37698561663417,0.0,0.982274048982148,0.0623369671683315,5.62126327970579,,
ZWE,Zimbabwe,2015,51.2636814,0.517085951746671,3.26192793864867,0.80456323878968,1.77985356392176,0.0,0.425141539219794,0.0226080767805337,4.60618520596556,,
ZWE,Zimbabwe,2016,50.3296305,0.231272872651529,3.337508827235,0.903845635535043,0.75579405855224,0.0,-0.633234613329265,0.0227863385971937,4.49541367401877,,
ZWE,Zimbabwe,2017,51.6333512,0.605956461595311,3.72964205295604,1.71234881128599,4.73441117758482,0.0,3.23409642689352,0.0475010544657409,6.09544838030308,14.8,44.3
ZWE,Zimbabwe,2018,51.8107504,0.41609304542906,1.27789733618839,1.64633911808631,5.00992154297603,0.0,3.45954562738599,0.0378599470385953,3.37818944674235,,
ZWE,Zimbabwe,2019,49.076157,0.257755009227255,1.99605200101332,2.41107592851979,-6.33244976028571,0.0,-7.78558358121073,0.050882518898508,4.71576545765887,19.0,50.3
ZWE,Zimbabwe,2020,48.0276952,0.207429240150821,2.26441270916095,2.24569684891292,-7.81695060188729,0.0,-9.33397144870511,0.0291292966776496,4.74666809490234,,
ZWE,Zimbabwe,2021,48.4981549,0.290130858618712,1.81989235157518,4.24065959200093,8.46801676808001,0.0,6.61191108683749,0.0477688089316108,6.39845161112644,,
